ISO-10303-21;
HEADER;
FILE_DESCRIPTION(('FreeCAD Model'),'2;1');
FILE_NAME('Open CASCADE Shape Model','2026-10-07T19:37:28',('FreeCAD'),(
    'FreeCAD'),'Open CASCADE STEP processor 7.8','FreeCAD','Unknown');
FILE_SCHEMA(('AUTOMOTIVE_DESIGN { 1 0 10303 214 1 1 1 1 }'));
ENDSEC;
DATA;
#1 = APPLICATION_PROTOCOL_DEFINITION('international standard',
  'automotive_design',2000,#2);
#2 = APPLICATION_CONTEXT(
  'core data for automotive mechanical design processes');
#3 = SHAPE_DEFINITION_REPRESENTATION(#4,#10);
#4 = PRODUCT_DEFINITION_SHAPE('','',#5);
#5 = PRODUCT_DEFINITION('design','',#6,#9);
#6 = PRODUCT_DEFINITION_FORMATION('','',#7);
#7 = PRODUCT('Open CASCADE STEP translator 7.8 1',
  'Open CASCADE STEP translator 7.8 1','',(#8));
#8 = PRODUCT_CONTEXT('',#2,'mechanical');
#9 = PRODUCT_DEFINITION_CONTEXT('part definition',#2,'design');
#10 = SHAPE_REPRESENTATION('',(#11,#15,#1575,#2745,#3915,#4377,#4839,
    #5301,#5763,#8437,#8675,#9253,#9655,#9752,#10045,#10719,#10952,
    #11246),#11396);
#11 = AXIS2_PLACEMENT_3D('',#12,#13,#14);
#12 = CARTESIAN_POINT('',(0.,0.,0.));
#13 = DIRECTION('',(0.,0.,1.));
#14 = DIRECTION('',(1.,0.,-0.));
#15 = MANIFOLD_SOLID_BREP('',#16);
#16 = CLOSED_SHELL('',(#17,#121,#152,#176,#299,#323,#391,#415,#538,#562,
    #586,#610,#678,#695,#715,#740,#765,#790,#815,#840,#865,#890,#915,
    #940,#965,#990,#1015,#1040,#1065,#1090,#1115,#1140,#1165,#1190,#1215
    ,#1240,#1265,#1290,#1315,#1340,#1365,#1374,#1383,#1392,#1401,#1410,
    #1419,#1428,#1437,#1446,#1458,#1470,#1482,#1494,#1503,#1512,#1521,
    #1530,#1539,#1548,#1557,#1566));
#17 = ADVANCED_FACE('',(#18),#116,.F.);
#18 = FACE_BOUND('',#19,.F.);
#19 = EDGE_LOOP('',(#20,#30,#38,#46,#54,#62,#70,#78,#86,#94,#102,#110));
#20 = ORIENTED_EDGE('',*,*,#21,.F.);
#21 = EDGE_CURVE('',#22,#24,#26,.T.);
#22 = VERTEX_POINT('',#23);
#23 = CARTESIAN_POINT('',(0.,-40.,28.));
#24 = VERTEX_POINT('',#25);
#25 = CARTESIAN_POINT('',(0.,-34.,28.));
#26 = LINE('',#27,#28);
#27 = CARTESIAN_POINT('',(0.,-40.,28.));
#28 = VECTOR('',#29,1.);
#29 = DIRECTION('',(0.,1.,0.));
#30 = ORIENTED_EDGE('',*,*,#31,.F.);
#31 = EDGE_CURVE('',#32,#22,#34,.T.);
#32 = VERTEX_POINT('',#33);
#33 = CARTESIAN_POINT('',(0.,-40.,0.));
#34 = LINE('',#35,#36);
#35 = CARTESIAN_POINT('',(0.,-40.,0.));
#36 = VECTOR('',#37,1.);
#37 = DIRECTION('',(0.,0.,1.));
#38 = ORIENTED_EDGE('',*,*,#39,.T.);
#39 = EDGE_CURVE('',#32,#40,#42,.T.);
#40 = VERTEX_POINT('',#41);
#41 = CARTESIAN_POINT('',(0.,40.,0.));
#42 = LINE('',#43,#44);
#43 = CARTESIAN_POINT('',(0.,-40.,0.));
#44 = VECTOR('',#45,1.);
#45 = DIRECTION('',(0.,1.,0.));
#46 = ORIENTED_EDGE('',*,*,#47,.T.);
#47 = EDGE_CURVE('',#40,#48,#50,.T.);
#48 = VERTEX_POINT('',#49);
#49 = CARTESIAN_POINT('',(0.,40.,28.));
#50 = LINE('',#51,#52);
#51 = CARTESIAN_POINT('',(0.,40.,0.));
#52 = VECTOR('',#53,1.);
#53 = DIRECTION('',(0.,0.,1.));
#54 = ORIENTED_EDGE('',*,*,#55,.F.);
#55 = EDGE_CURVE('',#56,#48,#58,.T.);
#56 = VERTEX_POINT('',#57);
#57 = CARTESIAN_POINT('',(0.,34.,28.));
#58 = LINE('',#59,#60);
#59 = CARTESIAN_POINT('',(0.,-40.,28.));
#60 = VECTOR('',#61,1.);
#61 = DIRECTION('',(0.,1.,0.));
#62 = ORIENTED_EDGE('',*,*,#63,.F.);
#63 = EDGE_CURVE('',#64,#56,#66,.T.);
#64 = VERTEX_POINT('',#65);
#65 = CARTESIAN_POINT('',(0.,34.,26.5));
#66 = LINE('',#67,#68);
#67 = CARTESIAN_POINT('',(0.,34.,26.5));
#68 = VECTOR('',#69,1.);
#69 = DIRECTION('',(0.,0.,1.));
#70 = ORIENTED_EDGE('',*,*,#71,.F.);
#71 = EDGE_CURVE('',#72,#64,#74,.T.);
#72 = VERTEX_POINT('',#73);
#73 = CARTESIAN_POINT('',(0.,19.,26.5));
#74 = LINE('',#75,#76);
#75 = CARTESIAN_POINT('',(0.,19.,26.5));
#76 = VECTOR('',#77,1.);
#77 = DIRECTION('',(0.,1.,0.));
#78 = ORIENTED_EDGE('',*,*,#79,.F.);
#79 = EDGE_CURVE('',#80,#72,#82,.T.);
#80 = VERTEX_POINT('',#81);
#81 = CARTESIAN_POINT('',(0.,19.,10.));
#82 = LINE('',#83,#84);
#83 = CARTESIAN_POINT('',(0.,19.,10.));
#84 = VECTOR('',#85,1.);
#85 = DIRECTION('',(0.,0.,1.));
#86 = ORIENTED_EDGE('',*,*,#87,.F.);
#87 = EDGE_CURVE('',#88,#80,#90,.T.);
#88 = VERTEX_POINT('',#89);
#89 = CARTESIAN_POINT('',(0.,-19.,10.));
#90 = LINE('',#91,#92);
#91 = CARTESIAN_POINT('',(0.,-19.,10.));
#92 = VECTOR('',#93,1.);
#93 = DIRECTION('',(0.,1.,0.));
#94 = ORIENTED_EDGE('',*,*,#95,.T.);
#95 = EDGE_CURVE('',#88,#96,#98,.T.);
#96 = VERTEX_POINT('',#97);
#97 = CARTESIAN_POINT('',(0.,-19.,26.5));
#98 = LINE('',#99,#100);
#99 = CARTESIAN_POINT('',(0.,-19.,10.));
#100 = VECTOR('',#101,1.);
#101 = DIRECTION('',(0.,0.,1.));
#102 = ORIENTED_EDGE('',*,*,#103,.F.);
#103 = EDGE_CURVE('',#104,#96,#106,.T.);
#104 = VERTEX_POINT('',#105);
#105 = CARTESIAN_POINT('',(0.,-34.,26.5));
#106 = LINE('',#107,#108);
#107 = CARTESIAN_POINT('',(0.,-34.,26.5));
#108 = VECTOR('',#109,1.);
#109 = DIRECTION('',(0.,1.,0.));
#110 = ORIENTED_EDGE('',*,*,#111,.T.);
#111 = EDGE_CURVE('',#104,#24,#112,.T.);
#112 = LINE('',#113,#114);
#113 = CARTESIAN_POINT('',(0.,-34.,26.5));
#114 = VECTOR('',#115,1.);
#115 = DIRECTION('',(0.,0.,1.));
#116 = PLANE('',#117);
#117 = AXIS2_PLACEMENT_3D('',#118,#119,#120);
#118 = CARTESIAN_POINT('',(0.,-40.,0.));
#119 = DIRECTION('',(1.,0.,0.));
#120 = DIRECTION('',(0.,0.,1.));
#121 = ADVANCED_FACE('',(#122),#147,.T.);
#122 = FACE_BOUND('',#123,.T.);
#123 = EDGE_LOOP('',(#124,#125,#133,#141));
#124 = ORIENTED_EDGE('',*,*,#21,.F.);
#125 = ORIENTED_EDGE('',*,*,#126,.T.);
#126 = EDGE_CURVE('',#22,#127,#129,.T.);
#127 = VERTEX_POINT('',#128);
#128 = CARTESIAN_POINT('',(240.,-40.,28.));
#129 = LINE('',#130,#131);
#130 = CARTESIAN_POINT('',(0.,-40.,28.));
#131 = VECTOR('',#132,1.);
#132 = DIRECTION('',(1.,0.,0.));
#133 = ORIENTED_EDGE('',*,*,#134,.T.);
#134 = EDGE_CURVE('',#127,#135,#137,.T.);
#135 = VERTEX_POINT('',#136);
#136 = CARTESIAN_POINT('',(240.,-34.,28.));
#137 = LINE('',#138,#139);
#138 = CARTESIAN_POINT('',(240.,-40.,28.));
#139 = VECTOR('',#140,1.);
#140 = DIRECTION('',(0.,1.,0.));
#141 = ORIENTED_EDGE('',*,*,#142,.T.);
#142 = EDGE_CURVE('',#135,#24,#143,.T.);
#143 = LINE('',#144,#145);
#144 = CARTESIAN_POINT('',(0.,-34.,28.));
#145 = VECTOR('',#146,1.);
#146 = DIRECTION('',(-1.,0.,0.));
#147 = PLANE('',#148);
#148 = AXIS2_PLACEMENT_3D('',#149,#150,#151);
#149 = CARTESIAN_POINT('',(0.,-40.,28.));
#150 = DIRECTION('',(0.,0.,1.));
#151 = DIRECTION('',(1.,0.,0.));
#152 = ADVANCED_FACE('',(#153),#171,.T.);
#153 = FACE_BOUND('',#154,.T.);
#154 = EDGE_LOOP('',(#155,#163,#164,#165));
#155 = ORIENTED_EDGE('',*,*,#156,.F.);
#156 = EDGE_CURVE('',#104,#157,#159,.T.);
#157 = VERTEX_POINT('',#158);
#158 = CARTESIAN_POINT('',(240.,-34.,26.5));
#159 = LINE('',#160,#161);
#160 = CARTESIAN_POINT('',(0.,-34.,26.5));
#161 = VECTOR('',#162,1.);
#162 = DIRECTION('',(1.,0.,0.));
#163 = ORIENTED_EDGE('',*,*,#111,.T.);
#164 = ORIENTED_EDGE('',*,*,#142,.F.);
#165 = ORIENTED_EDGE('',*,*,#166,.F.);
#166 = EDGE_CURVE('',#157,#135,#167,.T.);
#167 = LINE('',#168,#169);
#168 = CARTESIAN_POINT('',(240.,-34.,26.5));
#169 = VECTOR('',#170,1.);
#170 = DIRECTION('',(0.,0.,1.));
#171 = PLANE('',#172);
#172 = AXIS2_PLACEMENT_3D('',#173,#174,#175);
#173 = CARTESIAN_POINT('',(0.,-34.,26.5));
#174 = DIRECTION('',(0.,1.,0.));
#175 = DIRECTION('',(0.,0.,1.));
#176 = ADVANCED_FACE('',(#177,#195,#206,#217,#228,#239,#250,#261,#272,
    #283),#294,.T.);
#177 = FACE_BOUND('',#178,.T.);
#178 = EDGE_LOOP('',(#179,#180,#181,#189));
#179 = ORIENTED_EDGE('',*,*,#103,.F.);
#180 = ORIENTED_EDGE('',*,*,#156,.T.);
#181 = ORIENTED_EDGE('',*,*,#182,.T.);
#182 = EDGE_CURVE('',#157,#183,#185,.T.);
#183 = VERTEX_POINT('',#184);
#184 = CARTESIAN_POINT('',(240.,-19.,26.5));
#185 = LINE('',#186,#187);
#186 = CARTESIAN_POINT('',(240.,-34.,26.5));
#187 = VECTOR('',#188,1.);
#188 = DIRECTION('',(0.,1.,0.));
#189 = ORIENTED_EDGE('',*,*,#190,.F.);
#190 = EDGE_CURVE('',#96,#183,#191,.T.);
#191 = LINE('',#192,#193);
#192 = CARTESIAN_POINT('',(0.,-19.,26.5));
#193 = VECTOR('',#194,1.);
#194 = DIRECTION('',(1.,0.,0.));
#195 = FACE_BOUND('',#196,.T.);
#196 = EDGE_LOOP('',(#197));
#197 = ORIENTED_EDGE('',*,*,#198,.T.);
#198 = EDGE_CURVE('',#199,#199,#201,.T.);
#199 = VERTEX_POINT('',#200);
#200 = CARTESIAN_POINT('',(18.75,-27.5,26.5));
#201 = CIRCLE('',#202,1.25);
#202 = AXIS2_PLACEMENT_3D('',#203,#204,#205);
#203 = CARTESIAN_POINT('',(20.,-27.5,26.5));
#204 = DIRECTION('',(0.,0.,-1.));
#205 = DIRECTION('',(-1.,0.,0.));
#206 = FACE_BOUND('',#207,.T.);
#207 = EDGE_LOOP('',(#208));
#208 = ORIENTED_EDGE('',*,*,#209,.T.);
#209 = EDGE_CURVE('',#210,#210,#212,.T.);
#210 = VERTEX_POINT('',#211);
#211 = CARTESIAN_POINT('',(43.75,-27.5,26.5));
#212 = CIRCLE('',#213,1.25);
#213 = AXIS2_PLACEMENT_3D('',#214,#215,#216);
#214 = CARTESIAN_POINT('',(45.,-27.5,26.5));
#215 = DIRECTION('',(0.,0.,-1.));
#216 = DIRECTION('',(-1.,0.,0.));
#217 = FACE_BOUND('',#218,.T.);
#218 = EDGE_LOOP('',(#219));
#219 = ORIENTED_EDGE('',*,*,#220,.T.);
#220 = EDGE_CURVE('',#221,#221,#223,.T.);
#221 = VERTEX_POINT('',#222);
#222 = CARTESIAN_POINT('',(68.75,-27.5,26.5));
#223 = CIRCLE('',#224,1.25);
#224 = AXIS2_PLACEMENT_3D('',#225,#226,#227);
#225 = CARTESIAN_POINT('',(70.,-27.5,26.5));
#226 = DIRECTION('',(0.,0.,-1.));
#227 = DIRECTION('',(-1.,0.,0.));
#228 = FACE_BOUND('',#229,.T.);
#229 = EDGE_LOOP('',(#230));
#230 = ORIENTED_EDGE('',*,*,#231,.T.);
#231 = EDGE_CURVE('',#232,#232,#234,.T.);
#232 = VERTEX_POINT('',#233);
#233 = CARTESIAN_POINT('',(93.75,-27.5,26.5));
#234 = CIRCLE('',#235,1.25);
#235 = AXIS2_PLACEMENT_3D('',#236,#237,#238);
#236 = CARTESIAN_POINT('',(95.,-27.5,26.5));
#237 = DIRECTION('',(0.,0.,-1.));
#238 = DIRECTION('',(-1.,0.,0.));
#239 = FACE_BOUND('',#240,.T.);
#240 = EDGE_LOOP('',(#241));
#241 = ORIENTED_EDGE('',*,*,#242,.T.);
#242 = EDGE_CURVE('',#243,#243,#245,.T.);
#243 = VERTEX_POINT('',#244);
#244 = CARTESIAN_POINT('',(118.75,-27.5,26.5));
#245 = CIRCLE('',#246,1.25);
#246 = AXIS2_PLACEMENT_3D('',#247,#248,#249);
#247 = CARTESIAN_POINT('',(120.,-27.5,26.5));
#248 = DIRECTION('',(0.,0.,-1.));
#249 = DIRECTION('',(-1.,0.,0.));
#250 = FACE_BOUND('',#251,.T.);
#251 = EDGE_LOOP('',(#252));
#252 = ORIENTED_EDGE('',*,*,#253,.T.);
#253 = EDGE_CURVE('',#254,#254,#256,.T.);
#254 = VERTEX_POINT('',#255);
#255 = CARTESIAN_POINT('',(143.75,-27.5,26.5));
#256 = CIRCLE('',#257,1.25);
#257 = AXIS2_PLACEMENT_3D('',#258,#259,#260);
#258 = CARTESIAN_POINT('',(145.,-27.5,26.5));
#259 = DIRECTION('',(0.,0.,-1.));
#260 = DIRECTION('',(-1.,0.,0.));
#261 = FACE_BOUND('',#262,.T.);
#262 = EDGE_LOOP('',(#263));
#263 = ORIENTED_EDGE('',*,*,#264,.T.);
#264 = EDGE_CURVE('',#265,#265,#267,.T.);
#265 = VERTEX_POINT('',#266);
#266 = CARTESIAN_POINT('',(168.75,-27.5,26.5));
#267 = CIRCLE('',#268,1.25);
#268 = AXIS2_PLACEMENT_3D('',#269,#270,#271);
#269 = CARTESIAN_POINT('',(170.,-27.5,26.5));
#270 = DIRECTION('',(0.,0.,-1.));
#271 = DIRECTION('',(-1.,0.,0.));
#272 = FACE_BOUND('',#273,.T.);
#273 = EDGE_LOOP('',(#274));
#274 = ORIENTED_EDGE('',*,*,#275,.T.);
#275 = EDGE_CURVE('',#276,#276,#278,.T.);
#276 = VERTEX_POINT('',#277);
#277 = CARTESIAN_POINT('',(193.75,-27.5,26.5));
#278 = CIRCLE('',#279,1.25);
#279 = AXIS2_PLACEMENT_3D('',#280,#281,#282);
#280 = CARTESIAN_POINT('',(195.,-27.5,26.5));
#281 = DIRECTION('',(0.,0.,-1.));
#282 = DIRECTION('',(-1.,0.,0.));
#283 = FACE_BOUND('',#284,.T.);
#284 = EDGE_LOOP('',(#285));
#285 = ORIENTED_EDGE('',*,*,#286,.T.);
#286 = EDGE_CURVE('',#287,#287,#289,.T.);
#287 = VERTEX_POINT('',#288);
#288 = CARTESIAN_POINT('',(218.75,-27.5,26.5));
#289 = CIRCLE('',#290,1.25);
#290 = AXIS2_PLACEMENT_3D('',#291,#292,#293);
#291 = CARTESIAN_POINT('',(220.,-27.5,26.5));
#292 = DIRECTION('',(0.,0.,-1.));
#293 = DIRECTION('',(-1.,0.,0.));
#294 = PLANE('',#295);
#295 = AXIS2_PLACEMENT_3D('',#296,#297,#298);
#296 = CARTESIAN_POINT('',(0.,-34.,26.5));
#297 = DIRECTION('',(0.,0.,1.));
#298 = DIRECTION('',(1.,0.,0.));
#299 = ADVANCED_FACE('',(#300),#318,.T.);
#300 = FACE_BOUND('',#301,.T.);
#301 = EDGE_LOOP('',(#302,#310,#311,#312));
#302 = ORIENTED_EDGE('',*,*,#303,.F.);
#303 = EDGE_CURVE('',#88,#304,#306,.T.);
#304 = VERTEX_POINT('',#305);
#305 = CARTESIAN_POINT('',(240.,-19.,10.));
#306 = LINE('',#307,#308);
#307 = CARTESIAN_POINT('',(0.,-19.,10.));
#308 = VECTOR('',#309,1.);
#309 = DIRECTION('',(1.,0.,0.));
#310 = ORIENTED_EDGE('',*,*,#95,.T.);
#311 = ORIENTED_EDGE('',*,*,#190,.T.);
#312 = ORIENTED_EDGE('',*,*,#313,.F.);
#313 = EDGE_CURVE('',#304,#183,#314,.T.);
#314 = LINE('',#315,#316);
#315 = CARTESIAN_POINT('',(240.,-19.,10.));
#316 = VECTOR('',#317,1.);
#317 = DIRECTION('',(0.,0.,1.));
#318 = PLANE('',#319);
#319 = AXIS2_PLACEMENT_3D('',#320,#321,#322);
#320 = CARTESIAN_POINT('',(0.,-19.,10.));
#321 = DIRECTION('',(0.,1.,0.));
#322 = DIRECTION('',(0.,0.,1.));
#323 = ADVANCED_FACE('',(#324,#342,#353,#364,#375),#386,.T.);
#324 = FACE_BOUND('',#325,.T.);
#325 = EDGE_LOOP('',(#326,#327,#328,#336));
#326 = ORIENTED_EDGE('',*,*,#87,.F.);
#327 = ORIENTED_EDGE('',*,*,#303,.T.);
#328 = ORIENTED_EDGE('',*,*,#329,.T.);
#329 = EDGE_CURVE('',#304,#330,#332,.T.);
#330 = VERTEX_POINT('',#331);
#331 = CARTESIAN_POINT('',(240.,19.,10.));
#332 = LINE('',#333,#334);
#333 = CARTESIAN_POINT('',(240.,-19.,10.));
#334 = VECTOR('',#335,1.);
#335 = DIRECTION('',(0.,1.,0.));
#336 = ORIENTED_EDGE('',*,*,#337,.F.);
#337 = EDGE_CURVE('',#80,#330,#338,.T.);
#338 = LINE('',#339,#340);
#339 = CARTESIAN_POINT('',(0.,19.,10.));
#340 = VECTOR('',#341,1.);
#341 = DIRECTION('',(1.,0.,0.));
#342 = FACE_BOUND('',#343,.T.);
#343 = EDGE_LOOP('',(#344));
#344 = ORIENTED_EDGE('',*,*,#345,.T.);
#345 = EDGE_CURVE('',#346,#346,#348,.T.);
#346 = VERTEX_POINT('',#347);
#347 = CARTESIAN_POINT('',(24.5,-1.347111479062E-15,10.));
#348 = CIRCLE('',#349,5.5);
#349 = AXIS2_PLACEMENT_3D('',#350,#351,#352);
#350 = CARTESIAN_POINT('',(30.,0.,10.));
#351 = DIRECTION('',(0.,0.,-1.));
#352 = DIRECTION('',(-1.,0.,0.));
#353 = FACE_BOUND('',#354,.T.);
#354 = EDGE_LOOP('',(#355));
#355 = ORIENTED_EDGE('',*,*,#356,.T.);
#356 = EDGE_CURVE('',#357,#357,#359,.T.);
#357 = VERTEX_POINT('',#358);
#358 = CARTESIAN_POINT('',(84.5,-1.347111479062E-15,10.));
#359 = CIRCLE('',#360,5.5);
#360 = AXIS2_PLACEMENT_3D('',#361,#362,#363);
#361 = CARTESIAN_POINT('',(90.,0.,10.));
#362 = DIRECTION('',(0.,0.,-1.));
#363 = DIRECTION('',(-1.,0.,0.));
#364 = FACE_BOUND('',#365,.T.);
#365 = EDGE_LOOP('',(#366));
#366 = ORIENTED_EDGE('',*,*,#367,.T.);
#367 = EDGE_CURVE('',#368,#368,#370,.T.);
#368 = VERTEX_POINT('',#369);
#369 = CARTESIAN_POINT('',(144.5,-1.347111479062E-15,10.));
#370 = CIRCLE('',#371,5.5);
#371 = AXIS2_PLACEMENT_3D('',#372,#373,#374);
#372 = CARTESIAN_POINT('',(150.,0.,10.));
#373 = DIRECTION('',(0.,0.,-1.));
#374 = DIRECTION('',(-1.,0.,0.));
#375 = FACE_BOUND('',#376,.T.);
#376 = EDGE_LOOP('',(#377));
#377 = ORIENTED_EDGE('',*,*,#378,.T.);
#378 = EDGE_CURVE('',#379,#379,#381,.T.);
#379 = VERTEX_POINT('',#380);
#380 = CARTESIAN_POINT('',(204.5,-1.347111479062E-15,10.));
#381 = CIRCLE('',#382,5.5);
#382 = AXIS2_PLACEMENT_3D('',#383,#384,#385);
#383 = CARTESIAN_POINT('',(210.,0.,10.));
#384 = DIRECTION('',(0.,0.,-1.));
#385 = DIRECTION('',(-1.,0.,0.));
#386 = PLANE('',#387);
#387 = AXIS2_PLACEMENT_3D('',#388,#389,#390);
#388 = CARTESIAN_POINT('',(0.,-19.,10.));
#389 = DIRECTION('',(0.,0.,1.));
#390 = DIRECTION('',(1.,0.,0.));
#391 = ADVANCED_FACE('',(#392),#410,.F.);
#392 = FACE_BOUND('',#393,.F.);
#393 = EDGE_LOOP('',(#394,#395,#396,#404));
#394 = ORIENTED_EDGE('',*,*,#337,.F.);
#395 = ORIENTED_EDGE('',*,*,#79,.T.);
#396 = ORIENTED_EDGE('',*,*,#397,.T.);
#397 = EDGE_CURVE('',#72,#398,#400,.T.);
#398 = VERTEX_POINT('',#399);
#399 = CARTESIAN_POINT('',(240.,19.,26.5));
#400 = LINE('',#401,#402);
#401 = CARTESIAN_POINT('',(0.,19.,26.5));
#402 = VECTOR('',#403,1.);
#403 = DIRECTION('',(1.,0.,0.));
#404 = ORIENTED_EDGE('',*,*,#405,.F.);
#405 = EDGE_CURVE('',#330,#398,#406,.T.);
#406 = LINE('',#407,#408);
#407 = CARTESIAN_POINT('',(240.,19.,10.));
#408 = VECTOR('',#409,1.);
#409 = DIRECTION('',(0.,0.,1.));
#410 = PLANE('',#411);
#411 = AXIS2_PLACEMENT_3D('',#412,#413,#414);
#412 = CARTESIAN_POINT('',(0.,19.,10.));
#413 = DIRECTION('',(0.,1.,0.));
#414 = DIRECTION('',(0.,0.,1.));
#415 = ADVANCED_FACE('',(#416,#434,#445,#456,#467,#478,#489,#500,#511,
    #522),#533,.T.);
#416 = FACE_BOUND('',#417,.T.);
#417 = EDGE_LOOP('',(#418,#419,#420,#428));
#418 = ORIENTED_EDGE('',*,*,#71,.F.);
#419 = ORIENTED_EDGE('',*,*,#397,.T.);
#420 = ORIENTED_EDGE('',*,*,#421,.T.);
#421 = EDGE_CURVE('',#398,#422,#424,.T.);
#422 = VERTEX_POINT('',#423);
#423 = CARTESIAN_POINT('',(240.,34.,26.5));
#424 = LINE('',#425,#426);
#425 = CARTESIAN_POINT('',(240.,19.,26.5));
#426 = VECTOR('',#427,1.);
#427 = DIRECTION('',(0.,1.,0.));
#428 = ORIENTED_EDGE('',*,*,#429,.F.);
#429 = EDGE_CURVE('',#64,#422,#430,.T.);
#430 = LINE('',#431,#432);
#431 = CARTESIAN_POINT('',(0.,34.,26.5));
#432 = VECTOR('',#433,1.);
#433 = DIRECTION('',(1.,0.,0.));
#434 = FACE_BOUND('',#435,.T.);
#435 = EDGE_LOOP('',(#436));
#436 = ORIENTED_EDGE('',*,*,#437,.T.);
#437 = EDGE_CURVE('',#438,#438,#440,.T.);
#438 = VERTEX_POINT('',#439);
#439 = CARTESIAN_POINT('',(18.75,27.5,26.5));
#440 = CIRCLE('',#441,1.25);
#441 = AXIS2_PLACEMENT_3D('',#442,#443,#444);
#442 = CARTESIAN_POINT('',(20.,27.5,26.5));
#443 = DIRECTION('',(0.,0.,-1.));
#444 = DIRECTION('',(-1.,0.,0.));
#445 = FACE_BOUND('',#446,.T.);
#446 = EDGE_LOOP('',(#447));
#447 = ORIENTED_EDGE('',*,*,#448,.T.);
#448 = EDGE_CURVE('',#449,#449,#451,.T.);
#449 = VERTEX_POINT('',#450);
#450 = CARTESIAN_POINT('',(43.75,27.5,26.5));
#451 = CIRCLE('',#452,1.25);
#452 = AXIS2_PLACEMENT_3D('',#453,#454,#455);
#453 = CARTESIAN_POINT('',(45.,27.5,26.5));
#454 = DIRECTION('',(0.,0.,-1.));
#455 = DIRECTION('',(-1.,0.,0.));
#456 = FACE_BOUND('',#457,.T.);
#457 = EDGE_LOOP('',(#458));
#458 = ORIENTED_EDGE('',*,*,#459,.T.);
#459 = EDGE_CURVE('',#460,#460,#462,.T.);
#460 = VERTEX_POINT('',#461);
#461 = CARTESIAN_POINT('',(68.75,27.5,26.5));
#462 = CIRCLE('',#463,1.25);
#463 = AXIS2_PLACEMENT_3D('',#464,#465,#466);
#464 = CARTESIAN_POINT('',(70.,27.5,26.5));
#465 = DIRECTION('',(0.,0.,-1.));
#466 = DIRECTION('',(-1.,0.,0.));
#467 = FACE_BOUND('',#468,.T.);
#468 = EDGE_LOOP('',(#469));
#469 = ORIENTED_EDGE('',*,*,#470,.T.);
#470 = EDGE_CURVE('',#471,#471,#473,.T.);
#471 = VERTEX_POINT('',#472);
#472 = CARTESIAN_POINT('',(93.75,27.5,26.5));
#473 = CIRCLE('',#474,1.25);
#474 = AXIS2_PLACEMENT_3D('',#475,#476,#477);
#475 = CARTESIAN_POINT('',(95.,27.5,26.5));
#476 = DIRECTION('',(0.,0.,-1.));
#477 = DIRECTION('',(-1.,0.,0.));
#478 = FACE_BOUND('',#479,.T.);
#479 = EDGE_LOOP('',(#480));
#480 = ORIENTED_EDGE('',*,*,#481,.T.);
#481 = EDGE_CURVE('',#482,#482,#484,.T.);
#482 = VERTEX_POINT('',#483);
#483 = CARTESIAN_POINT('',(118.75,27.5,26.5));
#484 = CIRCLE('',#485,1.25);
#485 = AXIS2_PLACEMENT_3D('',#486,#487,#488);
#486 = CARTESIAN_POINT('',(120.,27.5,26.5));
#487 = DIRECTION('',(0.,0.,-1.));
#488 = DIRECTION('',(-1.,0.,0.));
#489 = FACE_BOUND('',#490,.T.);
#490 = EDGE_LOOP('',(#491));
#491 = ORIENTED_EDGE('',*,*,#492,.T.);
#492 = EDGE_CURVE('',#493,#493,#495,.T.);
#493 = VERTEX_POINT('',#494);
#494 = CARTESIAN_POINT('',(143.75,27.5,26.5));
#495 = CIRCLE('',#496,1.25);
#496 = AXIS2_PLACEMENT_3D('',#497,#498,#499);
#497 = CARTESIAN_POINT('',(145.,27.5,26.5));
#498 = DIRECTION('',(0.,0.,-1.));
#499 = DIRECTION('',(-1.,0.,0.));
#500 = FACE_BOUND('',#501,.T.);
#501 = EDGE_LOOP('',(#502));
#502 = ORIENTED_EDGE('',*,*,#503,.T.);
#503 = EDGE_CURVE('',#504,#504,#506,.T.);
#504 = VERTEX_POINT('',#505);
#505 = CARTESIAN_POINT('',(168.75,27.5,26.5));
#506 = CIRCLE('',#507,1.25);
#507 = AXIS2_PLACEMENT_3D('',#508,#509,#510);
#508 = CARTESIAN_POINT('',(170.,27.5,26.5));
#509 = DIRECTION('',(0.,0.,-1.));
#510 = DIRECTION('',(-1.,0.,0.));
#511 = FACE_BOUND('',#512,.T.);
#512 = EDGE_LOOP('',(#513));
#513 = ORIENTED_EDGE('',*,*,#514,.T.);
#514 = EDGE_CURVE('',#515,#515,#517,.T.);
#515 = VERTEX_POINT('',#516);
#516 = CARTESIAN_POINT('',(193.75,27.5,26.5));
#517 = CIRCLE('',#518,1.25);
#518 = AXIS2_PLACEMENT_3D('',#519,#520,#521);
#519 = CARTESIAN_POINT('',(195.,27.5,26.5));
#520 = DIRECTION('',(0.,0.,-1.));
#521 = DIRECTION('',(-1.,0.,0.));
#522 = FACE_BOUND('',#523,.T.);
#523 = EDGE_LOOP('',(#524));
#524 = ORIENTED_EDGE('',*,*,#525,.T.);
#525 = EDGE_CURVE('',#526,#526,#528,.T.);
#526 = VERTEX_POINT('',#527);
#527 = CARTESIAN_POINT('',(218.75,27.5,26.5));
#528 = CIRCLE('',#529,1.25);
#529 = AXIS2_PLACEMENT_3D('',#530,#531,#532);
#530 = CARTESIAN_POINT('',(220.,27.5,26.5));
#531 = DIRECTION('',(0.,0.,-1.));
#532 = DIRECTION('',(-1.,0.,0.));
#533 = PLANE('',#534);
#534 = AXIS2_PLACEMENT_3D('',#535,#536,#537);
#535 = CARTESIAN_POINT('',(0.,19.,26.5));
#536 = DIRECTION('',(0.,0.,1.));
#537 = DIRECTION('',(1.,0.,0.));
#538 = ADVANCED_FACE('',(#539),#557,.F.);
#539 = FACE_BOUND('',#540,.F.);
#540 = EDGE_LOOP('',(#541,#542,#543,#551));
#541 = ORIENTED_EDGE('',*,*,#429,.F.);
#542 = ORIENTED_EDGE('',*,*,#63,.T.);
#543 = ORIENTED_EDGE('',*,*,#544,.F.);
#544 = EDGE_CURVE('',#545,#56,#547,.T.);
#545 = VERTEX_POINT('',#546);
#546 = CARTESIAN_POINT('',(240.,34.,28.));
#547 = LINE('',#548,#549);
#548 = CARTESIAN_POINT('',(0.,34.,28.));
#549 = VECTOR('',#550,1.);
#550 = DIRECTION('',(-1.,0.,0.));
#551 = ORIENTED_EDGE('',*,*,#552,.F.);
#552 = EDGE_CURVE('',#422,#545,#553,.T.);
#553 = LINE('',#554,#555);
#554 = CARTESIAN_POINT('',(240.,34.,26.5));
#555 = VECTOR('',#556,1.);
#556 = DIRECTION('',(0.,0.,1.));
#557 = PLANE('',#558);
#558 = AXIS2_PLACEMENT_3D('',#559,#560,#561);
#559 = CARTESIAN_POINT('',(0.,34.,26.5));
#560 = DIRECTION('',(0.,1.,0.));
#561 = DIRECTION('',(0.,0.,1.));
#562 = ADVANCED_FACE('',(#563),#581,.T.);
#563 = FACE_BOUND('',#564,.T.);
#564 = EDGE_LOOP('',(#565,#566,#567,#575));
#565 = ORIENTED_EDGE('',*,*,#55,.F.);
#566 = ORIENTED_EDGE('',*,*,#544,.F.);
#567 = ORIENTED_EDGE('',*,*,#568,.T.);
#568 = EDGE_CURVE('',#545,#569,#571,.T.);
#569 = VERTEX_POINT('',#570);
#570 = CARTESIAN_POINT('',(240.,40.,28.));
#571 = LINE('',#572,#573);
#572 = CARTESIAN_POINT('',(240.,-40.,28.));
#573 = VECTOR('',#574,1.);
#574 = DIRECTION('',(0.,1.,0.));
#575 = ORIENTED_EDGE('',*,*,#576,.F.);
#576 = EDGE_CURVE('',#48,#569,#577,.T.);
#577 = LINE('',#578,#579);
#578 = CARTESIAN_POINT('',(0.,40.,28.));
#579 = VECTOR('',#580,1.);
#580 = DIRECTION('',(1.,0.,0.));
#581 = PLANE('',#582);
#582 = AXIS2_PLACEMENT_3D('',#583,#584,#585);
#583 = CARTESIAN_POINT('',(0.,-40.,28.));
#584 = DIRECTION('',(0.,0.,1.));
#585 = DIRECTION('',(1.,0.,0.));
#586 = ADVANCED_FACE('',(#587),#605,.T.);
#587 = FACE_BOUND('',#588,.T.);
#588 = EDGE_LOOP('',(#589,#597,#598,#599));
#589 = ORIENTED_EDGE('',*,*,#590,.F.);
#590 = EDGE_CURVE('',#40,#591,#593,.T.);
#591 = VERTEX_POINT('',#592);
#592 = CARTESIAN_POINT('',(240.,40.,0.));
#593 = LINE('',#594,#595);
#594 = CARTESIAN_POINT('',(0.,40.,0.));
#595 = VECTOR('',#596,1.);
#596 = DIRECTION('',(1.,0.,0.));
#597 = ORIENTED_EDGE('',*,*,#47,.T.);
#598 = ORIENTED_EDGE('',*,*,#576,.T.);
#599 = ORIENTED_EDGE('',*,*,#600,.F.);
#600 = EDGE_CURVE('',#591,#569,#601,.T.);
#601 = LINE('',#602,#603);
#602 = CARTESIAN_POINT('',(240.,40.,0.));
#603 = VECTOR('',#604,1.);
#604 = DIRECTION('',(0.,0.,1.));
#605 = PLANE('',#606);
#606 = AXIS2_PLACEMENT_3D('',#607,#608,#609);
#607 = CARTESIAN_POINT('',(0.,40.,0.));
#608 = DIRECTION('',(0.,1.,0.));
#609 = DIRECTION('',(0.,0.,1.));
#610 = ADVANCED_FACE('',(#611,#629,#640,#651,#662),#673,.F.);
#611 = FACE_BOUND('',#612,.F.);
#612 = EDGE_LOOP('',(#613,#614,#622,#628));
#613 = ORIENTED_EDGE('',*,*,#39,.F.);
#614 = ORIENTED_EDGE('',*,*,#615,.T.);
#615 = EDGE_CURVE('',#32,#616,#618,.T.);
#616 = VERTEX_POINT('',#617);
#617 = CARTESIAN_POINT('',(240.,-40.,0.));
#618 = LINE('',#619,#620);
#619 = CARTESIAN_POINT('',(0.,-40.,0.));
#620 = VECTOR('',#621,1.);
#621 = DIRECTION('',(1.,0.,0.));
#622 = ORIENTED_EDGE('',*,*,#623,.T.);
#623 = EDGE_CURVE('',#616,#591,#624,.T.);
#624 = LINE('',#625,#626);
#625 = CARTESIAN_POINT('',(240.,-40.,0.));
#626 = VECTOR('',#627,1.);
#627 = DIRECTION('',(0.,1.,0.));
#628 = ORIENTED_EDGE('',*,*,#590,.F.);
#629 = FACE_BOUND('',#630,.F.);
#630 = EDGE_LOOP('',(#631));
#631 = ORIENTED_EDGE('',*,*,#632,.T.);
#632 = EDGE_CURVE('',#633,#633,#635,.T.);
#633 = VERTEX_POINT('',#634);
#634 = CARTESIAN_POINT('',(26.7,-8.082668874373E-16,0.));
#635 = CIRCLE('',#636,3.3);
#636 = AXIS2_PLACEMENT_3D('',#637,#638,#639);
#637 = CARTESIAN_POINT('',(30.,0.,0.));
#638 = DIRECTION('',(0.,0.,-1.));
#639 = DIRECTION('',(-1.,0.,0.));
#640 = FACE_BOUND('',#641,.F.);
#641 = EDGE_LOOP('',(#642));
#642 = ORIENTED_EDGE('',*,*,#643,.T.);
#643 = EDGE_CURVE('',#644,#644,#646,.T.);
#644 = VERTEX_POINT('',#645);
#645 = CARTESIAN_POINT('',(86.7,-8.082668874373E-16,0.));
#646 = CIRCLE('',#647,3.3);
#647 = AXIS2_PLACEMENT_3D('',#648,#649,#650);
#648 = CARTESIAN_POINT('',(90.,0.,0.));
#649 = DIRECTION('',(0.,0.,-1.));
#650 = DIRECTION('',(-1.,0.,0.));
#651 = FACE_BOUND('',#652,.F.);
#652 = EDGE_LOOP('',(#653));
#653 = ORIENTED_EDGE('',*,*,#654,.T.);
#654 = EDGE_CURVE('',#655,#655,#657,.T.);
#655 = VERTEX_POINT('',#656);
#656 = CARTESIAN_POINT('',(146.7,-8.082668874373E-16,0.));
#657 = CIRCLE('',#658,3.3);
#658 = AXIS2_PLACEMENT_3D('',#659,#660,#661);
#659 = CARTESIAN_POINT('',(150.,0.,0.));
#660 = DIRECTION('',(0.,0.,-1.));
#661 = DIRECTION('',(-1.,0.,0.));
#662 = FACE_BOUND('',#663,.F.);
#663 = EDGE_LOOP('',(#664));
#664 = ORIENTED_EDGE('',*,*,#665,.T.);
#665 = EDGE_CURVE('',#666,#666,#668,.T.);
#666 = VERTEX_POINT('',#667);
#667 = CARTESIAN_POINT('',(206.7,-8.082668874373E-16,0.));
#668 = CIRCLE('',#669,3.3);
#669 = AXIS2_PLACEMENT_3D('',#670,#671,#672);
#670 = CARTESIAN_POINT('',(210.,0.,0.));
#671 = DIRECTION('',(0.,0.,-1.));
#672 = DIRECTION('',(-1.,0.,0.));
#673 = PLANE('',#674);
#674 = AXIS2_PLACEMENT_3D('',#675,#676,#677);
#675 = CARTESIAN_POINT('',(0.,-40.,0.));
#676 = DIRECTION('',(0.,0.,1.));
#677 = DIRECTION('',(1.,0.,0.));
#678 = ADVANCED_FACE('',(#679),#690,.F.);
#679 = FACE_BOUND('',#680,.F.);
#680 = EDGE_LOOP('',(#681,#682,#683,#684));
#681 = ORIENTED_EDGE('',*,*,#615,.F.);
#682 = ORIENTED_EDGE('',*,*,#31,.T.);
#683 = ORIENTED_EDGE('',*,*,#126,.T.);
#684 = ORIENTED_EDGE('',*,*,#685,.F.);
#685 = EDGE_CURVE('',#616,#127,#686,.T.);
#686 = LINE('',#687,#688);
#687 = CARTESIAN_POINT('',(240.,-40.,0.));
#688 = VECTOR('',#689,1.);
#689 = DIRECTION('',(0.,0.,1.));
#690 = PLANE('',#691);
#691 = AXIS2_PLACEMENT_3D('',#692,#693,#694);
#692 = CARTESIAN_POINT('',(0.,-40.,0.));
#693 = DIRECTION('',(0.,1.,0.));
#694 = DIRECTION('',(0.,0.,1.));
#695 = ADVANCED_FACE('',(#696),#710,.T.);
#696 = FACE_BOUND('',#697,.T.);
#697 = EDGE_LOOP('',(#698,#699,#700,#701,#702,#703,#704,#705,#706,#707,
    #708,#709));
#698 = ORIENTED_EDGE('',*,*,#134,.F.);
#699 = ORIENTED_EDGE('',*,*,#685,.F.);
#700 = ORIENTED_EDGE('',*,*,#623,.T.);
#701 = ORIENTED_EDGE('',*,*,#600,.T.);
#702 = ORIENTED_EDGE('',*,*,#568,.F.);
#703 = ORIENTED_EDGE('',*,*,#552,.F.);
#704 = ORIENTED_EDGE('',*,*,#421,.F.);
#705 = ORIENTED_EDGE('',*,*,#405,.F.);
#706 = ORIENTED_EDGE('',*,*,#329,.F.);
#707 = ORIENTED_EDGE('',*,*,#313,.T.);
#708 = ORIENTED_EDGE('',*,*,#182,.F.);
#709 = ORIENTED_EDGE('',*,*,#166,.T.);
#710 = PLANE('',#711);
#711 = AXIS2_PLACEMENT_3D('',#712,#713,#714);
#712 = CARTESIAN_POINT('',(240.,-40.,0.));
#713 = DIRECTION('',(1.,0.,0.));
#714 = DIRECTION('',(0.,0.,1.));
#715 = ADVANCED_FACE('',(#716),#735,.F.);
#716 = FACE_BOUND('',#717,.F.);
#717 = EDGE_LOOP('',(#718,#727,#733,#734));
#718 = ORIENTED_EDGE('',*,*,#719,.F.);
#719 = EDGE_CURVE('',#720,#720,#722,.T.);
#720 = VERTEX_POINT('',#721);
#721 = CARTESIAN_POINT('',(18.75,-27.5,18.5));
#722 = CIRCLE('',#723,1.25);
#723 = AXIS2_PLACEMENT_3D('',#724,#725,#726);
#724 = CARTESIAN_POINT('',(20.,-27.5,18.5));
#725 = DIRECTION('',(0.,0.,-1.));
#726 = DIRECTION('',(-1.,0.,0.));
#727 = ORIENTED_EDGE('',*,*,#728,.F.);
#728 = EDGE_CURVE('',#199,#720,#729,.T.);
#729 = LINE('',#730,#731);
#730 = CARTESIAN_POINT('',(18.75,-27.5,26.5));
#731 = VECTOR('',#732,1.);
#732 = DIRECTION('',(0.,0.,-1.));
#733 = ORIENTED_EDGE('',*,*,#198,.T.);
#734 = ORIENTED_EDGE('',*,*,#728,.T.);
#735 = CYLINDRICAL_SURFACE('',#736,1.25);
#736 = AXIS2_PLACEMENT_3D('',#737,#738,#739);
#737 = CARTESIAN_POINT('',(20.,-27.5,26.5));
#738 = DIRECTION('',(0.,0.,-1.));
#739 = DIRECTION('',(-1.,0.,0.));
#740 = ADVANCED_FACE('',(#741),#760,.F.);
#741 = FACE_BOUND('',#742,.F.);
#742 = EDGE_LOOP('',(#743,#752,#758,#759));
#743 = ORIENTED_EDGE('',*,*,#744,.F.);
#744 = EDGE_CURVE('',#745,#745,#747,.T.);
#745 = VERTEX_POINT('',#746);
#746 = CARTESIAN_POINT('',(43.75,-27.5,18.5));
#747 = CIRCLE('',#748,1.25);
#748 = AXIS2_PLACEMENT_3D('',#749,#750,#751);
#749 = CARTESIAN_POINT('',(45.,-27.5,18.5));
#750 = DIRECTION('',(0.,0.,-1.));
#751 = DIRECTION('',(-1.,0.,0.));
#752 = ORIENTED_EDGE('',*,*,#753,.F.);
#753 = EDGE_CURVE('',#210,#745,#754,.T.);
#754 = LINE('',#755,#756);
#755 = CARTESIAN_POINT('',(43.75,-27.5,26.5));
#756 = VECTOR('',#757,1.);
#757 = DIRECTION('',(0.,0.,-1.));
#758 = ORIENTED_EDGE('',*,*,#209,.T.);
#759 = ORIENTED_EDGE('',*,*,#753,.T.);
#760 = CYLINDRICAL_SURFACE('',#761,1.25);
#761 = AXIS2_PLACEMENT_3D('',#762,#763,#764);
#762 = CARTESIAN_POINT('',(45.,-27.5,26.5));
#763 = DIRECTION('',(0.,0.,-1.));
#764 = DIRECTION('',(-1.,0.,0.));
#765 = ADVANCED_FACE('',(#766),#785,.F.);
#766 = FACE_BOUND('',#767,.F.);
#767 = EDGE_LOOP('',(#768,#777,#783,#784));
#768 = ORIENTED_EDGE('',*,*,#769,.F.);
#769 = EDGE_CURVE('',#770,#770,#772,.T.);
#770 = VERTEX_POINT('',#771);
#771 = CARTESIAN_POINT('',(68.75,-27.5,18.5));
#772 = CIRCLE('',#773,1.25);
#773 = AXIS2_PLACEMENT_3D('',#774,#775,#776);
#774 = CARTESIAN_POINT('',(70.,-27.5,18.5));
#775 = DIRECTION('',(0.,0.,-1.));
#776 = DIRECTION('',(-1.,0.,0.));
#777 = ORIENTED_EDGE('',*,*,#778,.F.);
#778 = EDGE_CURVE('',#221,#770,#779,.T.);
#779 = LINE('',#780,#781);
#780 = CARTESIAN_POINT('',(68.75,-27.5,26.5));
#781 = VECTOR('',#782,1.);
#782 = DIRECTION('',(0.,0.,-1.));
#783 = ORIENTED_EDGE('',*,*,#220,.T.);
#784 = ORIENTED_EDGE('',*,*,#778,.T.);
#785 = CYLINDRICAL_SURFACE('',#786,1.25);
#786 = AXIS2_PLACEMENT_3D('',#787,#788,#789);
#787 = CARTESIAN_POINT('',(70.,-27.5,26.5));
#788 = DIRECTION('',(0.,0.,-1.));
#789 = DIRECTION('',(-1.,0.,0.));
#790 = ADVANCED_FACE('',(#791),#810,.F.);
#791 = FACE_BOUND('',#792,.F.);
#792 = EDGE_LOOP('',(#793,#802,#808,#809));
#793 = ORIENTED_EDGE('',*,*,#794,.F.);
#794 = EDGE_CURVE('',#795,#795,#797,.T.);
#795 = VERTEX_POINT('',#796);
#796 = CARTESIAN_POINT('',(93.75,-27.5,18.5));
#797 = CIRCLE('',#798,1.25);
#798 = AXIS2_PLACEMENT_3D('',#799,#800,#801);
#799 = CARTESIAN_POINT('',(95.,-27.5,18.5));
#800 = DIRECTION('',(0.,0.,-1.));
#801 = DIRECTION('',(-1.,0.,0.));
#802 = ORIENTED_EDGE('',*,*,#803,.F.);
#803 = EDGE_CURVE('',#232,#795,#804,.T.);
#804 = LINE('',#805,#806);
#805 = CARTESIAN_POINT('',(93.75,-27.5,26.5));
#806 = VECTOR('',#807,1.);
#807 = DIRECTION('',(0.,0.,-1.));
#808 = ORIENTED_EDGE('',*,*,#231,.T.);
#809 = ORIENTED_EDGE('',*,*,#803,.T.);
#810 = CYLINDRICAL_SURFACE('',#811,1.25);
#811 = AXIS2_PLACEMENT_3D('',#812,#813,#814);
#812 = CARTESIAN_POINT('',(95.,-27.5,26.5));
#813 = DIRECTION('',(0.,0.,-1.));
#814 = DIRECTION('',(-1.,0.,0.));
#815 = ADVANCED_FACE('',(#816),#835,.F.);
#816 = FACE_BOUND('',#817,.F.);
#817 = EDGE_LOOP('',(#818,#827,#833,#834));
#818 = ORIENTED_EDGE('',*,*,#819,.F.);
#819 = EDGE_CURVE('',#820,#820,#822,.T.);
#820 = VERTEX_POINT('',#821);
#821 = CARTESIAN_POINT('',(118.75,-27.5,18.5));
#822 = CIRCLE('',#823,1.25);
#823 = AXIS2_PLACEMENT_3D('',#824,#825,#826);
#824 = CARTESIAN_POINT('',(120.,-27.5,18.5));
#825 = DIRECTION('',(0.,0.,-1.));
#826 = DIRECTION('',(-1.,0.,0.));
#827 = ORIENTED_EDGE('',*,*,#828,.F.);
#828 = EDGE_CURVE('',#243,#820,#829,.T.);
#829 = LINE('',#830,#831);
#830 = CARTESIAN_POINT('',(118.75,-27.5,26.5));
#831 = VECTOR('',#832,1.);
#832 = DIRECTION('',(0.,0.,-1.));
#833 = ORIENTED_EDGE('',*,*,#242,.T.);
#834 = ORIENTED_EDGE('',*,*,#828,.T.);
#835 = CYLINDRICAL_SURFACE('',#836,1.25);
#836 = AXIS2_PLACEMENT_3D('',#837,#838,#839);
#837 = CARTESIAN_POINT('',(120.,-27.5,26.5));
#838 = DIRECTION('',(0.,0.,-1.));
#839 = DIRECTION('',(-1.,0.,0.));
#840 = ADVANCED_FACE('',(#841),#860,.F.);
#841 = FACE_BOUND('',#842,.F.);
#842 = EDGE_LOOP('',(#843,#852,#858,#859));
#843 = ORIENTED_EDGE('',*,*,#844,.F.);
#844 = EDGE_CURVE('',#845,#845,#847,.T.);
#845 = VERTEX_POINT('',#846);
#846 = CARTESIAN_POINT('',(143.75,-27.5,18.5));
#847 = CIRCLE('',#848,1.25);
#848 = AXIS2_PLACEMENT_3D('',#849,#850,#851);
#849 = CARTESIAN_POINT('',(145.,-27.5,18.5));
#850 = DIRECTION('',(0.,0.,-1.));
#851 = DIRECTION('',(-1.,0.,0.));
#852 = ORIENTED_EDGE('',*,*,#853,.F.);
#853 = EDGE_CURVE('',#254,#845,#854,.T.);
#854 = LINE('',#855,#856);
#855 = CARTESIAN_POINT('',(143.75,-27.5,26.5));
#856 = VECTOR('',#857,1.);
#857 = DIRECTION('',(0.,0.,-1.));
#858 = ORIENTED_EDGE('',*,*,#253,.T.);
#859 = ORIENTED_EDGE('',*,*,#853,.T.);
#860 = CYLINDRICAL_SURFACE('',#861,1.25);
#861 = AXIS2_PLACEMENT_3D('',#862,#863,#864);
#862 = CARTESIAN_POINT('',(145.,-27.5,26.5));
#863 = DIRECTION('',(0.,0.,-1.));
#864 = DIRECTION('',(-1.,0.,0.));
#865 = ADVANCED_FACE('',(#866),#885,.F.);
#866 = FACE_BOUND('',#867,.F.);
#867 = EDGE_LOOP('',(#868,#877,#883,#884));
#868 = ORIENTED_EDGE('',*,*,#869,.F.);
#869 = EDGE_CURVE('',#870,#870,#872,.T.);
#870 = VERTEX_POINT('',#871);
#871 = CARTESIAN_POINT('',(168.75,-27.5,18.5));
#872 = CIRCLE('',#873,1.25);
#873 = AXIS2_PLACEMENT_3D('',#874,#875,#876);
#874 = CARTESIAN_POINT('',(170.,-27.5,18.5));
#875 = DIRECTION('',(0.,0.,-1.));
#876 = DIRECTION('',(-1.,0.,0.));
#877 = ORIENTED_EDGE('',*,*,#878,.F.);
#878 = EDGE_CURVE('',#265,#870,#879,.T.);
#879 = LINE('',#880,#881);
#880 = CARTESIAN_POINT('',(168.75,-27.5,26.5));
#881 = VECTOR('',#882,1.);
#882 = DIRECTION('',(0.,0.,-1.));
#883 = ORIENTED_EDGE('',*,*,#264,.T.);
#884 = ORIENTED_EDGE('',*,*,#878,.T.);
#885 = CYLINDRICAL_SURFACE('',#886,1.25);
#886 = AXIS2_PLACEMENT_3D('',#887,#888,#889);
#887 = CARTESIAN_POINT('',(170.,-27.5,26.5));
#888 = DIRECTION('',(0.,0.,-1.));
#889 = DIRECTION('',(-1.,0.,0.));
#890 = ADVANCED_FACE('',(#891),#910,.F.);
#891 = FACE_BOUND('',#892,.F.);
#892 = EDGE_LOOP('',(#893,#902,#908,#909));
#893 = ORIENTED_EDGE('',*,*,#894,.F.);
#894 = EDGE_CURVE('',#895,#895,#897,.T.);
#895 = VERTEX_POINT('',#896);
#896 = CARTESIAN_POINT('',(193.75,-27.5,18.5));
#897 = CIRCLE('',#898,1.25);
#898 = AXIS2_PLACEMENT_3D('',#899,#900,#901);
#899 = CARTESIAN_POINT('',(195.,-27.5,18.5));
#900 = DIRECTION('',(0.,0.,-1.));
#901 = DIRECTION('',(-1.,0.,0.));
#902 = ORIENTED_EDGE('',*,*,#903,.F.);
#903 = EDGE_CURVE('',#276,#895,#904,.T.);
#904 = LINE('',#905,#906);
#905 = CARTESIAN_POINT('',(193.75,-27.5,26.5));
#906 = VECTOR('',#907,1.);
#907 = DIRECTION('',(0.,0.,-1.));
#908 = ORIENTED_EDGE('',*,*,#275,.T.);
#909 = ORIENTED_EDGE('',*,*,#903,.T.);
#910 = CYLINDRICAL_SURFACE('',#911,1.25);
#911 = AXIS2_PLACEMENT_3D('',#912,#913,#914);
#912 = CARTESIAN_POINT('',(195.,-27.5,26.5));
#913 = DIRECTION('',(0.,0.,-1.));
#914 = DIRECTION('',(-1.,0.,0.));
#915 = ADVANCED_FACE('',(#916),#935,.F.);
#916 = FACE_BOUND('',#917,.F.);
#917 = EDGE_LOOP('',(#918,#927,#933,#934));
#918 = ORIENTED_EDGE('',*,*,#919,.F.);
#919 = EDGE_CURVE('',#920,#920,#922,.T.);
#920 = VERTEX_POINT('',#921);
#921 = CARTESIAN_POINT('',(218.75,-27.5,18.5));
#922 = CIRCLE('',#923,1.25);
#923 = AXIS2_PLACEMENT_3D('',#924,#925,#926);
#924 = CARTESIAN_POINT('',(220.,-27.5,18.5));
#925 = DIRECTION('',(0.,0.,-1.));
#926 = DIRECTION('',(-1.,0.,0.));
#927 = ORIENTED_EDGE('',*,*,#928,.F.);
#928 = EDGE_CURVE('',#287,#920,#929,.T.);
#929 = LINE('',#930,#931);
#930 = CARTESIAN_POINT('',(218.75,-27.5,26.5));
#931 = VECTOR('',#932,1.);
#932 = DIRECTION('',(0.,0.,-1.));
#933 = ORIENTED_EDGE('',*,*,#286,.T.);
#934 = ORIENTED_EDGE('',*,*,#928,.T.);
#935 = CYLINDRICAL_SURFACE('',#936,1.25);
#936 = AXIS2_PLACEMENT_3D('',#937,#938,#939);
#937 = CARTESIAN_POINT('',(220.,-27.5,26.5));
#938 = DIRECTION('',(0.,0.,-1.));
#939 = DIRECTION('',(-1.,0.,0.));
#940 = ADVANCED_FACE('',(#941),#960,.F.);
#941 = FACE_BOUND('',#942,.F.);
#942 = EDGE_LOOP('',(#943,#952,#958,#959));
#943 = ORIENTED_EDGE('',*,*,#944,.F.);
#944 = EDGE_CURVE('',#945,#945,#947,.T.);
#945 = VERTEX_POINT('',#946);
#946 = CARTESIAN_POINT('',(24.5,-1.347111479062E-15,3.2));
#947 = CIRCLE('',#948,5.5);
#948 = AXIS2_PLACEMENT_3D('',#949,#950,#951);
#949 = CARTESIAN_POINT('',(30.,0.,3.2));
#950 = DIRECTION('',(0.,0.,-1.));
#951 = DIRECTION('',(-1.,0.,0.));
#952 = ORIENTED_EDGE('',*,*,#953,.F.);
#953 = EDGE_CURVE('',#346,#945,#954,.T.);
#954 = LINE('',#955,#956);
#955 = CARTESIAN_POINT('',(24.5,-1.347111479062E-15,10.));
#956 = VECTOR('',#957,1.);
#957 = DIRECTION('',(0.,0.,-1.));
#958 = ORIENTED_EDGE('',*,*,#345,.T.);
#959 = ORIENTED_EDGE('',*,*,#953,.T.);
#960 = CYLINDRICAL_SURFACE('',#961,5.5);
#961 = AXIS2_PLACEMENT_3D('',#962,#963,#964);
#962 = CARTESIAN_POINT('',(30.,0.,10.));
#963 = DIRECTION('',(0.,0.,-1.));
#964 = DIRECTION('',(-1.,0.,0.));
#965 = ADVANCED_FACE('',(#966),#985,.F.);
#966 = FACE_BOUND('',#967,.F.);
#967 = EDGE_LOOP('',(#968,#977,#983,#984));
#968 = ORIENTED_EDGE('',*,*,#969,.F.);
#969 = EDGE_CURVE('',#970,#970,#972,.T.);
#970 = VERTEX_POINT('',#971);
#971 = CARTESIAN_POINT('',(84.5,-1.347111479062E-15,3.2));
#972 = CIRCLE('',#973,5.5);
#973 = AXIS2_PLACEMENT_3D('',#974,#975,#976);
#974 = CARTESIAN_POINT('',(90.,0.,3.2));
#975 = DIRECTION('',(0.,0.,-1.));
#976 = DIRECTION('',(-1.,0.,0.));
#977 = ORIENTED_EDGE('',*,*,#978,.F.);
#978 = EDGE_CURVE('',#357,#970,#979,.T.);
#979 = LINE('',#980,#981);
#980 = CARTESIAN_POINT('',(84.5,-1.347111479062E-15,10.));
#981 = VECTOR('',#982,1.);
#982 = DIRECTION('',(0.,0.,-1.));
#983 = ORIENTED_EDGE('',*,*,#356,.T.);
#984 = ORIENTED_EDGE('',*,*,#978,.T.);
#985 = CYLINDRICAL_SURFACE('',#986,5.5);
#986 = AXIS2_PLACEMENT_3D('',#987,#988,#989);
#987 = CARTESIAN_POINT('',(90.,0.,10.));
#988 = DIRECTION('',(0.,0.,-1.));
#989 = DIRECTION('',(-1.,0.,0.));
#990 = ADVANCED_FACE('',(#991),#1010,.F.);
#991 = FACE_BOUND('',#992,.F.);
#992 = EDGE_LOOP('',(#993,#1002,#1008,#1009));
#993 = ORIENTED_EDGE('',*,*,#994,.F.);
#994 = EDGE_CURVE('',#995,#995,#997,.T.);
#995 = VERTEX_POINT('',#996);
#996 = CARTESIAN_POINT('',(144.5,-1.347111479062E-15,3.2));
#997 = CIRCLE('',#998,5.5);
#998 = AXIS2_PLACEMENT_3D('',#999,#1000,#1001);
#999 = CARTESIAN_POINT('',(150.,0.,3.2));
#1000 = DIRECTION('',(0.,0.,-1.));
#1001 = DIRECTION('',(-1.,0.,0.));
#1002 = ORIENTED_EDGE('',*,*,#1003,.F.);
#1003 = EDGE_CURVE('',#368,#995,#1004,.T.);
#1004 = LINE('',#1005,#1006);
#1005 = CARTESIAN_POINT('',(144.5,-1.347111479062E-15,10.));
#1006 = VECTOR('',#1007,1.);
#1007 = DIRECTION('',(0.,0.,-1.));
#1008 = ORIENTED_EDGE('',*,*,#367,.T.);
#1009 = ORIENTED_EDGE('',*,*,#1003,.T.);
#1010 = CYLINDRICAL_SURFACE('',#1011,5.5);
#1011 = AXIS2_PLACEMENT_3D('',#1012,#1013,#1014);
#1012 = CARTESIAN_POINT('',(150.,0.,10.));
#1013 = DIRECTION('',(0.,0.,-1.));
#1014 = DIRECTION('',(-1.,0.,0.));
#1015 = ADVANCED_FACE('',(#1016),#1035,.F.);
#1016 = FACE_BOUND('',#1017,.F.);
#1017 = EDGE_LOOP('',(#1018,#1027,#1033,#1034));
#1018 = ORIENTED_EDGE('',*,*,#1019,.F.);
#1019 = EDGE_CURVE('',#1020,#1020,#1022,.T.);
#1020 = VERTEX_POINT('',#1021);
#1021 = CARTESIAN_POINT('',(204.5,-1.347111479062E-15,3.2));
#1022 = CIRCLE('',#1023,5.5);
#1023 = AXIS2_PLACEMENT_3D('',#1024,#1025,#1026);
#1024 = CARTESIAN_POINT('',(210.,0.,3.2));
#1025 = DIRECTION('',(0.,0.,-1.));
#1026 = DIRECTION('',(-1.,0.,0.));
#1027 = ORIENTED_EDGE('',*,*,#1028,.F.);
#1028 = EDGE_CURVE('',#379,#1020,#1029,.T.);
#1029 = LINE('',#1030,#1031);
#1030 = CARTESIAN_POINT('',(204.5,-1.347111479062E-15,10.));
#1031 = VECTOR('',#1032,1.);
#1032 = DIRECTION('',(0.,0.,-1.));
#1033 = ORIENTED_EDGE('',*,*,#378,.T.);
#1034 = ORIENTED_EDGE('',*,*,#1028,.T.);
#1035 = CYLINDRICAL_SURFACE('',#1036,5.5);
#1036 = AXIS2_PLACEMENT_3D('',#1037,#1038,#1039);
#1037 = CARTESIAN_POINT('',(210.,0.,10.));
#1038 = DIRECTION('',(0.,0.,-1.));
#1039 = DIRECTION('',(-1.,0.,0.));
#1040 = ADVANCED_FACE('',(#1041),#1060,.F.);
#1041 = FACE_BOUND('',#1042,.F.);
#1042 = EDGE_LOOP('',(#1043,#1052,#1058,#1059));
#1043 = ORIENTED_EDGE('',*,*,#1044,.F.);
#1044 = EDGE_CURVE('',#1045,#1045,#1047,.T.);
#1045 = VERTEX_POINT('',#1046);
#1046 = CARTESIAN_POINT('',(18.75,27.5,18.5));
#1047 = CIRCLE('',#1048,1.25);
#1048 = AXIS2_PLACEMENT_3D('',#1049,#1050,#1051);
#1049 = CARTESIAN_POINT('',(20.,27.5,18.5));
#1050 = DIRECTION('',(0.,0.,-1.));
#1051 = DIRECTION('',(-1.,0.,0.));
#1052 = ORIENTED_EDGE('',*,*,#1053,.F.);
#1053 = EDGE_CURVE('',#438,#1045,#1054,.T.);
#1054 = LINE('',#1055,#1056);
#1055 = CARTESIAN_POINT('',(18.75,27.5,26.5));
#1056 = VECTOR('',#1057,1.);
#1057 = DIRECTION('',(0.,0.,-1.));
#1058 = ORIENTED_EDGE('',*,*,#437,.T.);
#1059 = ORIENTED_EDGE('',*,*,#1053,.T.);
#1060 = CYLINDRICAL_SURFACE('',#1061,1.25);
#1061 = AXIS2_PLACEMENT_3D('',#1062,#1063,#1064);
#1062 = CARTESIAN_POINT('',(20.,27.5,26.5));
#1063 = DIRECTION('',(0.,0.,-1.));
#1064 = DIRECTION('',(-1.,0.,0.));
#1065 = ADVANCED_FACE('',(#1066),#1085,.F.);
#1066 = FACE_BOUND('',#1067,.F.);
#1067 = EDGE_LOOP('',(#1068,#1077,#1083,#1084));
#1068 = ORIENTED_EDGE('',*,*,#1069,.F.);
#1069 = EDGE_CURVE('',#1070,#1070,#1072,.T.);
#1070 = VERTEX_POINT('',#1071);
#1071 = CARTESIAN_POINT('',(43.75,27.5,18.5));
#1072 = CIRCLE('',#1073,1.25);
#1073 = AXIS2_PLACEMENT_3D('',#1074,#1075,#1076);
#1074 = CARTESIAN_POINT('',(45.,27.5,18.5));
#1075 = DIRECTION('',(0.,0.,-1.));
#1076 = DIRECTION('',(-1.,0.,0.));
#1077 = ORIENTED_EDGE('',*,*,#1078,.F.);
#1078 = EDGE_CURVE('',#449,#1070,#1079,.T.);
#1079 = LINE('',#1080,#1081);
#1080 = CARTESIAN_POINT('',(43.75,27.5,26.5));
#1081 = VECTOR('',#1082,1.);
#1082 = DIRECTION('',(0.,0.,-1.));
#1083 = ORIENTED_EDGE('',*,*,#448,.T.);
#1084 = ORIENTED_EDGE('',*,*,#1078,.T.);
#1085 = CYLINDRICAL_SURFACE('',#1086,1.25);
#1086 = AXIS2_PLACEMENT_3D('',#1087,#1088,#1089);
#1087 = CARTESIAN_POINT('',(45.,27.5,26.5));
#1088 = DIRECTION('',(0.,0.,-1.));
#1089 = DIRECTION('',(-1.,0.,0.));
#1090 = ADVANCED_FACE('',(#1091),#1110,.F.);
#1091 = FACE_BOUND('',#1092,.F.);
#1092 = EDGE_LOOP('',(#1093,#1102,#1108,#1109));
#1093 = ORIENTED_EDGE('',*,*,#1094,.F.);
#1094 = EDGE_CURVE('',#1095,#1095,#1097,.T.);
#1095 = VERTEX_POINT('',#1096);
#1096 = CARTESIAN_POINT('',(68.75,27.5,18.5));
#1097 = CIRCLE('',#1098,1.25);
#1098 = AXIS2_PLACEMENT_3D('',#1099,#1100,#1101);
#1099 = CARTESIAN_POINT('',(70.,27.5,18.5));
#1100 = DIRECTION('',(0.,0.,-1.));
#1101 = DIRECTION('',(-1.,0.,0.));
#1102 = ORIENTED_EDGE('',*,*,#1103,.F.);
#1103 = EDGE_CURVE('',#460,#1095,#1104,.T.);
#1104 = LINE('',#1105,#1106);
#1105 = CARTESIAN_POINT('',(68.75,27.5,26.5));
#1106 = VECTOR('',#1107,1.);
#1107 = DIRECTION('',(0.,0.,-1.));
#1108 = ORIENTED_EDGE('',*,*,#459,.T.);
#1109 = ORIENTED_EDGE('',*,*,#1103,.T.);
#1110 = CYLINDRICAL_SURFACE('',#1111,1.25);
#1111 = AXIS2_PLACEMENT_3D('',#1112,#1113,#1114);
#1112 = CARTESIAN_POINT('',(70.,27.5,26.5));
#1113 = DIRECTION('',(0.,0.,-1.));
#1114 = DIRECTION('',(-1.,0.,0.));
#1115 = ADVANCED_FACE('',(#1116),#1135,.F.);
#1116 = FACE_BOUND('',#1117,.F.);
#1117 = EDGE_LOOP('',(#1118,#1127,#1133,#1134));
#1118 = ORIENTED_EDGE('',*,*,#1119,.F.);
#1119 = EDGE_CURVE('',#1120,#1120,#1122,.T.);
#1120 = VERTEX_POINT('',#1121);
#1121 = CARTESIAN_POINT('',(93.75,27.5,18.5));
#1122 = CIRCLE('',#1123,1.25);
#1123 = AXIS2_PLACEMENT_3D('',#1124,#1125,#1126);
#1124 = CARTESIAN_POINT('',(95.,27.5,18.5));
#1125 = DIRECTION('',(0.,0.,-1.));
#1126 = DIRECTION('',(-1.,0.,0.));
#1127 = ORIENTED_EDGE('',*,*,#1128,.F.);
#1128 = EDGE_CURVE('',#471,#1120,#1129,.T.);
#1129 = LINE('',#1130,#1131);
#1130 = CARTESIAN_POINT('',(93.75,27.5,26.5));
#1131 = VECTOR('',#1132,1.);
#1132 = DIRECTION('',(0.,0.,-1.));
#1133 = ORIENTED_EDGE('',*,*,#470,.T.);
#1134 = ORIENTED_EDGE('',*,*,#1128,.T.);
#1135 = CYLINDRICAL_SURFACE('',#1136,1.25);
#1136 = AXIS2_PLACEMENT_3D('',#1137,#1138,#1139);
#1137 = CARTESIAN_POINT('',(95.,27.5,26.5));
#1138 = DIRECTION('',(0.,0.,-1.));
#1139 = DIRECTION('',(-1.,0.,0.));
#1140 = ADVANCED_FACE('',(#1141),#1160,.F.);
#1141 = FACE_BOUND('',#1142,.F.);
#1142 = EDGE_LOOP('',(#1143,#1152,#1158,#1159));
#1143 = ORIENTED_EDGE('',*,*,#1144,.F.);
#1144 = EDGE_CURVE('',#1145,#1145,#1147,.T.);
#1145 = VERTEX_POINT('',#1146);
#1146 = CARTESIAN_POINT('',(118.75,27.5,18.5));
#1147 = CIRCLE('',#1148,1.25);
#1148 = AXIS2_PLACEMENT_3D('',#1149,#1150,#1151);
#1149 = CARTESIAN_POINT('',(120.,27.5,18.5));
#1150 = DIRECTION('',(0.,0.,-1.));
#1151 = DIRECTION('',(-1.,0.,0.));
#1152 = ORIENTED_EDGE('',*,*,#1153,.F.);
#1153 = EDGE_CURVE('',#482,#1145,#1154,.T.);
#1154 = LINE('',#1155,#1156);
#1155 = CARTESIAN_POINT('',(118.75,27.5,26.5));
#1156 = VECTOR('',#1157,1.);
#1157 = DIRECTION('',(0.,0.,-1.));
#1158 = ORIENTED_EDGE('',*,*,#481,.T.);
#1159 = ORIENTED_EDGE('',*,*,#1153,.T.);
#1160 = CYLINDRICAL_SURFACE('',#1161,1.25);
#1161 = AXIS2_PLACEMENT_3D('',#1162,#1163,#1164);
#1162 = CARTESIAN_POINT('',(120.,27.5,26.5));
#1163 = DIRECTION('',(0.,0.,-1.));
#1164 = DIRECTION('',(-1.,0.,0.));
#1165 = ADVANCED_FACE('',(#1166),#1185,.F.);
#1166 = FACE_BOUND('',#1167,.F.);
#1167 = EDGE_LOOP('',(#1168,#1177,#1183,#1184));
#1168 = ORIENTED_EDGE('',*,*,#1169,.F.);
#1169 = EDGE_CURVE('',#1170,#1170,#1172,.T.);
#1170 = VERTEX_POINT('',#1171);
#1171 = CARTESIAN_POINT('',(143.75,27.5,18.5));
#1172 = CIRCLE('',#1173,1.25);
#1173 = AXIS2_PLACEMENT_3D('',#1174,#1175,#1176);
#1174 = CARTESIAN_POINT('',(145.,27.5,18.5));
#1175 = DIRECTION('',(0.,0.,-1.));
#1176 = DIRECTION('',(-1.,0.,0.));
#1177 = ORIENTED_EDGE('',*,*,#1178,.F.);
#1178 = EDGE_CURVE('',#493,#1170,#1179,.T.);
#1179 = LINE('',#1180,#1181);
#1180 = CARTESIAN_POINT('',(143.75,27.5,26.5));
#1181 = VECTOR('',#1182,1.);
#1182 = DIRECTION('',(0.,0.,-1.));
#1183 = ORIENTED_EDGE('',*,*,#492,.T.);
#1184 = ORIENTED_EDGE('',*,*,#1178,.T.);
#1185 = CYLINDRICAL_SURFACE('',#1186,1.25);
#1186 = AXIS2_PLACEMENT_3D('',#1187,#1188,#1189);
#1187 = CARTESIAN_POINT('',(145.,27.5,26.5));
#1188 = DIRECTION('',(0.,0.,-1.));
#1189 = DIRECTION('',(-1.,0.,0.));
#1190 = ADVANCED_FACE('',(#1191),#1210,.F.);
#1191 = FACE_BOUND('',#1192,.F.);
#1192 = EDGE_LOOP('',(#1193,#1202,#1208,#1209));
#1193 = ORIENTED_EDGE('',*,*,#1194,.F.);
#1194 = EDGE_CURVE('',#1195,#1195,#1197,.T.);
#1195 = VERTEX_POINT('',#1196);
#1196 = CARTESIAN_POINT('',(168.75,27.5,18.5));
#1197 = CIRCLE('',#1198,1.25);
#1198 = AXIS2_PLACEMENT_3D('',#1199,#1200,#1201);
#1199 = CARTESIAN_POINT('',(170.,27.5,18.5));
#1200 = DIRECTION('',(0.,0.,-1.));
#1201 = DIRECTION('',(-1.,0.,0.));
#1202 = ORIENTED_EDGE('',*,*,#1203,.F.);
#1203 = EDGE_CURVE('',#504,#1195,#1204,.T.);
#1204 = LINE('',#1205,#1206);
#1205 = CARTESIAN_POINT('',(168.75,27.5,26.5));
#1206 = VECTOR('',#1207,1.);
#1207 = DIRECTION('',(0.,0.,-1.));
#1208 = ORIENTED_EDGE('',*,*,#503,.T.);
#1209 = ORIENTED_EDGE('',*,*,#1203,.T.);
#1210 = CYLINDRICAL_SURFACE('',#1211,1.25);
#1211 = AXIS2_PLACEMENT_3D('',#1212,#1213,#1214);
#1212 = CARTESIAN_POINT('',(170.,27.5,26.5));
#1213 = DIRECTION('',(0.,0.,-1.));
#1214 = DIRECTION('',(-1.,0.,0.));
#1215 = ADVANCED_FACE('',(#1216),#1235,.F.);
#1216 = FACE_BOUND('',#1217,.F.);
#1217 = EDGE_LOOP('',(#1218,#1227,#1233,#1234));
#1218 = ORIENTED_EDGE('',*,*,#1219,.F.);
#1219 = EDGE_CURVE('',#1220,#1220,#1222,.T.);
#1220 = VERTEX_POINT('',#1221);
#1221 = CARTESIAN_POINT('',(193.75,27.5,18.5));
#1222 = CIRCLE('',#1223,1.25);
#1223 = AXIS2_PLACEMENT_3D('',#1224,#1225,#1226);
#1224 = CARTESIAN_POINT('',(195.,27.5,18.5));
#1225 = DIRECTION('',(0.,0.,-1.));
#1226 = DIRECTION('',(-1.,0.,0.));
#1227 = ORIENTED_EDGE('',*,*,#1228,.F.);
#1228 = EDGE_CURVE('',#515,#1220,#1229,.T.);
#1229 = LINE('',#1230,#1231);
#1230 = CARTESIAN_POINT('',(193.75,27.5,26.5));
#1231 = VECTOR('',#1232,1.);
#1232 = DIRECTION('',(0.,0.,-1.));
#1233 = ORIENTED_EDGE('',*,*,#514,.T.);
#1234 = ORIENTED_EDGE('',*,*,#1228,.T.);
#1235 = CYLINDRICAL_SURFACE('',#1236,1.25);
#1236 = AXIS2_PLACEMENT_3D('',#1237,#1238,#1239);
#1237 = CARTESIAN_POINT('',(195.,27.5,26.5));
#1238 = DIRECTION('',(0.,0.,-1.));
#1239 = DIRECTION('',(-1.,0.,0.));
#1240 = ADVANCED_FACE('',(#1241),#1260,.F.);
#1241 = FACE_BOUND('',#1242,.F.);
#1242 = EDGE_LOOP('',(#1243,#1252,#1258,#1259));
#1243 = ORIENTED_EDGE('',*,*,#1244,.F.);
#1244 = EDGE_CURVE('',#1245,#1245,#1247,.T.);
#1245 = VERTEX_POINT('',#1246);
#1246 = CARTESIAN_POINT('',(218.75,27.5,18.5));
#1247 = CIRCLE('',#1248,1.25);
#1248 = AXIS2_PLACEMENT_3D('',#1249,#1250,#1251);
#1249 = CARTESIAN_POINT('',(220.,27.5,18.5));
#1250 = DIRECTION('',(0.,0.,-1.));
#1251 = DIRECTION('',(-1.,0.,0.));
#1252 = ORIENTED_EDGE('',*,*,#1253,.F.);
#1253 = EDGE_CURVE('',#526,#1245,#1254,.T.);
#1254 = LINE('',#1255,#1256);
#1255 = CARTESIAN_POINT('',(218.75,27.5,26.5));
#1256 = VECTOR('',#1257,1.);
#1257 = DIRECTION('',(0.,0.,-1.));
#1258 = ORIENTED_EDGE('',*,*,#525,.T.);
#1259 = ORIENTED_EDGE('',*,*,#1253,.T.);
#1260 = CYLINDRICAL_SURFACE('',#1261,1.25);
#1261 = AXIS2_PLACEMENT_3D('',#1262,#1263,#1264);
#1262 = CARTESIAN_POINT('',(220.,27.5,26.5));
#1263 = DIRECTION('',(0.,0.,-1.));
#1264 = DIRECTION('',(-1.,0.,0.));
#1265 = ADVANCED_FACE('',(#1266),#1285,.F.);
#1266 = FACE_BOUND('',#1267,.F.);
#1267 = EDGE_LOOP('',(#1268,#1276,#1277,#1278));
#1268 = ORIENTED_EDGE('',*,*,#1269,.T.);
#1269 = EDGE_CURVE('',#1270,#633,#1272,.T.);
#1270 = VERTEX_POINT('',#1271);
#1271 = CARTESIAN_POINT('',(26.7,-8.082668874373E-16,3.2));
#1272 = LINE('',#1273,#1274);
#1273 = CARTESIAN_POINT('',(26.7,-8.082668874373E-16,10.));
#1274 = VECTOR('',#1275,1.);
#1275 = DIRECTION('',(0.,0.,-1.));
#1276 = ORIENTED_EDGE('',*,*,#632,.F.);
#1277 = ORIENTED_EDGE('',*,*,#1269,.F.);
#1278 = ORIENTED_EDGE('',*,*,#1279,.T.);
#1279 = EDGE_CURVE('',#1270,#1270,#1280,.T.);
#1280 = CIRCLE('',#1281,3.3);
#1281 = AXIS2_PLACEMENT_3D('',#1282,#1283,#1284);
#1282 = CARTESIAN_POINT('',(30.,0.,3.2));
#1283 = DIRECTION('',(0.,0.,-1.));
#1284 = DIRECTION('',(-1.,0.,0.));
#1285 = CYLINDRICAL_SURFACE('',#1286,3.3);
#1286 = AXIS2_PLACEMENT_3D('',#1287,#1288,#1289);
#1287 = CARTESIAN_POINT('',(30.,0.,10.));
#1288 = DIRECTION('',(0.,0.,-1.));
#1289 = DIRECTION('',(-1.,0.,0.));
#1290 = ADVANCED_FACE('',(#1291),#1310,.F.);
#1291 = FACE_BOUND('',#1292,.F.);
#1292 = EDGE_LOOP('',(#1293,#1301,#1302,#1303));
#1293 = ORIENTED_EDGE('',*,*,#1294,.T.);
#1294 = EDGE_CURVE('',#1295,#644,#1297,.T.);
#1295 = VERTEX_POINT('',#1296);
#1296 = CARTESIAN_POINT('',(86.7,-8.082668874373E-16,3.2));
#1297 = LINE('',#1298,#1299);
#1298 = CARTESIAN_POINT('',(86.7,-8.082668874373E-16,10.));
#1299 = VECTOR('',#1300,1.);
#1300 = DIRECTION('',(0.,0.,-1.));
#1301 = ORIENTED_EDGE('',*,*,#643,.F.);
#1302 = ORIENTED_EDGE('',*,*,#1294,.F.);
#1303 = ORIENTED_EDGE('',*,*,#1304,.T.);
#1304 = EDGE_CURVE('',#1295,#1295,#1305,.T.);
#1305 = CIRCLE('',#1306,3.3);
#1306 = AXIS2_PLACEMENT_3D('',#1307,#1308,#1309);
#1307 = CARTESIAN_POINT('',(90.,0.,3.2));
#1308 = DIRECTION('',(0.,0.,-1.));
#1309 = DIRECTION('',(-1.,0.,0.));
#1310 = CYLINDRICAL_SURFACE('',#1311,3.3);
#1311 = AXIS2_PLACEMENT_3D('',#1312,#1313,#1314);
#1312 = CARTESIAN_POINT('',(90.,0.,10.));
#1313 = DIRECTION('',(0.,0.,-1.));
#1314 = DIRECTION('',(-1.,0.,0.));
#1315 = ADVANCED_FACE('',(#1316),#1335,.F.);
#1316 = FACE_BOUND('',#1317,.F.);
#1317 = EDGE_LOOP('',(#1318,#1326,#1327,#1328));
#1318 = ORIENTED_EDGE('',*,*,#1319,.T.);
#1319 = EDGE_CURVE('',#1320,#655,#1322,.T.);
#1320 = VERTEX_POINT('',#1321);
#1321 = CARTESIAN_POINT('',(146.7,-8.082668874373E-16,3.2));
#1322 = LINE('',#1323,#1324);
#1323 = CARTESIAN_POINT('',(146.7,-8.082668874373E-16,10.));
#1324 = VECTOR('',#1325,1.);
#1325 = DIRECTION('',(0.,0.,-1.));
#1326 = ORIENTED_EDGE('',*,*,#654,.F.);
#1327 = ORIENTED_EDGE('',*,*,#1319,.F.);
#1328 = ORIENTED_EDGE('',*,*,#1329,.T.);
#1329 = EDGE_CURVE('',#1320,#1320,#1330,.T.);
#1330 = CIRCLE('',#1331,3.3);
#1331 = AXIS2_PLACEMENT_3D('',#1332,#1333,#1334);
#1332 = CARTESIAN_POINT('',(150.,0.,3.2));
#1333 = DIRECTION('',(0.,0.,-1.));
#1334 = DIRECTION('',(-1.,0.,0.));
#1335 = CYLINDRICAL_SURFACE('',#1336,3.3);
#1336 = AXIS2_PLACEMENT_3D('',#1337,#1338,#1339);
#1337 = CARTESIAN_POINT('',(150.,0.,10.));
#1338 = DIRECTION('',(0.,0.,-1.));
#1339 = DIRECTION('',(-1.,0.,0.));
#1340 = ADVANCED_FACE('',(#1341),#1360,.F.);
#1341 = FACE_BOUND('',#1342,.F.);
#1342 = EDGE_LOOP('',(#1343,#1351,#1352,#1353));
#1343 = ORIENTED_EDGE('',*,*,#1344,.T.);
#1344 = EDGE_CURVE('',#1345,#666,#1347,.T.);
#1345 = VERTEX_POINT('',#1346);
#1346 = CARTESIAN_POINT('',(206.7,-8.082668874373E-16,3.2));
#1347 = LINE('',#1348,#1349);
#1348 = CARTESIAN_POINT('',(206.7,-8.082668874373E-16,10.));
#1349 = VECTOR('',#1350,1.);
#1350 = DIRECTION('',(0.,0.,-1.));
#1351 = ORIENTED_EDGE('',*,*,#665,.F.);
#1352 = ORIENTED_EDGE('',*,*,#1344,.F.);
#1353 = ORIENTED_EDGE('',*,*,#1354,.T.);
#1354 = EDGE_CURVE('',#1345,#1345,#1355,.T.);
#1355 = CIRCLE('',#1356,3.3);
#1356 = AXIS2_PLACEMENT_3D('',#1357,#1358,#1359);
#1357 = CARTESIAN_POINT('',(210.,0.,3.2));
#1358 = DIRECTION('',(0.,0.,-1.));
#1359 = DIRECTION('',(-1.,0.,0.));
#1360 = CYLINDRICAL_SURFACE('',#1361,3.3);
#1361 = AXIS2_PLACEMENT_3D('',#1362,#1363,#1364);
#1362 = CARTESIAN_POINT('',(210.,0.,10.));
#1363 = DIRECTION('',(0.,0.,-1.));
#1364 = DIRECTION('',(-1.,0.,0.));
#1365 = ADVANCED_FACE('',(#1366),#1369,.F.);
#1366 = FACE_BOUND('',#1367,.F.);
#1367 = EDGE_LOOP('',(#1368));
#1368 = ORIENTED_EDGE('',*,*,#719,.T.);
#1369 = PLANE('',#1370);
#1370 = AXIS2_PLACEMENT_3D('',#1371,#1372,#1373);
#1371 = CARTESIAN_POINT('',(20.,-27.5,18.5));
#1372 = DIRECTION('',(0.,0.,-1.));
#1373 = DIRECTION('',(-1.,0.,0.));
#1374 = ADVANCED_FACE('',(#1375),#1378,.F.);
#1375 = FACE_BOUND('',#1376,.F.);
#1376 = EDGE_LOOP('',(#1377));
#1377 = ORIENTED_EDGE('',*,*,#744,.T.);
#1378 = PLANE('',#1379);
#1379 = AXIS2_PLACEMENT_3D('',#1380,#1381,#1382);
#1380 = CARTESIAN_POINT('',(45.,-27.5,18.5));
#1381 = DIRECTION('',(0.,0.,-1.));
#1382 = DIRECTION('',(-1.,0.,0.));
#1383 = ADVANCED_FACE('',(#1384),#1387,.F.);
#1384 = FACE_BOUND('',#1385,.F.);
#1385 = EDGE_LOOP('',(#1386));
#1386 = ORIENTED_EDGE('',*,*,#769,.T.);
#1387 = PLANE('',#1388);
#1388 = AXIS2_PLACEMENT_3D('',#1389,#1390,#1391);
#1389 = CARTESIAN_POINT('',(70.,-27.5,18.5));
#1390 = DIRECTION('',(0.,0.,-1.));
#1391 = DIRECTION('',(-1.,0.,0.));
#1392 = ADVANCED_FACE('',(#1393),#1396,.F.);
#1393 = FACE_BOUND('',#1394,.F.);
#1394 = EDGE_LOOP('',(#1395));
#1395 = ORIENTED_EDGE('',*,*,#794,.T.);
#1396 = PLANE('',#1397);
#1397 = AXIS2_PLACEMENT_3D('',#1398,#1399,#1400);
#1398 = CARTESIAN_POINT('',(95.,-27.5,18.5));
#1399 = DIRECTION('',(0.,0.,-1.));
#1400 = DIRECTION('',(-1.,0.,0.));
#1401 = ADVANCED_FACE('',(#1402),#1405,.F.);
#1402 = FACE_BOUND('',#1403,.F.);
#1403 = EDGE_LOOP('',(#1404));
#1404 = ORIENTED_EDGE('',*,*,#819,.T.);
#1405 = PLANE('',#1406);
#1406 = AXIS2_PLACEMENT_3D('',#1407,#1408,#1409);
#1407 = CARTESIAN_POINT('',(120.,-27.5,18.5));
#1408 = DIRECTION('',(0.,0.,-1.));
#1409 = DIRECTION('',(-1.,0.,0.));
#1410 = ADVANCED_FACE('',(#1411),#1414,.F.);
#1411 = FACE_BOUND('',#1412,.F.);
#1412 = EDGE_LOOP('',(#1413));
#1413 = ORIENTED_EDGE('',*,*,#844,.T.);
#1414 = PLANE('',#1415);
#1415 = AXIS2_PLACEMENT_3D('',#1416,#1417,#1418);
#1416 = CARTESIAN_POINT('',(145.,-27.5,18.5));
#1417 = DIRECTION('',(0.,0.,-1.));
#1418 = DIRECTION('',(-1.,0.,0.));
#1419 = ADVANCED_FACE('',(#1420),#1423,.F.);
#1420 = FACE_BOUND('',#1421,.F.);
#1421 = EDGE_LOOP('',(#1422));
#1422 = ORIENTED_EDGE('',*,*,#869,.T.);
#1423 = PLANE('',#1424);
#1424 = AXIS2_PLACEMENT_3D('',#1425,#1426,#1427);
#1425 = CARTESIAN_POINT('',(170.,-27.5,18.5));
#1426 = DIRECTION('',(0.,0.,-1.));
#1427 = DIRECTION('',(-1.,0.,0.));
#1428 = ADVANCED_FACE('',(#1429),#1432,.F.);
#1429 = FACE_BOUND('',#1430,.F.);
#1430 = EDGE_LOOP('',(#1431));
#1431 = ORIENTED_EDGE('',*,*,#894,.T.);
#1432 = PLANE('',#1433);
#1433 = AXIS2_PLACEMENT_3D('',#1434,#1435,#1436);
#1434 = CARTESIAN_POINT('',(195.,-27.5,18.5));
#1435 = DIRECTION('',(0.,0.,-1.));
#1436 = DIRECTION('',(-1.,0.,0.));
#1437 = ADVANCED_FACE('',(#1438),#1441,.F.);
#1438 = FACE_BOUND('',#1439,.F.);
#1439 = EDGE_LOOP('',(#1440));
#1440 = ORIENTED_EDGE('',*,*,#919,.T.);
#1441 = PLANE('',#1442);
#1442 = AXIS2_PLACEMENT_3D('',#1443,#1444,#1445);
#1443 = CARTESIAN_POINT('',(220.,-27.5,18.5));
#1444 = DIRECTION('',(0.,0.,-1.));
#1445 = DIRECTION('',(-1.,0.,0.));
#1446 = ADVANCED_FACE('',(#1447,#1450),#1453,.F.);
#1447 = FACE_BOUND('',#1448,.F.);
#1448 = EDGE_LOOP('',(#1449));
#1449 = ORIENTED_EDGE('',*,*,#944,.T.);
#1450 = FACE_BOUND('',#1451,.F.);
#1451 = EDGE_LOOP('',(#1452));
#1452 = ORIENTED_EDGE('',*,*,#1279,.F.);
#1453 = PLANE('',#1454);
#1454 = AXIS2_PLACEMENT_3D('',#1455,#1456,#1457);
#1455 = CARTESIAN_POINT('',(30.,0.,3.2));
#1456 = DIRECTION('',(0.,0.,-1.));
#1457 = DIRECTION('',(-1.,0.,0.));
#1458 = ADVANCED_FACE('',(#1459,#1462),#1465,.F.);
#1459 = FACE_BOUND('',#1460,.F.);
#1460 = EDGE_LOOP('',(#1461));
#1461 = ORIENTED_EDGE('',*,*,#969,.T.);
#1462 = FACE_BOUND('',#1463,.F.);
#1463 = EDGE_LOOP('',(#1464));
#1464 = ORIENTED_EDGE('',*,*,#1304,.F.);
#1465 = PLANE('',#1466);
#1466 = AXIS2_PLACEMENT_3D('',#1467,#1468,#1469);
#1467 = CARTESIAN_POINT('',(90.,0.,3.2));
#1468 = DIRECTION('',(0.,0.,-1.));
#1469 = DIRECTION('',(-1.,0.,0.));
#1470 = ADVANCED_FACE('',(#1471,#1474),#1477,.F.);
#1471 = FACE_BOUND('',#1472,.F.);
#1472 = EDGE_LOOP('',(#1473));
#1473 = ORIENTED_EDGE('',*,*,#994,.T.);
#1474 = FACE_BOUND('',#1475,.F.);
#1475 = EDGE_LOOP('',(#1476));
#1476 = ORIENTED_EDGE('',*,*,#1329,.F.);
#1477 = PLANE('',#1478);
#1478 = AXIS2_PLACEMENT_3D('',#1479,#1480,#1481);
#1479 = CARTESIAN_POINT('',(150.,0.,3.2));
#1480 = DIRECTION('',(0.,0.,-1.));
#1481 = DIRECTION('',(-1.,0.,0.));
#1482 = ADVANCED_FACE('',(#1483,#1486),#1489,.F.);
#1483 = FACE_BOUND('',#1484,.F.);
#1484 = EDGE_LOOP('',(#1485));
#1485 = ORIENTED_EDGE('',*,*,#1019,.T.);
#1486 = FACE_BOUND('',#1487,.F.);
#1487 = EDGE_LOOP('',(#1488));
#1488 = ORIENTED_EDGE('',*,*,#1354,.F.);
#1489 = PLANE('',#1490);
#1490 = AXIS2_PLACEMENT_3D('',#1491,#1492,#1493);
#1491 = CARTESIAN_POINT('',(210.,0.,3.2));
#1492 = DIRECTION('',(0.,0.,-1.));
#1493 = DIRECTION('',(-1.,0.,0.));
#1494 = ADVANCED_FACE('',(#1495),#1498,.F.);
#1495 = FACE_BOUND('',#1496,.F.);
#1496 = EDGE_LOOP('',(#1497));
#1497 = ORIENTED_EDGE('',*,*,#1044,.T.);
#1498 = PLANE('',#1499);
#1499 = AXIS2_PLACEMENT_3D('',#1500,#1501,#1502);
#1500 = CARTESIAN_POINT('',(20.,27.5,18.5));
#1501 = DIRECTION('',(0.,0.,-1.));
#1502 = DIRECTION('',(-1.,0.,0.));
#1503 = ADVANCED_FACE('',(#1504),#1507,.F.);
#1504 = FACE_BOUND('',#1505,.F.);
#1505 = EDGE_LOOP('',(#1506));
#1506 = ORIENTED_EDGE('',*,*,#1069,.T.);
#1507 = PLANE('',#1508);
#1508 = AXIS2_PLACEMENT_3D('',#1509,#1510,#1511);
#1509 = CARTESIAN_POINT('',(45.,27.5,18.5));
#1510 = DIRECTION('',(0.,0.,-1.));
#1511 = DIRECTION('',(-1.,0.,0.));
#1512 = ADVANCED_FACE('',(#1513),#1516,.F.);
#1513 = FACE_BOUND('',#1514,.F.);
#1514 = EDGE_LOOP('',(#1515));
#1515 = ORIENTED_EDGE('',*,*,#1094,.T.);
#1516 = PLANE('',#1517);
#1517 = AXIS2_PLACEMENT_3D('',#1518,#1519,#1520);
#1518 = CARTESIAN_POINT('',(70.,27.5,18.5));
#1519 = DIRECTION('',(0.,0.,-1.));
#1520 = DIRECTION('',(-1.,0.,0.));
#1521 = ADVANCED_FACE('',(#1522),#1525,.F.);
#1522 = FACE_BOUND('',#1523,.F.);
#1523 = EDGE_LOOP('',(#1524));
#1524 = ORIENTED_EDGE('',*,*,#1119,.T.);
#1525 = PLANE('',#1526);
#1526 = AXIS2_PLACEMENT_3D('',#1527,#1528,#1529);
#1527 = CARTESIAN_POINT('',(95.,27.5,18.5));
#1528 = DIRECTION('',(0.,0.,-1.));
#1529 = DIRECTION('',(-1.,0.,0.));
#1530 = ADVANCED_FACE('',(#1531),#1534,.F.);
#1531 = FACE_BOUND('',#1532,.F.);
#1532 = EDGE_LOOP('',(#1533));
#1533 = ORIENTED_EDGE('',*,*,#1144,.T.);
#1534 = PLANE('',#1535);
#1535 = AXIS2_PLACEMENT_3D('',#1536,#1537,#1538);
#1536 = CARTESIAN_POINT('',(120.,27.5,18.5));
#1537 = DIRECTION('',(0.,0.,-1.));
#1538 = DIRECTION('',(-1.,0.,0.));
#1539 = ADVANCED_FACE('',(#1540),#1543,.F.);
#1540 = FACE_BOUND('',#1541,.F.);
#1541 = EDGE_LOOP('',(#1542));
#1542 = ORIENTED_EDGE('',*,*,#1169,.T.);
#1543 = PLANE('',#1544);
#1544 = AXIS2_PLACEMENT_3D('',#1545,#1546,#1547);
#1545 = CARTESIAN_POINT('',(145.,27.5,18.5));
#1546 = DIRECTION('',(0.,0.,-1.));
#1547 = DIRECTION('',(-1.,0.,0.));
#1548 = ADVANCED_FACE('',(#1549),#1552,.F.);
#1549 = FACE_BOUND('',#1550,.F.);
#1550 = EDGE_LOOP('',(#1551));
#1551 = ORIENTED_EDGE('',*,*,#1194,.T.);
#1552 = PLANE('',#1553);
#1553 = AXIS2_PLACEMENT_3D('',#1554,#1555,#1556);
#1554 = CARTESIAN_POINT('',(170.,27.5,18.5));
#1555 = DIRECTION('',(0.,0.,-1.));
#1556 = DIRECTION('',(-1.,0.,0.));
#1557 = ADVANCED_FACE('',(#1558),#1561,.F.);
#1558 = FACE_BOUND('',#1559,.F.);
#1559 = EDGE_LOOP('',(#1560));
#1560 = ORIENTED_EDGE('',*,*,#1219,.T.);
#1561 = PLANE('',#1562);
#1562 = AXIS2_PLACEMENT_3D('',#1563,#1564,#1565);
#1563 = CARTESIAN_POINT('',(195.,27.5,18.5));
#1564 = DIRECTION('',(0.,0.,-1.));
#1565 = DIRECTION('',(-1.,0.,0.));
#1566 = ADVANCED_FACE('',(#1567),#1570,.F.);
#1567 = FACE_BOUND('',#1568,.F.);
#1568 = EDGE_LOOP('',(#1569));
#1569 = ORIENTED_EDGE('',*,*,#1244,.T.);
#1570 = PLANE('',#1571);
#1571 = AXIS2_PLACEMENT_3D('',#1572,#1573,#1574);
#1572 = CARTESIAN_POINT('',(220.,27.5,18.5));
#1573 = DIRECTION('',(0.,0.,-1.));
#1574 = DIRECTION('',(-1.,0.,0.));
#1575 = MANIFOLD_SOLID_BREP('',#1576);
#1576 = CLOSED_SHELL('',(#1577,#1681,#1712,#1736,#1760,#1784,#1808,#1931
    ,#1955,#1979,#2003,#2027,#2051,#2167,#2187,#2212,#2237,#2262,#2287,
    #2312,#2337,#2362,#2387,#2412,#2437,#2462,#2487,#2512,#2537,#2562,
    #2587,#2612,#2637,#2649,#2661,#2673,#2685,#2697,#2709,#2721,#2733));
#1577 = ADVANCED_FACE('',(#1578),#1676,.F.);
#1578 = FACE_BOUND('',#1579,.F.);
#1579 = EDGE_LOOP('',(#1580,#1590,#1598,#1606,#1614,#1622,#1630,#1638,
    #1646,#1654,#1662,#1670));
#1580 = ORIENTED_EDGE('',*,*,#1581,.F.);
#1581 = EDGE_CURVE('',#1582,#1584,#1586,.T.);
#1582 = VERTEX_POINT('',#1583);
#1583 = CARTESIAN_POINT('',(5.,21.5,26.5));
#1584 = VERTEX_POINT('',#1585);
#1585 = CARTESIAN_POINT('',(5.,21.5,29.6));
#1586 = LINE('',#1587,#1588);
#1587 = CARTESIAN_POINT('',(5.,21.5,26.5));
#1588 = VECTOR('',#1589,1.);
#1589 = DIRECTION('',(0.,0.,1.));
#1590 = ORIENTED_EDGE('',*,*,#1591,.T.);
#1591 = EDGE_CURVE('',#1582,#1592,#1594,.T.);
#1592 = VERTEX_POINT('',#1593);
#1593 = CARTESIAN_POINT('',(5.,33.5,26.5));
#1594 = LINE('',#1595,#1596);
#1595 = CARTESIAN_POINT('',(5.,21.5,26.5));
#1596 = VECTOR('',#1597,1.);
#1597 = DIRECTION('',(0.,1.,0.));
#1598 = ORIENTED_EDGE('',*,*,#1599,.T.);
#1599 = EDGE_CURVE('',#1592,#1600,#1602,.T.);
#1600 = VERTEX_POINT('',#1601);
#1601 = CARTESIAN_POINT('',(5.,33.5,29.6));
#1602 = LINE('',#1603,#1604);
#1603 = CARTESIAN_POINT('',(5.,33.5,26.5));
#1604 = VECTOR('',#1605,1.);
#1605 = DIRECTION('',(0.,0.,1.));
#1606 = ORIENTED_EDGE('',*,*,#1607,.F.);
#1607 = EDGE_CURVE('',#1608,#1600,#1610,.T.);
#1608 = VERTEX_POINT('',#1609);
#1609 = CARTESIAN_POINT('',(5.,32.9,29.6));
#1610 = LINE('',#1611,#1612);
#1611 = CARTESIAN_POINT('',(5.,32.9,29.6));
#1612 = VECTOR('',#1613,1.);
#1613 = DIRECTION('',(0.,1.,0.));
#1614 = ORIENTED_EDGE('',*,*,#1615,.T.);
#1615 = EDGE_CURVE('',#1608,#1616,#1618,.T.);
#1616 = VERTEX_POINT('',#1617);
#1617 = CARTESIAN_POINT('',(5.,32.9,31.4));
#1618 = LINE('',#1619,#1620);
#1619 = CARTESIAN_POINT('',(5.,32.9,29.6));
#1620 = VECTOR('',#1621,1.);
#1621 = DIRECTION('',(0.,0.,1.));
#1622 = ORIENTED_EDGE('',*,*,#1623,.T.);
#1623 = EDGE_CURVE('',#1616,#1624,#1626,.T.);
#1624 = VERTEX_POINT('',#1625);
#1625 = CARTESIAN_POINT('',(5.,33.5,31.4));
#1626 = LINE('',#1627,#1628);
#1627 = CARTESIAN_POINT('',(5.,32.9,31.4));
#1628 = VECTOR('',#1629,1.);
#1629 = DIRECTION('',(0.,1.,0.));
#1630 = ORIENTED_EDGE('',*,*,#1631,.T.);
#1631 = EDGE_CURVE('',#1624,#1632,#1634,.T.);
#1632 = VERTEX_POINT('',#1633);
#1633 = CARTESIAN_POINT('',(5.,33.5,34.5));
#1634 = LINE('',#1635,#1636);
#1635 = CARTESIAN_POINT('',(5.,33.5,26.5));
#1636 = VECTOR('',#1637,1.);
#1637 = DIRECTION('',(0.,0.,1.));
#1638 = ORIENTED_EDGE('',*,*,#1639,.F.);
#1639 = EDGE_CURVE('',#1640,#1632,#1642,.T.);
#1640 = VERTEX_POINT('',#1641);
#1641 = CARTESIAN_POINT('',(5.,21.5,34.5));
#1642 = LINE('',#1643,#1644);
#1643 = CARTESIAN_POINT('',(5.,21.5,34.5));
#1644 = VECTOR('',#1645,1.);
#1645 = DIRECTION('',(0.,1.,0.));
#1646 = ORIENTED_EDGE('',*,*,#1647,.F.);
#1647 = EDGE_CURVE('',#1648,#1640,#1650,.T.);
#1648 = VERTEX_POINT('',#1649);
#1649 = CARTESIAN_POINT('',(5.,21.5,31.4));
#1650 = LINE('',#1651,#1652);
#1651 = CARTESIAN_POINT('',(5.,21.5,26.5));
#1652 = VECTOR('',#1653,1.);
#1653 = DIRECTION('',(0.,0.,1.));
#1654 = ORIENTED_EDGE('',*,*,#1655,.T.);
#1655 = EDGE_CURVE('',#1648,#1656,#1658,.T.);
#1656 = VERTEX_POINT('',#1657);
#1657 = CARTESIAN_POINT('',(5.,22.1,31.4));
#1658 = LINE('',#1659,#1660);
#1659 = CARTESIAN_POINT('',(5.,20.9,31.4));
#1660 = VECTOR('',#1661,1.);
#1661 = DIRECTION('',(0.,1.,0.));
#1662 = ORIENTED_EDGE('',*,*,#1663,.F.);
#1663 = EDGE_CURVE('',#1664,#1656,#1666,.T.);
#1664 = VERTEX_POINT('',#1665);
#1665 = CARTESIAN_POINT('',(5.,22.1,29.6));
#1666 = LINE('',#1667,#1668);
#1667 = CARTESIAN_POINT('',(5.,22.1,29.6));
#1668 = VECTOR('',#1669,1.);
#1669 = DIRECTION('',(0.,0.,1.));
#1670 = ORIENTED_EDGE('',*,*,#1671,.F.);
#1671 = EDGE_CURVE('',#1584,#1664,#1672,.T.);
#1672 = LINE('',#1673,#1674);
#1673 = CARTESIAN_POINT('',(5.,20.9,29.6));
#1674 = VECTOR('',#1675,1.);
#1675 = DIRECTION('',(0.,1.,0.));
#1676 = PLANE('',#1677);
#1677 = AXIS2_PLACEMENT_3D('',#1678,#1679,#1680);
#1678 = CARTESIAN_POINT('',(5.,21.5,26.5));
#1679 = DIRECTION('',(1.,0.,0.));
#1680 = DIRECTION('',(0.,0.,1.));
#1681 = ADVANCED_FACE('',(#1682),#1707,.F.);
#1682 = FACE_BOUND('',#1683,.F.);
#1683 = EDGE_LOOP('',(#1684,#1694,#1700,#1701));
#1684 = ORIENTED_EDGE('',*,*,#1685,.F.);
#1685 = EDGE_CURVE('',#1686,#1688,#1690,.T.);
#1686 = VERTEX_POINT('',#1687);
#1687 = CARTESIAN_POINT('',(235.,21.5,26.5));
#1688 = VERTEX_POINT('',#1689);
#1689 = CARTESIAN_POINT('',(235.,21.5,29.6));
#1690 = LINE('',#1691,#1692);
#1691 = CARTESIAN_POINT('',(235.,21.5,26.5));
#1692 = VECTOR('',#1693,1.);
#1693 = DIRECTION('',(0.,0.,1.));
#1694 = ORIENTED_EDGE('',*,*,#1695,.F.);
#1695 = EDGE_CURVE('',#1582,#1686,#1696,.T.);
#1696 = LINE('',#1697,#1698);
#1697 = CARTESIAN_POINT('',(5.,21.5,26.5));
#1698 = VECTOR('',#1699,1.);
#1699 = DIRECTION('',(1.,0.,0.));
#1700 = ORIENTED_EDGE('',*,*,#1581,.T.);
#1701 = ORIENTED_EDGE('',*,*,#1702,.T.);
#1702 = EDGE_CURVE('',#1584,#1688,#1703,.T.);
#1703 = LINE('',#1704,#1705);
#1704 = CARTESIAN_POINT('',(5.,21.5,29.6));
#1705 = VECTOR('',#1706,1.);
#1706 = DIRECTION('',(1.,0.,0.));
#1707 = PLANE('',#1708);
#1708 = AXIS2_PLACEMENT_3D('',#1709,#1710,#1711);
#1709 = CARTESIAN_POINT('',(5.,21.5,26.5));
#1710 = DIRECTION('',(0.,1.,0.));
#1711 = DIRECTION('',(0.,0.,1.));
#1712 = ADVANCED_FACE('',(#1713),#1731,.T.);
#1713 = FACE_BOUND('',#1714,.T.);
#1714 = EDGE_LOOP('',(#1715,#1716,#1717,#1725));
#1715 = ORIENTED_EDGE('',*,*,#1671,.F.);
#1716 = ORIENTED_EDGE('',*,*,#1702,.T.);
#1717 = ORIENTED_EDGE('',*,*,#1718,.T.);
#1718 = EDGE_CURVE('',#1688,#1719,#1721,.T.);
#1719 = VERTEX_POINT('',#1720);
#1720 = CARTESIAN_POINT('',(235.,22.1,29.6));
#1721 = LINE('',#1722,#1723);
#1722 = CARTESIAN_POINT('',(235.,20.9,29.6));
#1723 = VECTOR('',#1724,1.);
#1724 = DIRECTION('',(0.,1.,0.));
#1725 = ORIENTED_EDGE('',*,*,#1726,.F.);
#1726 = EDGE_CURVE('',#1664,#1719,#1727,.T.);
#1727 = LINE('',#1728,#1729);
#1728 = CARTESIAN_POINT('',(5.,22.1,29.6));
#1729 = VECTOR('',#1730,1.);
#1730 = DIRECTION('',(1.,0.,0.));
#1731 = PLANE('',#1732);
#1732 = AXIS2_PLACEMENT_3D('',#1733,#1734,#1735);
#1733 = CARTESIAN_POINT('',(5.,20.9,29.6));
#1734 = DIRECTION('',(0.,0.,1.));
#1735 = DIRECTION('',(1.,0.,0.));
#1736 = ADVANCED_FACE('',(#1737),#1755,.F.);
#1737 = FACE_BOUND('',#1738,.F.);
#1738 = EDGE_LOOP('',(#1739,#1740,#1741,#1749));
#1739 = ORIENTED_EDGE('',*,*,#1726,.F.);
#1740 = ORIENTED_EDGE('',*,*,#1663,.T.);
#1741 = ORIENTED_EDGE('',*,*,#1742,.T.);
#1742 = EDGE_CURVE('',#1656,#1743,#1745,.T.);
#1743 = VERTEX_POINT('',#1744);
#1744 = CARTESIAN_POINT('',(235.,22.1,31.4));
#1745 = LINE('',#1746,#1747);
#1746 = CARTESIAN_POINT('',(5.,22.1,31.4));
#1747 = VECTOR('',#1748,1.);
#1748 = DIRECTION('',(1.,0.,0.));
#1749 = ORIENTED_EDGE('',*,*,#1750,.F.);
#1750 = EDGE_CURVE('',#1719,#1743,#1751,.T.);
#1751 = LINE('',#1752,#1753);
#1752 = CARTESIAN_POINT('',(235.,22.1,29.6));
#1753 = VECTOR('',#1754,1.);
#1754 = DIRECTION('',(0.,0.,1.));
#1755 = PLANE('',#1756);
#1756 = AXIS2_PLACEMENT_3D('',#1757,#1758,#1759);
#1757 = CARTESIAN_POINT('',(5.,22.1,29.6));
#1758 = DIRECTION('',(0.,1.,0.));
#1759 = DIRECTION('',(0.,0.,1.));
#1760 = ADVANCED_FACE('',(#1761),#1779,.F.);
#1761 = FACE_BOUND('',#1762,.F.);
#1762 = EDGE_LOOP('',(#1763,#1764,#1772,#1778));
#1763 = ORIENTED_EDGE('',*,*,#1655,.F.);
#1764 = ORIENTED_EDGE('',*,*,#1765,.T.);
#1765 = EDGE_CURVE('',#1648,#1766,#1768,.T.);
#1766 = VERTEX_POINT('',#1767);
#1767 = CARTESIAN_POINT('',(235.,21.5,31.4));
#1768 = LINE('',#1769,#1770);
#1769 = CARTESIAN_POINT('',(5.,21.5,31.4));
#1770 = VECTOR('',#1771,1.);
#1771 = DIRECTION('',(1.,0.,0.));
#1772 = ORIENTED_EDGE('',*,*,#1773,.T.);
#1773 = EDGE_CURVE('',#1766,#1743,#1774,.T.);
#1774 = LINE('',#1775,#1776);
#1775 = CARTESIAN_POINT('',(235.,20.9,31.4));
#1776 = VECTOR('',#1777,1.);
#1777 = DIRECTION('',(0.,1.,0.));
#1778 = ORIENTED_EDGE('',*,*,#1742,.F.);
#1779 = PLANE('',#1780);
#1780 = AXIS2_PLACEMENT_3D('',#1781,#1782,#1783);
#1781 = CARTESIAN_POINT('',(5.,20.9,31.4));
#1782 = DIRECTION('',(0.,0.,1.));
#1783 = DIRECTION('',(1.,0.,0.));
#1784 = ADVANCED_FACE('',(#1785),#1803,.F.);
#1785 = FACE_BOUND('',#1786,.F.);
#1786 = EDGE_LOOP('',(#1787,#1795,#1796,#1797));
#1787 = ORIENTED_EDGE('',*,*,#1788,.F.);
#1788 = EDGE_CURVE('',#1766,#1789,#1791,.T.);
#1789 = VERTEX_POINT('',#1790);
#1790 = CARTESIAN_POINT('',(235.,21.5,34.5));
#1791 = LINE('',#1792,#1793);
#1792 = CARTESIAN_POINT('',(235.,21.5,26.5));
#1793 = VECTOR('',#1794,1.);
#1794 = DIRECTION('',(0.,0.,1.));
#1795 = ORIENTED_EDGE('',*,*,#1765,.F.);
#1796 = ORIENTED_EDGE('',*,*,#1647,.T.);
#1797 = ORIENTED_EDGE('',*,*,#1798,.T.);
#1798 = EDGE_CURVE('',#1640,#1789,#1799,.T.);
#1799 = LINE('',#1800,#1801);
#1800 = CARTESIAN_POINT('',(5.,21.5,34.5));
#1801 = VECTOR('',#1802,1.);
#1802 = DIRECTION('',(1.,0.,0.));
#1803 = PLANE('',#1804);
#1804 = AXIS2_PLACEMENT_3D('',#1805,#1806,#1807);
#1805 = CARTESIAN_POINT('',(5.,21.5,26.5));
#1806 = DIRECTION('',(0.,1.,0.));
#1807 = DIRECTION('',(0.,0.,1.));
#1808 = ADVANCED_FACE('',(#1809,#1827,#1838,#1849,#1860,#1871,#1882,
    #1893,#1904,#1915),#1926,.T.);
#1809 = FACE_BOUND('',#1810,.T.);
#1810 = EDGE_LOOP('',(#1811,#1812,#1813,#1821));
#1811 = ORIENTED_EDGE('',*,*,#1639,.F.);
#1812 = ORIENTED_EDGE('',*,*,#1798,.T.);
#1813 = ORIENTED_EDGE('',*,*,#1814,.T.);
#1814 = EDGE_CURVE('',#1789,#1815,#1817,.T.);
#1815 = VERTEX_POINT('',#1816);
#1816 = CARTESIAN_POINT('',(235.,33.5,34.5));
#1817 = LINE('',#1818,#1819);
#1818 = CARTESIAN_POINT('',(235.,21.5,34.5));
#1819 = VECTOR('',#1820,1.);
#1820 = DIRECTION('',(0.,1.,0.));
#1821 = ORIENTED_EDGE('',*,*,#1822,.F.);
#1822 = EDGE_CURVE('',#1632,#1815,#1823,.T.);
#1823 = LINE('',#1824,#1825);
#1824 = CARTESIAN_POINT('',(5.,33.5,34.5));
#1825 = VECTOR('',#1826,1.);
#1826 = DIRECTION('',(1.,0.,0.));
#1827 = FACE_BOUND('',#1828,.T.);
#1828 = EDGE_LOOP('',(#1829));
#1829 = ORIENTED_EDGE('',*,*,#1830,.T.);
#1830 = EDGE_CURVE('',#1831,#1831,#1833,.T.);
#1831 = VERTEX_POINT('',#1832);
#1832 = CARTESIAN_POINT('',(17.,27.5,34.5));
#1833 = CIRCLE('',#1834,3.);
#1834 = AXIS2_PLACEMENT_3D('',#1835,#1836,#1837);
#1835 = CARTESIAN_POINT('',(20.,27.5,34.5));
#1836 = DIRECTION('',(0.,0.,-1.));
#1837 = DIRECTION('',(-1.,0.,0.));
#1838 = FACE_BOUND('',#1839,.T.);
#1839 = EDGE_LOOP('',(#1840));
#1840 = ORIENTED_EDGE('',*,*,#1841,.T.);
#1841 = EDGE_CURVE('',#1842,#1842,#1844,.T.);
#1842 = VERTEX_POINT('',#1843);
#1843 = CARTESIAN_POINT('',(42.,27.5,34.5));
#1844 = CIRCLE('',#1845,3.);
#1845 = AXIS2_PLACEMENT_3D('',#1846,#1847,#1848);
#1846 = CARTESIAN_POINT('',(45.,27.5,34.5));
#1847 = DIRECTION('',(0.,0.,-1.));
#1848 = DIRECTION('',(-1.,0.,0.));
#1849 = FACE_BOUND('',#1850,.T.);
#1850 = EDGE_LOOP('',(#1851));
#1851 = ORIENTED_EDGE('',*,*,#1852,.T.);
#1852 = EDGE_CURVE('',#1853,#1853,#1855,.T.);
#1853 = VERTEX_POINT('',#1854);
#1854 = CARTESIAN_POINT('',(67.,27.5,34.5));
#1855 = CIRCLE('',#1856,3.);
#1856 = AXIS2_PLACEMENT_3D('',#1857,#1858,#1859);
#1857 = CARTESIAN_POINT('',(70.,27.5,34.5));
#1858 = DIRECTION('',(0.,0.,-1.));
#1859 = DIRECTION('',(-1.,0.,0.));
#1860 = FACE_BOUND('',#1861,.T.);
#1861 = EDGE_LOOP('',(#1862));
#1862 = ORIENTED_EDGE('',*,*,#1863,.T.);
#1863 = EDGE_CURVE('',#1864,#1864,#1866,.T.);
#1864 = VERTEX_POINT('',#1865);
#1865 = CARTESIAN_POINT('',(92.,27.5,34.5));
#1866 = CIRCLE('',#1867,3.);
#1867 = AXIS2_PLACEMENT_3D('',#1868,#1869,#1870);
#1868 = CARTESIAN_POINT('',(95.,27.5,34.5));
#1869 = DIRECTION('',(0.,0.,-1.));
#1870 = DIRECTION('',(-1.,0.,0.));
#1871 = FACE_BOUND('',#1872,.T.);
#1872 = EDGE_LOOP('',(#1873));
#1873 = ORIENTED_EDGE('',*,*,#1874,.T.);
#1874 = EDGE_CURVE('',#1875,#1875,#1877,.T.);
#1875 = VERTEX_POINT('',#1876);
#1876 = CARTESIAN_POINT('',(117.,27.5,34.5));
#1877 = CIRCLE('',#1878,3.);
#1878 = AXIS2_PLACEMENT_3D('',#1879,#1880,#1881);
#1879 = CARTESIAN_POINT('',(120.,27.5,34.5));
#1880 = DIRECTION('',(0.,0.,-1.));
#1881 = DIRECTION('',(-1.,0.,0.));
#1882 = FACE_BOUND('',#1883,.T.);
#1883 = EDGE_LOOP('',(#1884));
#1884 = ORIENTED_EDGE('',*,*,#1885,.T.);
#1885 = EDGE_CURVE('',#1886,#1886,#1888,.T.);
#1886 = VERTEX_POINT('',#1887);
#1887 = CARTESIAN_POINT('',(142.,27.5,34.5));
#1888 = CIRCLE('',#1889,3.);
#1889 = AXIS2_PLACEMENT_3D('',#1890,#1891,#1892);
#1890 = CARTESIAN_POINT('',(145.,27.5,34.5));
#1891 = DIRECTION('',(0.,0.,-1.));
#1892 = DIRECTION('',(-1.,0.,0.));
#1893 = FACE_BOUND('',#1894,.T.);
#1894 = EDGE_LOOP('',(#1895));
#1895 = ORIENTED_EDGE('',*,*,#1896,.T.);
#1896 = EDGE_CURVE('',#1897,#1897,#1899,.T.);
#1897 = VERTEX_POINT('',#1898);
#1898 = CARTESIAN_POINT('',(167.,27.5,34.5));
#1899 = CIRCLE('',#1900,3.);
#1900 = AXIS2_PLACEMENT_3D('',#1901,#1902,#1903);
#1901 = CARTESIAN_POINT('',(170.,27.5,34.5));
#1902 = DIRECTION('',(0.,0.,-1.));
#1903 = DIRECTION('',(-1.,0.,0.));
#1904 = FACE_BOUND('',#1905,.T.);
#1905 = EDGE_LOOP('',(#1906));
#1906 = ORIENTED_EDGE('',*,*,#1907,.T.);
#1907 = EDGE_CURVE('',#1908,#1908,#1910,.T.);
#1908 = VERTEX_POINT('',#1909);
#1909 = CARTESIAN_POINT('',(192.,27.5,34.5));
#1910 = CIRCLE('',#1911,3.);
#1911 = AXIS2_PLACEMENT_3D('',#1912,#1913,#1914);
#1912 = CARTESIAN_POINT('',(195.,27.5,34.5));
#1913 = DIRECTION('',(0.,0.,-1.));
#1914 = DIRECTION('',(-1.,0.,0.));
#1915 = FACE_BOUND('',#1916,.T.);
#1916 = EDGE_LOOP('',(#1917));
#1917 = ORIENTED_EDGE('',*,*,#1918,.T.);
#1918 = EDGE_CURVE('',#1919,#1919,#1921,.T.);
#1919 = VERTEX_POINT('',#1920);
#1920 = CARTESIAN_POINT('',(217.,27.5,34.5));
#1921 = CIRCLE('',#1922,3.);
#1922 = AXIS2_PLACEMENT_3D('',#1923,#1924,#1925);
#1923 = CARTESIAN_POINT('',(220.,27.5,34.5));
#1924 = DIRECTION('',(0.,0.,-1.));
#1925 = DIRECTION('',(-1.,0.,0.));
#1926 = PLANE('',#1927);
#1927 = AXIS2_PLACEMENT_3D('',#1928,#1929,#1930);
#1928 = CARTESIAN_POINT('',(5.,21.5,34.5));
#1929 = DIRECTION('',(0.,0.,1.));
#1930 = DIRECTION('',(1.,0.,0.));
#1931 = ADVANCED_FACE('',(#1932),#1950,.T.);
#1932 = FACE_BOUND('',#1933,.T.);
#1933 = EDGE_LOOP('',(#1934,#1942,#1948,#1949));
#1934 = ORIENTED_EDGE('',*,*,#1935,.F.);
#1935 = EDGE_CURVE('',#1936,#1815,#1938,.T.);
#1936 = VERTEX_POINT('',#1937);
#1937 = CARTESIAN_POINT('',(235.,33.5,31.4));
#1938 = LINE('',#1939,#1940);
#1939 = CARTESIAN_POINT('',(235.,33.5,26.5));
#1940 = VECTOR('',#1941,1.);
#1941 = DIRECTION('',(0.,0.,1.));
#1942 = ORIENTED_EDGE('',*,*,#1943,.F.);
#1943 = EDGE_CURVE('',#1624,#1936,#1944,.T.);
#1944 = LINE('',#1945,#1946);
#1945 = CARTESIAN_POINT('',(5.,33.5,31.4));
#1946 = VECTOR('',#1947,1.);
#1947 = DIRECTION('',(1.,0.,0.));
#1948 = ORIENTED_EDGE('',*,*,#1631,.T.);
#1949 = ORIENTED_EDGE('',*,*,#1822,.T.);
#1950 = PLANE('',#1951);
#1951 = AXIS2_PLACEMENT_3D('',#1952,#1953,#1954);
#1952 = CARTESIAN_POINT('',(5.,33.5,26.5));
#1953 = DIRECTION('',(0.,1.,0.));
#1954 = DIRECTION('',(0.,0.,1.));
#1955 = ADVANCED_FACE('',(#1956),#1974,.F.);
#1956 = FACE_BOUND('',#1957,.F.);
#1957 = EDGE_LOOP('',(#1958,#1959,#1967,#1973));
#1958 = ORIENTED_EDGE('',*,*,#1623,.F.);
#1959 = ORIENTED_EDGE('',*,*,#1960,.T.);
#1960 = EDGE_CURVE('',#1616,#1961,#1963,.T.);
#1961 = VERTEX_POINT('',#1962);
#1962 = CARTESIAN_POINT('',(235.,32.9,31.4));
#1963 = LINE('',#1964,#1965);
#1964 = CARTESIAN_POINT('',(5.,32.9,31.4));
#1965 = VECTOR('',#1966,1.);
#1966 = DIRECTION('',(1.,0.,0.));
#1967 = ORIENTED_EDGE('',*,*,#1968,.T.);
#1968 = EDGE_CURVE('',#1961,#1936,#1969,.T.);
#1969 = LINE('',#1970,#1971);
#1970 = CARTESIAN_POINT('',(235.,32.9,31.4));
#1971 = VECTOR('',#1972,1.);
#1972 = DIRECTION('',(0.,1.,0.));
#1973 = ORIENTED_EDGE('',*,*,#1943,.F.);
#1974 = PLANE('',#1975);
#1975 = AXIS2_PLACEMENT_3D('',#1976,#1977,#1978);
#1976 = CARTESIAN_POINT('',(5.,32.9,31.4));
#1977 = DIRECTION('',(0.,0.,1.));
#1978 = DIRECTION('',(1.,0.,0.));
#1979 = ADVANCED_FACE('',(#1980),#1998,.T.);
#1980 = FACE_BOUND('',#1981,.T.);
#1981 = EDGE_LOOP('',(#1982,#1990,#1991,#1992));
#1982 = ORIENTED_EDGE('',*,*,#1983,.F.);
#1983 = EDGE_CURVE('',#1608,#1984,#1986,.T.);
#1984 = VERTEX_POINT('',#1985);
#1985 = CARTESIAN_POINT('',(235.,32.9,29.6));
#1986 = LINE('',#1987,#1988);
#1987 = CARTESIAN_POINT('',(5.,32.9,29.6));
#1988 = VECTOR('',#1989,1.);
#1989 = DIRECTION('',(1.,0.,0.));
#1990 = ORIENTED_EDGE('',*,*,#1615,.T.);
#1991 = ORIENTED_EDGE('',*,*,#1960,.T.);
#1992 = ORIENTED_EDGE('',*,*,#1993,.F.);
#1993 = EDGE_CURVE('',#1984,#1961,#1994,.T.);
#1994 = LINE('',#1995,#1996);
#1995 = CARTESIAN_POINT('',(235.,32.9,29.6));
#1996 = VECTOR('',#1997,1.);
#1997 = DIRECTION('',(0.,0.,1.));
#1998 = PLANE('',#1999);
#1999 = AXIS2_PLACEMENT_3D('',#2000,#2001,#2002);
#2000 = CARTESIAN_POINT('',(5.,32.9,29.6));
#2001 = DIRECTION('',(0.,1.,0.));
#2002 = DIRECTION('',(0.,0.,1.));
#2003 = ADVANCED_FACE('',(#2004),#2022,.T.);
#2004 = FACE_BOUND('',#2005,.T.);
#2005 = EDGE_LOOP('',(#2006,#2007,#2008,#2016));
#2006 = ORIENTED_EDGE('',*,*,#1607,.F.);
#2007 = ORIENTED_EDGE('',*,*,#1983,.T.);
#2008 = ORIENTED_EDGE('',*,*,#2009,.T.);
#2009 = EDGE_CURVE('',#1984,#2010,#2012,.T.);
#2010 = VERTEX_POINT('',#2011);
#2011 = CARTESIAN_POINT('',(235.,33.5,29.6));
#2012 = LINE('',#2013,#2014);
#2013 = CARTESIAN_POINT('',(235.,32.9,29.6));
#2014 = VECTOR('',#2015,1.);
#2015 = DIRECTION('',(0.,1.,0.));
#2016 = ORIENTED_EDGE('',*,*,#2017,.F.);
#2017 = EDGE_CURVE('',#1600,#2010,#2018,.T.);
#2018 = LINE('',#2019,#2020);
#2019 = CARTESIAN_POINT('',(5.,33.5,29.6));
#2020 = VECTOR('',#2021,1.);
#2021 = DIRECTION('',(1.,0.,0.));
#2022 = PLANE('',#2023);
#2023 = AXIS2_PLACEMENT_3D('',#2024,#2025,#2026);
#2024 = CARTESIAN_POINT('',(5.,32.9,29.6));
#2025 = DIRECTION('',(0.,0.,1.));
#2026 = DIRECTION('',(1.,0.,0.));
#2027 = ADVANCED_FACE('',(#2028),#2046,.T.);
#2028 = FACE_BOUND('',#2029,.T.);
#2029 = EDGE_LOOP('',(#2030,#2038,#2044,#2045));
#2030 = ORIENTED_EDGE('',*,*,#2031,.F.);
#2031 = EDGE_CURVE('',#2032,#2010,#2034,.T.);
#2032 = VERTEX_POINT('',#2033);
#2033 = CARTESIAN_POINT('',(235.,33.5,26.5));
#2034 = LINE('',#2035,#2036);
#2035 = CARTESIAN_POINT('',(235.,33.5,26.5));
#2036 = VECTOR('',#2037,1.);
#2037 = DIRECTION('',(0.,0.,1.));
#2038 = ORIENTED_EDGE('',*,*,#2039,.F.);
#2039 = EDGE_CURVE('',#1592,#2032,#2040,.T.);
#2040 = LINE('',#2041,#2042);
#2041 = CARTESIAN_POINT('',(5.,33.5,26.5));
#2042 = VECTOR('',#2043,1.);
#2043 = DIRECTION('',(1.,0.,0.));
#2044 = ORIENTED_EDGE('',*,*,#1599,.T.);
#2045 = ORIENTED_EDGE('',*,*,#2017,.T.);
#2046 = PLANE('',#2047);
#2047 = AXIS2_PLACEMENT_3D('',#2048,#2049,#2050);
#2048 = CARTESIAN_POINT('',(5.,33.5,26.5));
#2049 = DIRECTION('',(0.,1.,0.));
#2050 = DIRECTION('',(0.,0.,1.));
#2051 = ADVANCED_FACE('',(#2052,#2063,#2074,#2085,#2096,#2107,#2118,
    #2129,#2140,#2151),#2162,.F.);
#2052 = FACE_BOUND('',#2053,.F.);
#2053 = EDGE_LOOP('',(#2054,#2055,#2056,#2062));
#2054 = ORIENTED_EDGE('',*,*,#1591,.F.);
#2055 = ORIENTED_EDGE('',*,*,#1695,.T.);
#2056 = ORIENTED_EDGE('',*,*,#2057,.T.);
#2057 = EDGE_CURVE('',#1686,#2032,#2058,.T.);
#2058 = LINE('',#2059,#2060);
#2059 = CARTESIAN_POINT('',(235.,21.5,26.5));
#2060 = VECTOR('',#2061,1.);
#2061 = DIRECTION('',(0.,1.,0.));
#2062 = ORIENTED_EDGE('',*,*,#2039,.F.);
#2063 = FACE_BOUND('',#2064,.F.);
#2064 = EDGE_LOOP('',(#2065));
#2065 = ORIENTED_EDGE('',*,*,#2066,.T.);
#2066 = EDGE_CURVE('',#2067,#2067,#2069,.T.);
#2067 = VERTEX_POINT('',#2068);
#2068 = CARTESIAN_POINT('',(18.25,27.5,26.5));
#2069 = CIRCLE('',#2070,1.75);
#2070 = AXIS2_PLACEMENT_3D('',#2071,#2072,#2073);
#2071 = CARTESIAN_POINT('',(20.,27.5,26.5));
#2072 = DIRECTION('',(0.,0.,-1.));
#2073 = DIRECTION('',(-1.,0.,0.));
#2074 = FACE_BOUND('',#2075,.F.);
#2075 = EDGE_LOOP('',(#2076));
#2076 = ORIENTED_EDGE('',*,*,#2077,.T.);
#2077 = EDGE_CURVE('',#2078,#2078,#2080,.T.);
#2078 = VERTEX_POINT('',#2079);
#2079 = CARTESIAN_POINT('',(43.25,27.5,26.5));
#2080 = CIRCLE('',#2081,1.75);
#2081 = AXIS2_PLACEMENT_3D('',#2082,#2083,#2084);
#2082 = CARTESIAN_POINT('',(45.,27.5,26.5));
#2083 = DIRECTION('',(0.,0.,-1.));
#2084 = DIRECTION('',(-1.,0.,0.));
#2085 = FACE_BOUND('',#2086,.F.);
#2086 = EDGE_LOOP('',(#2087));
#2087 = ORIENTED_EDGE('',*,*,#2088,.T.);
#2088 = EDGE_CURVE('',#2089,#2089,#2091,.T.);
#2089 = VERTEX_POINT('',#2090);
#2090 = CARTESIAN_POINT('',(68.25,27.5,26.5));
#2091 = CIRCLE('',#2092,1.75);
#2092 = AXIS2_PLACEMENT_3D('',#2093,#2094,#2095);
#2093 = CARTESIAN_POINT('',(70.,27.5,26.5));
#2094 = DIRECTION('',(0.,0.,-1.));
#2095 = DIRECTION('',(-1.,0.,0.));
#2096 = FACE_BOUND('',#2097,.F.);
#2097 = EDGE_LOOP('',(#2098));
#2098 = ORIENTED_EDGE('',*,*,#2099,.T.);
#2099 = EDGE_CURVE('',#2100,#2100,#2102,.T.);
#2100 = VERTEX_POINT('',#2101);
#2101 = CARTESIAN_POINT('',(93.25,27.5,26.5));
#2102 = CIRCLE('',#2103,1.75);
#2103 = AXIS2_PLACEMENT_3D('',#2104,#2105,#2106);
#2104 = CARTESIAN_POINT('',(95.,27.5,26.5));
#2105 = DIRECTION('',(0.,0.,-1.));
#2106 = DIRECTION('',(-1.,0.,0.));
#2107 = FACE_BOUND('',#2108,.F.);
#2108 = EDGE_LOOP('',(#2109));
#2109 = ORIENTED_EDGE('',*,*,#2110,.T.);
#2110 = EDGE_CURVE('',#2111,#2111,#2113,.T.);
#2111 = VERTEX_POINT('',#2112);
#2112 = CARTESIAN_POINT('',(118.25,27.5,26.5));
#2113 = CIRCLE('',#2114,1.75);
#2114 = AXIS2_PLACEMENT_3D('',#2115,#2116,#2117);
#2115 = CARTESIAN_POINT('',(120.,27.5,26.5));
#2116 = DIRECTION('',(0.,0.,-1.));
#2117 = DIRECTION('',(-1.,0.,0.));
#2118 = FACE_BOUND('',#2119,.F.);
#2119 = EDGE_LOOP('',(#2120));
#2120 = ORIENTED_EDGE('',*,*,#2121,.T.);
#2121 = EDGE_CURVE('',#2122,#2122,#2124,.T.);
#2122 = VERTEX_POINT('',#2123);
#2123 = CARTESIAN_POINT('',(143.25,27.5,26.5));
#2124 = CIRCLE('',#2125,1.75);
#2125 = AXIS2_PLACEMENT_3D('',#2126,#2127,#2128);
#2126 = CARTESIAN_POINT('',(145.,27.5,26.5));
#2127 = DIRECTION('',(0.,0.,-1.));
#2128 = DIRECTION('',(-1.,0.,0.));
#2129 = FACE_BOUND('',#2130,.F.);
#2130 = EDGE_LOOP('',(#2131));
#2131 = ORIENTED_EDGE('',*,*,#2132,.T.);
#2132 = EDGE_CURVE('',#2133,#2133,#2135,.T.);
#2133 = VERTEX_POINT('',#2134);
#2134 = CARTESIAN_POINT('',(168.25,27.5,26.5));
#2135 = CIRCLE('',#2136,1.75);
#2136 = AXIS2_PLACEMENT_3D('',#2137,#2138,#2139);
#2137 = CARTESIAN_POINT('',(170.,27.5,26.5));
#2138 = DIRECTION('',(0.,0.,-1.));
#2139 = DIRECTION('',(-1.,0.,0.));
#2140 = FACE_BOUND('',#2141,.F.);
#2141 = EDGE_LOOP('',(#2142));
#2142 = ORIENTED_EDGE('',*,*,#2143,.T.);
#2143 = EDGE_CURVE('',#2144,#2144,#2146,.T.);
#2144 = VERTEX_POINT('',#2145);
#2145 = CARTESIAN_POINT('',(193.25,27.5,26.5));
#2146 = CIRCLE('',#2147,1.75);
#2147 = AXIS2_PLACEMENT_3D('',#2148,#2149,#2150);
#2148 = CARTESIAN_POINT('',(195.,27.5,26.5));
#2149 = DIRECTION('',(0.,0.,-1.));
#2150 = DIRECTION('',(-1.,0.,0.));
#2151 = FACE_BOUND('',#2152,.F.);
#2152 = EDGE_LOOP('',(#2153));
#2153 = ORIENTED_EDGE('',*,*,#2154,.T.);
#2154 = EDGE_CURVE('',#2155,#2155,#2157,.T.);
#2155 = VERTEX_POINT('',#2156);
#2156 = CARTESIAN_POINT('',(218.25,27.5,26.5));
#2157 = CIRCLE('',#2158,1.75);
#2158 = AXIS2_PLACEMENT_3D('',#2159,#2160,#2161);
#2159 = CARTESIAN_POINT('',(220.,27.5,26.5));
#2160 = DIRECTION('',(0.,0.,-1.));
#2161 = DIRECTION('',(-1.,0.,0.));
#2162 = PLANE('',#2163);
#2163 = AXIS2_PLACEMENT_3D('',#2164,#2165,#2166);
#2164 = CARTESIAN_POINT('',(5.,21.5,26.5));
#2165 = DIRECTION('',(0.,0.,1.));
#2166 = DIRECTION('',(1.,0.,0.));
#2167 = ADVANCED_FACE('',(#2168),#2182,.T.);
#2168 = FACE_BOUND('',#2169,.T.);
#2169 = EDGE_LOOP('',(#2170,#2171,#2172,#2173,#2174,#2175,#2176,#2177,
    #2178,#2179,#2180,#2181));
#2170 = ORIENTED_EDGE('',*,*,#1685,.F.);
#2171 = ORIENTED_EDGE('',*,*,#2057,.T.);
#2172 = ORIENTED_EDGE('',*,*,#2031,.T.);
#2173 = ORIENTED_EDGE('',*,*,#2009,.F.);
#2174 = ORIENTED_EDGE('',*,*,#1993,.T.);
#2175 = ORIENTED_EDGE('',*,*,#1968,.T.);
#2176 = ORIENTED_EDGE('',*,*,#1935,.T.);
#2177 = ORIENTED_EDGE('',*,*,#1814,.F.);
#2178 = ORIENTED_EDGE('',*,*,#1788,.F.);
#2179 = ORIENTED_EDGE('',*,*,#1773,.T.);
#2180 = ORIENTED_EDGE('',*,*,#1750,.F.);
#2181 = ORIENTED_EDGE('',*,*,#1718,.F.);
#2182 = PLANE('',#2183);
#2183 = AXIS2_PLACEMENT_3D('',#2184,#2185,#2186);
#2184 = CARTESIAN_POINT('',(235.,21.5,26.5));
#2185 = DIRECTION('',(1.,0.,0.));
#2186 = DIRECTION('',(0.,0.,1.));
#2187 = ADVANCED_FACE('',(#2188),#2207,.F.);
#2188 = FACE_BOUND('',#2189,.F.);
#2189 = EDGE_LOOP('',(#2190,#2199,#2205,#2206));
#2190 = ORIENTED_EDGE('',*,*,#2191,.F.);
#2191 = EDGE_CURVE('',#2192,#2192,#2194,.T.);
#2192 = VERTEX_POINT('',#2193);
#2193 = CARTESIAN_POINT('',(17.,27.5,30.));
#2194 = CIRCLE('',#2195,3.);
#2195 = AXIS2_PLACEMENT_3D('',#2196,#2197,#2198);
#2196 = CARTESIAN_POINT('',(20.,27.5,30.));
#2197 = DIRECTION('',(0.,0.,-1.));
#2198 = DIRECTION('',(-1.,0.,0.));
#2199 = ORIENTED_EDGE('',*,*,#2200,.F.);
#2200 = EDGE_CURVE('',#1831,#2192,#2201,.T.);
#2201 = LINE('',#2202,#2203);
#2202 = CARTESIAN_POINT('',(17.,27.5,34.5));
#2203 = VECTOR('',#2204,1.);
#2204 = DIRECTION('',(0.,0.,-1.));
#2205 = ORIENTED_EDGE('',*,*,#1830,.T.);
#2206 = ORIENTED_EDGE('',*,*,#2200,.T.);
#2207 = CYLINDRICAL_SURFACE('',#2208,3.);
#2208 = AXIS2_PLACEMENT_3D('',#2209,#2210,#2211);
#2209 = CARTESIAN_POINT('',(20.,27.5,34.5));
#2210 = DIRECTION('',(0.,0.,-1.));
#2211 = DIRECTION('',(-1.,0.,0.));
#2212 = ADVANCED_FACE('',(#2213),#2232,.F.);
#2213 = FACE_BOUND('',#2214,.F.);
#2214 = EDGE_LOOP('',(#2215,#2224,#2230,#2231));
#2215 = ORIENTED_EDGE('',*,*,#2216,.F.);
#2216 = EDGE_CURVE('',#2217,#2217,#2219,.T.);
#2217 = VERTEX_POINT('',#2218);
#2218 = CARTESIAN_POINT('',(42.,27.5,30.));
#2219 = CIRCLE('',#2220,3.);
#2220 = AXIS2_PLACEMENT_3D('',#2221,#2222,#2223);
#2221 = CARTESIAN_POINT('',(45.,27.5,30.));
#2222 = DIRECTION('',(0.,0.,-1.));
#2223 = DIRECTION('',(-1.,0.,0.));
#2224 = ORIENTED_EDGE('',*,*,#2225,.F.);
#2225 = EDGE_CURVE('',#1842,#2217,#2226,.T.);
#2226 = LINE('',#2227,#2228);
#2227 = CARTESIAN_POINT('',(42.,27.5,34.5));
#2228 = VECTOR('',#2229,1.);
#2229 = DIRECTION('',(0.,0.,-1.));
#2230 = ORIENTED_EDGE('',*,*,#1841,.T.);
#2231 = ORIENTED_EDGE('',*,*,#2225,.T.);
#2232 = CYLINDRICAL_SURFACE('',#2233,3.);
#2233 = AXIS2_PLACEMENT_3D('',#2234,#2235,#2236);
#2234 = CARTESIAN_POINT('',(45.,27.5,34.5));
#2235 = DIRECTION('',(0.,0.,-1.));
#2236 = DIRECTION('',(-1.,0.,0.));
#2237 = ADVANCED_FACE('',(#2238),#2257,.F.);
#2238 = FACE_BOUND('',#2239,.F.);
#2239 = EDGE_LOOP('',(#2240,#2249,#2255,#2256));
#2240 = ORIENTED_EDGE('',*,*,#2241,.F.);
#2241 = EDGE_CURVE('',#2242,#2242,#2244,.T.);
#2242 = VERTEX_POINT('',#2243);
#2243 = CARTESIAN_POINT('',(67.,27.5,30.));
#2244 = CIRCLE('',#2245,3.);
#2245 = AXIS2_PLACEMENT_3D('',#2246,#2247,#2248);
#2246 = CARTESIAN_POINT('',(70.,27.5,30.));
#2247 = DIRECTION('',(0.,0.,-1.));
#2248 = DIRECTION('',(-1.,0.,0.));
#2249 = ORIENTED_EDGE('',*,*,#2250,.F.);
#2250 = EDGE_CURVE('',#1853,#2242,#2251,.T.);
#2251 = LINE('',#2252,#2253);
#2252 = CARTESIAN_POINT('',(67.,27.5,34.5));
#2253 = VECTOR('',#2254,1.);
#2254 = DIRECTION('',(0.,0.,-1.));
#2255 = ORIENTED_EDGE('',*,*,#1852,.T.);
#2256 = ORIENTED_EDGE('',*,*,#2250,.T.);
#2257 = CYLINDRICAL_SURFACE('',#2258,3.);
#2258 = AXIS2_PLACEMENT_3D('',#2259,#2260,#2261);
#2259 = CARTESIAN_POINT('',(70.,27.5,34.5));
#2260 = DIRECTION('',(0.,0.,-1.));
#2261 = DIRECTION('',(-1.,0.,0.));
#2262 = ADVANCED_FACE('',(#2263),#2282,.F.);
#2263 = FACE_BOUND('',#2264,.F.);
#2264 = EDGE_LOOP('',(#2265,#2274,#2280,#2281));
#2265 = ORIENTED_EDGE('',*,*,#2266,.F.);
#2266 = EDGE_CURVE('',#2267,#2267,#2269,.T.);
#2267 = VERTEX_POINT('',#2268);
#2268 = CARTESIAN_POINT('',(92.,27.5,30.));
#2269 = CIRCLE('',#2270,3.);
#2270 = AXIS2_PLACEMENT_3D('',#2271,#2272,#2273);
#2271 = CARTESIAN_POINT('',(95.,27.5,30.));
#2272 = DIRECTION('',(0.,0.,-1.));
#2273 = DIRECTION('',(-1.,0.,0.));
#2274 = ORIENTED_EDGE('',*,*,#2275,.F.);
#2275 = EDGE_CURVE('',#1864,#2267,#2276,.T.);
#2276 = LINE('',#2277,#2278);
#2277 = CARTESIAN_POINT('',(92.,27.5,34.5));
#2278 = VECTOR('',#2279,1.);
#2279 = DIRECTION('',(0.,0.,-1.));
#2280 = ORIENTED_EDGE('',*,*,#1863,.T.);
#2281 = ORIENTED_EDGE('',*,*,#2275,.T.);
#2282 = CYLINDRICAL_SURFACE('',#2283,3.);
#2283 = AXIS2_PLACEMENT_3D('',#2284,#2285,#2286);
#2284 = CARTESIAN_POINT('',(95.,27.5,34.5));
#2285 = DIRECTION('',(0.,0.,-1.));
#2286 = DIRECTION('',(-1.,0.,0.));
#2287 = ADVANCED_FACE('',(#2288),#2307,.F.);
#2288 = FACE_BOUND('',#2289,.F.);
#2289 = EDGE_LOOP('',(#2290,#2299,#2305,#2306));
#2290 = ORIENTED_EDGE('',*,*,#2291,.F.);
#2291 = EDGE_CURVE('',#2292,#2292,#2294,.T.);
#2292 = VERTEX_POINT('',#2293);
#2293 = CARTESIAN_POINT('',(117.,27.5,30.));
#2294 = CIRCLE('',#2295,3.);
#2295 = AXIS2_PLACEMENT_3D('',#2296,#2297,#2298);
#2296 = CARTESIAN_POINT('',(120.,27.5,30.));
#2297 = DIRECTION('',(0.,0.,-1.));
#2298 = DIRECTION('',(-1.,0.,0.));
#2299 = ORIENTED_EDGE('',*,*,#2300,.F.);
#2300 = EDGE_CURVE('',#1875,#2292,#2301,.T.);
#2301 = LINE('',#2302,#2303);
#2302 = CARTESIAN_POINT('',(117.,27.5,34.5));
#2303 = VECTOR('',#2304,1.);
#2304 = DIRECTION('',(0.,0.,-1.));
#2305 = ORIENTED_EDGE('',*,*,#1874,.T.);
#2306 = ORIENTED_EDGE('',*,*,#2300,.T.);
#2307 = CYLINDRICAL_SURFACE('',#2308,3.);
#2308 = AXIS2_PLACEMENT_3D('',#2309,#2310,#2311);
#2309 = CARTESIAN_POINT('',(120.,27.5,34.5));
#2310 = DIRECTION('',(0.,0.,-1.));
#2311 = DIRECTION('',(-1.,0.,0.));
#2312 = ADVANCED_FACE('',(#2313),#2332,.F.);
#2313 = FACE_BOUND('',#2314,.F.);
#2314 = EDGE_LOOP('',(#2315,#2324,#2330,#2331));
#2315 = ORIENTED_EDGE('',*,*,#2316,.F.);
#2316 = EDGE_CURVE('',#2317,#2317,#2319,.T.);
#2317 = VERTEX_POINT('',#2318);
#2318 = CARTESIAN_POINT('',(142.,27.5,30.));
#2319 = CIRCLE('',#2320,3.);
#2320 = AXIS2_PLACEMENT_3D('',#2321,#2322,#2323);
#2321 = CARTESIAN_POINT('',(145.,27.5,30.));
#2322 = DIRECTION('',(0.,0.,-1.));
#2323 = DIRECTION('',(-1.,0.,0.));
#2324 = ORIENTED_EDGE('',*,*,#2325,.F.);
#2325 = EDGE_CURVE('',#1886,#2317,#2326,.T.);
#2326 = LINE('',#2327,#2328);
#2327 = CARTESIAN_POINT('',(142.,27.5,34.5));
#2328 = VECTOR('',#2329,1.);
#2329 = DIRECTION('',(0.,0.,-1.));
#2330 = ORIENTED_EDGE('',*,*,#1885,.T.);
#2331 = ORIENTED_EDGE('',*,*,#2325,.T.);
#2332 = CYLINDRICAL_SURFACE('',#2333,3.);
#2333 = AXIS2_PLACEMENT_3D('',#2334,#2335,#2336);
#2334 = CARTESIAN_POINT('',(145.,27.5,34.5));
#2335 = DIRECTION('',(0.,0.,-1.));
#2336 = DIRECTION('',(-1.,0.,0.));
#2337 = ADVANCED_FACE('',(#2338),#2357,.F.);
#2338 = FACE_BOUND('',#2339,.F.);
#2339 = EDGE_LOOP('',(#2340,#2349,#2355,#2356));
#2340 = ORIENTED_EDGE('',*,*,#2341,.F.);
#2341 = EDGE_CURVE('',#2342,#2342,#2344,.T.);
#2342 = VERTEX_POINT('',#2343);
#2343 = CARTESIAN_POINT('',(167.,27.5,30.));
#2344 = CIRCLE('',#2345,3.);
#2345 = AXIS2_PLACEMENT_3D('',#2346,#2347,#2348);
#2346 = CARTESIAN_POINT('',(170.,27.5,30.));
#2347 = DIRECTION('',(0.,0.,-1.));
#2348 = DIRECTION('',(-1.,0.,0.));
#2349 = ORIENTED_EDGE('',*,*,#2350,.F.);
#2350 = EDGE_CURVE('',#1897,#2342,#2351,.T.);
#2351 = LINE('',#2352,#2353);
#2352 = CARTESIAN_POINT('',(167.,27.5,34.5));
#2353 = VECTOR('',#2354,1.);
#2354 = DIRECTION('',(0.,0.,-1.));
#2355 = ORIENTED_EDGE('',*,*,#1896,.T.);
#2356 = ORIENTED_EDGE('',*,*,#2350,.T.);
#2357 = CYLINDRICAL_SURFACE('',#2358,3.);
#2358 = AXIS2_PLACEMENT_3D('',#2359,#2360,#2361);
#2359 = CARTESIAN_POINT('',(170.,27.5,34.5));
#2360 = DIRECTION('',(0.,0.,-1.));
#2361 = DIRECTION('',(-1.,0.,0.));
#2362 = ADVANCED_FACE('',(#2363),#2382,.F.);
#2363 = FACE_BOUND('',#2364,.F.);
#2364 = EDGE_LOOP('',(#2365,#2374,#2380,#2381));
#2365 = ORIENTED_EDGE('',*,*,#2366,.F.);
#2366 = EDGE_CURVE('',#2367,#2367,#2369,.T.);
#2367 = VERTEX_POINT('',#2368);
#2368 = CARTESIAN_POINT('',(192.,27.5,30.));
#2369 = CIRCLE('',#2370,3.);
#2370 = AXIS2_PLACEMENT_3D('',#2371,#2372,#2373);
#2371 = CARTESIAN_POINT('',(195.,27.5,30.));
#2372 = DIRECTION('',(0.,0.,-1.));
#2373 = DIRECTION('',(-1.,0.,0.));
#2374 = ORIENTED_EDGE('',*,*,#2375,.F.);
#2375 = EDGE_CURVE('',#1908,#2367,#2376,.T.);
#2376 = LINE('',#2377,#2378);
#2377 = CARTESIAN_POINT('',(192.,27.5,34.5));
#2378 = VECTOR('',#2379,1.);
#2379 = DIRECTION('',(0.,0.,-1.));
#2380 = ORIENTED_EDGE('',*,*,#1907,.T.);
#2381 = ORIENTED_EDGE('',*,*,#2375,.T.);
#2382 = CYLINDRICAL_SURFACE('',#2383,3.);
#2383 = AXIS2_PLACEMENT_3D('',#2384,#2385,#2386);
#2384 = CARTESIAN_POINT('',(195.,27.5,34.5));
#2385 = DIRECTION('',(0.,0.,-1.));
#2386 = DIRECTION('',(-1.,0.,0.));
#2387 = ADVANCED_FACE('',(#2388),#2407,.F.);
#2388 = FACE_BOUND('',#2389,.F.);
#2389 = EDGE_LOOP('',(#2390,#2399,#2405,#2406));
#2390 = ORIENTED_EDGE('',*,*,#2391,.F.);
#2391 = EDGE_CURVE('',#2392,#2392,#2394,.T.);
#2392 = VERTEX_POINT('',#2393);
#2393 = CARTESIAN_POINT('',(217.,27.5,30.));
#2394 = CIRCLE('',#2395,3.);
#2395 = AXIS2_PLACEMENT_3D('',#2396,#2397,#2398);
#2396 = CARTESIAN_POINT('',(220.,27.5,30.));
#2397 = DIRECTION('',(0.,0.,-1.));
#2398 = DIRECTION('',(-1.,0.,0.));
#2399 = ORIENTED_EDGE('',*,*,#2400,.F.);
#2400 = EDGE_CURVE('',#1919,#2392,#2401,.T.);
#2401 = LINE('',#2402,#2403);
#2402 = CARTESIAN_POINT('',(217.,27.5,34.5));
#2403 = VECTOR('',#2404,1.);
#2404 = DIRECTION('',(0.,0.,-1.));
#2405 = ORIENTED_EDGE('',*,*,#1918,.T.);
#2406 = ORIENTED_EDGE('',*,*,#2400,.T.);
#2407 = CYLINDRICAL_SURFACE('',#2408,3.);
#2408 = AXIS2_PLACEMENT_3D('',#2409,#2410,#2411);
#2409 = CARTESIAN_POINT('',(220.,27.5,34.5));
#2410 = DIRECTION('',(0.,0.,-1.));
#2411 = DIRECTION('',(-1.,0.,0.));
#2412 = ADVANCED_FACE('',(#2413),#2432,.F.);
#2413 = FACE_BOUND('',#2414,.F.);
#2414 = EDGE_LOOP('',(#2415,#2423,#2424,#2425));
#2415 = ORIENTED_EDGE('',*,*,#2416,.T.);
#2416 = EDGE_CURVE('',#2417,#2067,#2419,.T.);
#2417 = VERTEX_POINT('',#2418);
#2418 = CARTESIAN_POINT('',(18.25,27.5,30.));
#2419 = LINE('',#2420,#2421);
#2420 = CARTESIAN_POINT('',(18.25,27.5,34.5));
#2421 = VECTOR('',#2422,1.);
#2422 = DIRECTION('',(0.,0.,-1.));
#2423 = ORIENTED_EDGE('',*,*,#2066,.F.);
#2424 = ORIENTED_EDGE('',*,*,#2416,.F.);
#2425 = ORIENTED_EDGE('',*,*,#2426,.T.);
#2426 = EDGE_CURVE('',#2417,#2417,#2427,.T.);
#2427 = CIRCLE('',#2428,1.75);
#2428 = AXIS2_PLACEMENT_3D('',#2429,#2430,#2431);
#2429 = CARTESIAN_POINT('',(20.,27.5,30.));
#2430 = DIRECTION('',(0.,0.,-1.));
#2431 = DIRECTION('',(-1.,0.,0.));
#2432 = CYLINDRICAL_SURFACE('',#2433,1.75);
#2433 = AXIS2_PLACEMENT_3D('',#2434,#2435,#2436);
#2434 = CARTESIAN_POINT('',(20.,27.5,34.5));
#2435 = DIRECTION('',(0.,0.,-1.));
#2436 = DIRECTION('',(-1.,0.,0.));
#2437 = ADVANCED_FACE('',(#2438),#2457,.F.);
#2438 = FACE_BOUND('',#2439,.F.);
#2439 = EDGE_LOOP('',(#2440,#2448,#2449,#2450));
#2440 = ORIENTED_EDGE('',*,*,#2441,.T.);
#2441 = EDGE_CURVE('',#2442,#2078,#2444,.T.);
#2442 = VERTEX_POINT('',#2443);
#2443 = CARTESIAN_POINT('',(43.25,27.5,30.));
#2444 = LINE('',#2445,#2446);
#2445 = CARTESIAN_POINT('',(43.25,27.5,34.5));
#2446 = VECTOR('',#2447,1.);
#2447 = DIRECTION('',(0.,0.,-1.));
#2448 = ORIENTED_EDGE('',*,*,#2077,.F.);
#2449 = ORIENTED_EDGE('',*,*,#2441,.F.);
#2450 = ORIENTED_EDGE('',*,*,#2451,.T.);
#2451 = EDGE_CURVE('',#2442,#2442,#2452,.T.);
#2452 = CIRCLE('',#2453,1.75);
#2453 = AXIS2_PLACEMENT_3D('',#2454,#2455,#2456);
#2454 = CARTESIAN_POINT('',(45.,27.5,30.));
#2455 = DIRECTION('',(0.,0.,-1.));
#2456 = DIRECTION('',(-1.,0.,0.));
#2457 = CYLINDRICAL_SURFACE('',#2458,1.75);
#2458 = AXIS2_PLACEMENT_3D('',#2459,#2460,#2461);
#2459 = CARTESIAN_POINT('',(45.,27.5,34.5));
#2460 = DIRECTION('',(0.,0.,-1.));
#2461 = DIRECTION('',(-1.,0.,0.));
#2462 = ADVANCED_FACE('',(#2463),#2482,.F.);
#2463 = FACE_BOUND('',#2464,.F.);
#2464 = EDGE_LOOP('',(#2465,#2473,#2474,#2475));
#2465 = ORIENTED_EDGE('',*,*,#2466,.T.);
#2466 = EDGE_CURVE('',#2467,#2089,#2469,.T.);
#2467 = VERTEX_POINT('',#2468);
#2468 = CARTESIAN_POINT('',(68.25,27.5,30.));
#2469 = LINE('',#2470,#2471);
#2470 = CARTESIAN_POINT('',(68.25,27.5,34.5));
#2471 = VECTOR('',#2472,1.);
#2472 = DIRECTION('',(0.,0.,-1.));
#2473 = ORIENTED_EDGE('',*,*,#2088,.F.);
#2474 = ORIENTED_EDGE('',*,*,#2466,.F.);
#2475 = ORIENTED_EDGE('',*,*,#2476,.T.);
#2476 = EDGE_CURVE('',#2467,#2467,#2477,.T.);
#2477 = CIRCLE('',#2478,1.75);
#2478 = AXIS2_PLACEMENT_3D('',#2479,#2480,#2481);
#2479 = CARTESIAN_POINT('',(70.,27.5,30.));
#2480 = DIRECTION('',(0.,0.,-1.));
#2481 = DIRECTION('',(-1.,0.,0.));
#2482 = CYLINDRICAL_SURFACE('',#2483,1.75);
#2483 = AXIS2_PLACEMENT_3D('',#2484,#2485,#2486);
#2484 = CARTESIAN_POINT('',(70.,27.5,34.5));
#2485 = DIRECTION('',(0.,0.,-1.));
#2486 = DIRECTION('',(-1.,0.,0.));
#2487 = ADVANCED_FACE('',(#2488),#2507,.F.);
#2488 = FACE_BOUND('',#2489,.F.);
#2489 = EDGE_LOOP('',(#2490,#2498,#2499,#2500));
#2490 = ORIENTED_EDGE('',*,*,#2491,.T.);
#2491 = EDGE_CURVE('',#2492,#2100,#2494,.T.);
#2492 = VERTEX_POINT('',#2493);
#2493 = CARTESIAN_POINT('',(93.25,27.5,30.));
#2494 = LINE('',#2495,#2496);
#2495 = CARTESIAN_POINT('',(93.25,27.5,34.5));
#2496 = VECTOR('',#2497,1.);
#2497 = DIRECTION('',(0.,0.,-1.));
#2498 = ORIENTED_EDGE('',*,*,#2099,.F.);
#2499 = ORIENTED_EDGE('',*,*,#2491,.F.);
#2500 = ORIENTED_EDGE('',*,*,#2501,.T.);
#2501 = EDGE_CURVE('',#2492,#2492,#2502,.T.);
#2502 = CIRCLE('',#2503,1.75);
#2503 = AXIS2_PLACEMENT_3D('',#2504,#2505,#2506);
#2504 = CARTESIAN_POINT('',(95.,27.5,30.));
#2505 = DIRECTION('',(0.,0.,-1.));
#2506 = DIRECTION('',(-1.,0.,0.));
#2507 = CYLINDRICAL_SURFACE('',#2508,1.75);
#2508 = AXIS2_PLACEMENT_3D('',#2509,#2510,#2511);
#2509 = CARTESIAN_POINT('',(95.,27.5,34.5));
#2510 = DIRECTION('',(0.,0.,-1.));
#2511 = DIRECTION('',(-1.,0.,0.));
#2512 = ADVANCED_FACE('',(#2513),#2532,.F.);
#2513 = FACE_BOUND('',#2514,.F.);
#2514 = EDGE_LOOP('',(#2515,#2523,#2524,#2525));
#2515 = ORIENTED_EDGE('',*,*,#2516,.T.);
#2516 = EDGE_CURVE('',#2517,#2111,#2519,.T.);
#2517 = VERTEX_POINT('',#2518);
#2518 = CARTESIAN_POINT('',(118.25,27.5,30.));
#2519 = LINE('',#2520,#2521);
#2520 = CARTESIAN_POINT('',(118.25,27.5,34.5));
#2521 = VECTOR('',#2522,1.);
#2522 = DIRECTION('',(0.,0.,-1.));
#2523 = ORIENTED_EDGE('',*,*,#2110,.F.);
#2524 = ORIENTED_EDGE('',*,*,#2516,.F.);
#2525 = ORIENTED_EDGE('',*,*,#2526,.T.);
#2526 = EDGE_CURVE('',#2517,#2517,#2527,.T.);
#2527 = CIRCLE('',#2528,1.75);
#2528 = AXIS2_PLACEMENT_3D('',#2529,#2530,#2531);
#2529 = CARTESIAN_POINT('',(120.,27.5,30.));
#2530 = DIRECTION('',(0.,0.,-1.));
#2531 = DIRECTION('',(-1.,0.,0.));
#2532 = CYLINDRICAL_SURFACE('',#2533,1.75);
#2533 = AXIS2_PLACEMENT_3D('',#2534,#2535,#2536);
#2534 = CARTESIAN_POINT('',(120.,27.5,34.5));
#2535 = DIRECTION('',(0.,0.,-1.));
#2536 = DIRECTION('',(-1.,0.,0.));
#2537 = ADVANCED_FACE('',(#2538),#2557,.F.);
#2538 = FACE_BOUND('',#2539,.F.);
#2539 = EDGE_LOOP('',(#2540,#2548,#2549,#2550));
#2540 = ORIENTED_EDGE('',*,*,#2541,.T.);
#2541 = EDGE_CURVE('',#2542,#2122,#2544,.T.);
#2542 = VERTEX_POINT('',#2543);
#2543 = CARTESIAN_POINT('',(143.25,27.5,30.));
#2544 = LINE('',#2545,#2546);
#2545 = CARTESIAN_POINT('',(143.25,27.5,34.5));
#2546 = VECTOR('',#2547,1.);
#2547 = DIRECTION('',(0.,0.,-1.));
#2548 = ORIENTED_EDGE('',*,*,#2121,.F.);
#2549 = ORIENTED_EDGE('',*,*,#2541,.F.);
#2550 = ORIENTED_EDGE('',*,*,#2551,.T.);
#2551 = EDGE_CURVE('',#2542,#2542,#2552,.T.);
#2552 = CIRCLE('',#2553,1.75);
#2553 = AXIS2_PLACEMENT_3D('',#2554,#2555,#2556);
#2554 = CARTESIAN_POINT('',(145.,27.5,30.));
#2555 = DIRECTION('',(0.,0.,-1.));
#2556 = DIRECTION('',(-1.,0.,0.));
#2557 = CYLINDRICAL_SURFACE('',#2558,1.75);
#2558 = AXIS2_PLACEMENT_3D('',#2559,#2560,#2561);
#2559 = CARTESIAN_POINT('',(145.,27.5,34.5));
#2560 = DIRECTION('',(0.,0.,-1.));
#2561 = DIRECTION('',(-1.,0.,0.));
#2562 = ADVANCED_FACE('',(#2563),#2582,.F.);
#2563 = FACE_BOUND('',#2564,.F.);
#2564 = EDGE_LOOP('',(#2565,#2573,#2574,#2575));
#2565 = ORIENTED_EDGE('',*,*,#2566,.T.);
#2566 = EDGE_CURVE('',#2567,#2133,#2569,.T.);
#2567 = VERTEX_POINT('',#2568);
#2568 = CARTESIAN_POINT('',(168.25,27.5,30.));
#2569 = LINE('',#2570,#2571);
#2570 = CARTESIAN_POINT('',(168.25,27.5,34.5));
#2571 = VECTOR('',#2572,1.);
#2572 = DIRECTION('',(0.,0.,-1.));
#2573 = ORIENTED_EDGE('',*,*,#2132,.F.);
#2574 = ORIENTED_EDGE('',*,*,#2566,.F.);
#2575 = ORIENTED_EDGE('',*,*,#2576,.T.);
#2576 = EDGE_CURVE('',#2567,#2567,#2577,.T.);
#2577 = CIRCLE('',#2578,1.75);
#2578 = AXIS2_PLACEMENT_3D('',#2579,#2580,#2581);
#2579 = CARTESIAN_POINT('',(170.,27.5,30.));
#2580 = DIRECTION('',(0.,0.,-1.));
#2581 = DIRECTION('',(-1.,0.,0.));
#2582 = CYLINDRICAL_SURFACE('',#2583,1.75);
#2583 = AXIS2_PLACEMENT_3D('',#2584,#2585,#2586);
#2584 = CARTESIAN_POINT('',(170.,27.5,34.5));
#2585 = DIRECTION('',(0.,0.,-1.));
#2586 = DIRECTION('',(-1.,0.,0.));
#2587 = ADVANCED_FACE('',(#2588),#2607,.F.);
#2588 = FACE_BOUND('',#2589,.F.);
#2589 = EDGE_LOOP('',(#2590,#2598,#2599,#2600));
#2590 = ORIENTED_EDGE('',*,*,#2591,.T.);
#2591 = EDGE_CURVE('',#2592,#2144,#2594,.T.);
#2592 = VERTEX_POINT('',#2593);
#2593 = CARTESIAN_POINT('',(193.25,27.5,30.));
#2594 = LINE('',#2595,#2596);
#2595 = CARTESIAN_POINT('',(193.25,27.5,34.5));
#2596 = VECTOR('',#2597,1.);
#2597 = DIRECTION('',(0.,0.,-1.));
#2598 = ORIENTED_EDGE('',*,*,#2143,.F.);
#2599 = ORIENTED_EDGE('',*,*,#2591,.F.);
#2600 = ORIENTED_EDGE('',*,*,#2601,.T.);
#2601 = EDGE_CURVE('',#2592,#2592,#2602,.T.);
#2602 = CIRCLE('',#2603,1.75);
#2603 = AXIS2_PLACEMENT_3D('',#2604,#2605,#2606);
#2604 = CARTESIAN_POINT('',(195.,27.5,30.));
#2605 = DIRECTION('',(0.,0.,-1.));
#2606 = DIRECTION('',(-1.,0.,0.));
#2607 = CYLINDRICAL_SURFACE('',#2608,1.75);
#2608 = AXIS2_PLACEMENT_3D('',#2609,#2610,#2611);
#2609 = CARTESIAN_POINT('',(195.,27.5,34.5));
#2610 = DIRECTION('',(0.,0.,-1.));
#2611 = DIRECTION('',(-1.,0.,0.));
#2612 = ADVANCED_FACE('',(#2613),#2632,.F.);
#2613 = FACE_BOUND('',#2614,.F.);
#2614 = EDGE_LOOP('',(#2615,#2623,#2624,#2625));
#2615 = ORIENTED_EDGE('',*,*,#2616,.T.);
#2616 = EDGE_CURVE('',#2617,#2155,#2619,.T.);
#2617 = VERTEX_POINT('',#2618);
#2618 = CARTESIAN_POINT('',(218.25,27.5,30.));
#2619 = LINE('',#2620,#2621);
#2620 = CARTESIAN_POINT('',(218.25,27.5,34.5));
#2621 = VECTOR('',#2622,1.);
#2622 = DIRECTION('',(0.,0.,-1.));
#2623 = ORIENTED_EDGE('',*,*,#2154,.F.);
#2624 = ORIENTED_EDGE('',*,*,#2616,.F.);
#2625 = ORIENTED_EDGE('',*,*,#2626,.T.);
#2626 = EDGE_CURVE('',#2617,#2617,#2627,.T.);
#2627 = CIRCLE('',#2628,1.75);
#2628 = AXIS2_PLACEMENT_3D('',#2629,#2630,#2631);
#2629 = CARTESIAN_POINT('',(220.,27.5,30.));
#2630 = DIRECTION('',(0.,0.,-1.));
#2631 = DIRECTION('',(-1.,0.,0.));
#2632 = CYLINDRICAL_SURFACE('',#2633,1.75);
#2633 = AXIS2_PLACEMENT_3D('',#2634,#2635,#2636);
#2634 = CARTESIAN_POINT('',(220.,27.5,34.5));
#2635 = DIRECTION('',(0.,0.,-1.));
#2636 = DIRECTION('',(-1.,0.,0.));
#2637 = ADVANCED_FACE('',(#2638,#2641),#2644,.F.);
#2638 = FACE_BOUND('',#2639,.F.);
#2639 = EDGE_LOOP('',(#2640));
#2640 = ORIENTED_EDGE('',*,*,#2191,.T.);
#2641 = FACE_BOUND('',#2642,.F.);
#2642 = EDGE_LOOP('',(#2643));
#2643 = ORIENTED_EDGE('',*,*,#2426,.F.);
#2644 = PLANE('',#2645);
#2645 = AXIS2_PLACEMENT_3D('',#2646,#2647,#2648);
#2646 = CARTESIAN_POINT('',(20.,27.5,30.));
#2647 = DIRECTION('',(0.,0.,-1.));
#2648 = DIRECTION('',(-1.,0.,0.));
#2649 = ADVANCED_FACE('',(#2650,#2653),#2656,.F.);
#2650 = FACE_BOUND('',#2651,.F.);
#2651 = EDGE_LOOP('',(#2652));
#2652 = ORIENTED_EDGE('',*,*,#2216,.T.);
#2653 = FACE_BOUND('',#2654,.F.);
#2654 = EDGE_LOOP('',(#2655));
#2655 = ORIENTED_EDGE('',*,*,#2451,.F.);
#2656 = PLANE('',#2657);
#2657 = AXIS2_PLACEMENT_3D('',#2658,#2659,#2660);
#2658 = CARTESIAN_POINT('',(45.,27.5,30.));
#2659 = DIRECTION('',(0.,0.,-1.));
#2660 = DIRECTION('',(-1.,0.,0.));
#2661 = ADVANCED_FACE('',(#2662,#2665),#2668,.F.);
#2662 = FACE_BOUND('',#2663,.F.);
#2663 = EDGE_LOOP('',(#2664));
#2664 = ORIENTED_EDGE('',*,*,#2241,.T.);
#2665 = FACE_BOUND('',#2666,.F.);
#2666 = EDGE_LOOP('',(#2667));
#2667 = ORIENTED_EDGE('',*,*,#2476,.F.);
#2668 = PLANE('',#2669);
#2669 = AXIS2_PLACEMENT_3D('',#2670,#2671,#2672);
#2670 = CARTESIAN_POINT('',(70.,27.5,30.));
#2671 = DIRECTION('',(0.,0.,-1.));
#2672 = DIRECTION('',(-1.,0.,0.));
#2673 = ADVANCED_FACE('',(#2674,#2677),#2680,.F.);
#2674 = FACE_BOUND('',#2675,.F.);
#2675 = EDGE_LOOP('',(#2676));
#2676 = ORIENTED_EDGE('',*,*,#2266,.T.);
#2677 = FACE_BOUND('',#2678,.F.);
#2678 = EDGE_LOOP('',(#2679));
#2679 = ORIENTED_EDGE('',*,*,#2501,.F.);
#2680 = PLANE('',#2681);
#2681 = AXIS2_PLACEMENT_3D('',#2682,#2683,#2684);
#2682 = CARTESIAN_POINT('',(95.,27.5,30.));
#2683 = DIRECTION('',(0.,0.,-1.));
#2684 = DIRECTION('',(-1.,0.,0.));
#2685 = ADVANCED_FACE('',(#2686,#2689),#2692,.F.);
#2686 = FACE_BOUND('',#2687,.F.);
#2687 = EDGE_LOOP('',(#2688));
#2688 = ORIENTED_EDGE('',*,*,#2291,.T.);
#2689 = FACE_BOUND('',#2690,.F.);
#2690 = EDGE_LOOP('',(#2691));
#2691 = ORIENTED_EDGE('',*,*,#2526,.F.);
#2692 = PLANE('',#2693);
#2693 = AXIS2_PLACEMENT_3D('',#2694,#2695,#2696);
#2694 = CARTESIAN_POINT('',(120.,27.5,30.));
#2695 = DIRECTION('',(0.,0.,-1.));
#2696 = DIRECTION('',(-1.,0.,0.));
#2697 = ADVANCED_FACE('',(#2698,#2701),#2704,.F.);
#2698 = FACE_BOUND('',#2699,.F.);
#2699 = EDGE_LOOP('',(#2700));
#2700 = ORIENTED_EDGE('',*,*,#2316,.T.);
#2701 = FACE_BOUND('',#2702,.F.);
#2702 = EDGE_LOOP('',(#2703));
#2703 = ORIENTED_EDGE('',*,*,#2551,.F.);
#2704 = PLANE('',#2705);
#2705 = AXIS2_PLACEMENT_3D('',#2706,#2707,#2708);
#2706 = CARTESIAN_POINT('',(145.,27.5,30.));
#2707 = DIRECTION('',(0.,0.,-1.));
#2708 = DIRECTION('',(-1.,0.,0.));
#2709 = ADVANCED_FACE('',(#2710,#2713),#2716,.F.);
#2710 = FACE_BOUND('',#2711,.F.);
#2711 = EDGE_LOOP('',(#2712));
#2712 = ORIENTED_EDGE('',*,*,#2341,.T.);
#2713 = FACE_BOUND('',#2714,.F.);
#2714 = EDGE_LOOP('',(#2715));
#2715 = ORIENTED_EDGE('',*,*,#2576,.F.);
#2716 = PLANE('',#2717);
#2717 = AXIS2_PLACEMENT_3D('',#2718,#2719,#2720);
#2718 = CARTESIAN_POINT('',(170.,27.5,30.));
#2719 = DIRECTION('',(0.,0.,-1.));
#2720 = DIRECTION('',(-1.,0.,0.));
#2721 = ADVANCED_FACE('',(#2722,#2725),#2728,.F.);
#2722 = FACE_BOUND('',#2723,.F.);
#2723 = EDGE_LOOP('',(#2724));
#2724 = ORIENTED_EDGE('',*,*,#2366,.T.);
#2725 = FACE_BOUND('',#2726,.F.);
#2726 = EDGE_LOOP('',(#2727));
#2727 = ORIENTED_EDGE('',*,*,#2601,.F.);
#2728 = PLANE('',#2729);
#2729 = AXIS2_PLACEMENT_3D('',#2730,#2731,#2732);
#2730 = CARTESIAN_POINT('',(195.,27.5,30.));
#2731 = DIRECTION('',(0.,0.,-1.));
#2732 = DIRECTION('',(-1.,0.,0.));
#2733 = ADVANCED_FACE('',(#2734,#2737),#2740,.F.);
#2734 = FACE_BOUND('',#2735,.F.);
#2735 = EDGE_LOOP('',(#2736));
#2736 = ORIENTED_EDGE('',*,*,#2391,.T.);
#2737 = FACE_BOUND('',#2738,.F.);
#2738 = EDGE_LOOP('',(#2739));
#2739 = ORIENTED_EDGE('',*,*,#2626,.F.);
#2740 = PLANE('',#2741);
#2741 = AXIS2_PLACEMENT_3D('',#2742,#2743,#2744);
#2742 = CARTESIAN_POINT('',(220.,27.5,30.));
#2743 = DIRECTION('',(0.,0.,-1.));
#2744 = DIRECTION('',(-1.,0.,0.));
#2745 = MANIFOLD_SOLID_BREP('',#2746);
#2746 = CLOSED_SHELL('',(#2747,#2851,#2882,#2906,#2930,#2954,#2978,#3101
    ,#3125,#3149,#3173,#3197,#3221,#3337,#3357,#3382,#3407,#3432,#3457,
    #3482,#3507,#3532,#3557,#3582,#3607,#3632,#3657,#3682,#3707,#3732,
    #3757,#3782,#3807,#3819,#3831,#3843,#3855,#3867,#3879,#3891,#3903));
#2747 = ADVANCED_FACE('',(#2748),#2846,.F.);
#2748 = FACE_BOUND('',#2749,.F.);
#2749 = EDGE_LOOP('',(#2750,#2760,#2768,#2776,#2784,#2792,#2800,#2808,
    #2816,#2824,#2832,#2840));
#2750 = ORIENTED_EDGE('',*,*,#2751,.F.);
#2751 = EDGE_CURVE('',#2752,#2754,#2756,.T.);
#2752 = VERTEX_POINT('',#2753);
#2753 = CARTESIAN_POINT('',(5.,-33.5,26.5));
#2754 = VERTEX_POINT('',#2755);
#2755 = CARTESIAN_POINT('',(5.,-33.5,29.6));
#2756 = LINE('',#2757,#2758);
#2757 = CARTESIAN_POINT('',(5.,-33.5,26.5));
#2758 = VECTOR('',#2759,1.);
#2759 = DIRECTION('',(0.,0.,1.));
#2760 = ORIENTED_EDGE('',*,*,#2761,.T.);
#2761 = EDGE_CURVE('',#2752,#2762,#2764,.T.);
#2762 = VERTEX_POINT('',#2763);
#2763 = CARTESIAN_POINT('',(5.,-21.5,26.5));
#2764 = LINE('',#2765,#2766);
#2765 = CARTESIAN_POINT('',(5.,-33.5,26.5));
#2766 = VECTOR('',#2767,1.);
#2767 = DIRECTION('',(0.,1.,0.));
#2768 = ORIENTED_EDGE('',*,*,#2769,.T.);
#2769 = EDGE_CURVE('',#2762,#2770,#2772,.T.);
#2770 = VERTEX_POINT('',#2771);
#2771 = CARTESIAN_POINT('',(5.,-21.5,29.6));
#2772 = LINE('',#2773,#2774);
#2773 = CARTESIAN_POINT('',(5.,-21.5,26.5));
#2774 = VECTOR('',#2775,1.);
#2775 = DIRECTION('',(0.,0.,1.));
#2776 = ORIENTED_EDGE('',*,*,#2777,.F.);
#2777 = EDGE_CURVE('',#2778,#2770,#2780,.T.);
#2778 = VERTEX_POINT('',#2779);
#2779 = CARTESIAN_POINT('',(5.,-22.1,29.6));
#2780 = LINE('',#2781,#2782);
#2781 = CARTESIAN_POINT('',(5.,-22.1,29.6));
#2782 = VECTOR('',#2783,1.);
#2783 = DIRECTION('',(0.,1.,0.));
#2784 = ORIENTED_EDGE('',*,*,#2785,.T.);
#2785 = EDGE_CURVE('',#2778,#2786,#2788,.T.);
#2786 = VERTEX_POINT('',#2787);
#2787 = CARTESIAN_POINT('',(5.,-22.1,31.4));
#2788 = LINE('',#2789,#2790);
#2789 = CARTESIAN_POINT('',(5.,-22.1,29.6));
#2790 = VECTOR('',#2791,1.);
#2791 = DIRECTION('',(0.,0.,1.));
#2792 = ORIENTED_EDGE('',*,*,#2793,.T.);
#2793 = EDGE_CURVE('',#2786,#2794,#2796,.T.);
#2794 = VERTEX_POINT('',#2795);
#2795 = CARTESIAN_POINT('',(5.,-21.5,31.4));
#2796 = LINE('',#2797,#2798);
#2797 = CARTESIAN_POINT('',(5.,-22.1,31.4));
#2798 = VECTOR('',#2799,1.);
#2799 = DIRECTION('',(0.,1.,0.));
#2800 = ORIENTED_EDGE('',*,*,#2801,.T.);
#2801 = EDGE_CURVE('',#2794,#2802,#2804,.T.);
#2802 = VERTEX_POINT('',#2803);
#2803 = CARTESIAN_POINT('',(5.,-21.5,34.5));
#2804 = LINE('',#2805,#2806);
#2805 = CARTESIAN_POINT('',(5.,-21.5,26.5));
#2806 = VECTOR('',#2807,1.);
#2807 = DIRECTION('',(0.,0.,1.));
#2808 = ORIENTED_EDGE('',*,*,#2809,.F.);
#2809 = EDGE_CURVE('',#2810,#2802,#2812,.T.);
#2810 = VERTEX_POINT('',#2811);
#2811 = CARTESIAN_POINT('',(5.,-33.5,34.5));
#2812 = LINE('',#2813,#2814);
#2813 = CARTESIAN_POINT('',(5.,-33.5,34.5));
#2814 = VECTOR('',#2815,1.);
#2815 = DIRECTION('',(0.,1.,0.));
#2816 = ORIENTED_EDGE('',*,*,#2817,.F.);
#2817 = EDGE_CURVE('',#2818,#2810,#2820,.T.);
#2818 = VERTEX_POINT('',#2819);
#2819 = CARTESIAN_POINT('',(5.,-33.5,31.4));
#2820 = LINE('',#2821,#2822);
#2821 = CARTESIAN_POINT('',(5.,-33.5,26.5));
#2822 = VECTOR('',#2823,1.);
#2823 = DIRECTION('',(0.,0.,1.));
#2824 = ORIENTED_EDGE('',*,*,#2825,.T.);
#2825 = EDGE_CURVE('',#2818,#2826,#2828,.T.);
#2826 = VERTEX_POINT('',#2827);
#2827 = CARTESIAN_POINT('',(5.,-32.9,31.4));
#2828 = LINE('',#2829,#2830);
#2829 = CARTESIAN_POINT('',(5.,-34.1,31.4));
#2830 = VECTOR('',#2831,1.);
#2831 = DIRECTION('',(0.,1.,0.));
#2832 = ORIENTED_EDGE('',*,*,#2833,.F.);
#2833 = EDGE_CURVE('',#2834,#2826,#2836,.T.);
#2834 = VERTEX_POINT('',#2835);
#2835 = CARTESIAN_POINT('',(5.,-32.9,29.6));
#2836 = LINE('',#2837,#2838);
#2837 = CARTESIAN_POINT('',(5.,-32.9,29.6));
#2838 = VECTOR('',#2839,1.);
#2839 = DIRECTION('',(0.,0.,1.));
#2840 = ORIENTED_EDGE('',*,*,#2841,.F.);
#2841 = EDGE_CURVE('',#2754,#2834,#2842,.T.);
#2842 = LINE('',#2843,#2844);
#2843 = CARTESIAN_POINT('',(5.,-34.1,29.6));
#2844 = VECTOR('',#2845,1.);
#2845 = DIRECTION('',(0.,1.,0.));
#2846 = PLANE('',#2847);
#2847 = AXIS2_PLACEMENT_3D('',#2848,#2849,#2850);
#2848 = CARTESIAN_POINT('',(5.,-33.5,26.5));
#2849 = DIRECTION('',(1.,0.,0.));
#2850 = DIRECTION('',(0.,0.,1.));
#2851 = ADVANCED_FACE('',(#2852),#2877,.F.);
#2852 = FACE_BOUND('',#2853,.F.);
#2853 = EDGE_LOOP('',(#2854,#2864,#2870,#2871));
#2854 = ORIENTED_EDGE('',*,*,#2855,.F.);
#2855 = EDGE_CURVE('',#2856,#2858,#2860,.T.);
#2856 = VERTEX_POINT('',#2857);
#2857 = CARTESIAN_POINT('',(235.,-33.5,26.5));
#2858 = VERTEX_POINT('',#2859);
#2859 = CARTESIAN_POINT('',(235.,-33.5,29.6));
#2860 = LINE('',#2861,#2862);
#2861 = CARTESIAN_POINT('',(235.,-33.5,26.5));
#2862 = VECTOR('',#2863,1.);
#2863 = DIRECTION('',(0.,0.,1.));
#2864 = ORIENTED_EDGE('',*,*,#2865,.F.);
#2865 = EDGE_CURVE('',#2752,#2856,#2866,.T.);
#2866 = LINE('',#2867,#2868);
#2867 = CARTESIAN_POINT('',(5.,-33.5,26.5));
#2868 = VECTOR('',#2869,1.);
#2869 = DIRECTION('',(1.,0.,0.));
#2870 = ORIENTED_EDGE('',*,*,#2751,.T.);
#2871 = ORIENTED_EDGE('',*,*,#2872,.T.);
#2872 = EDGE_CURVE('',#2754,#2858,#2873,.T.);
#2873 = LINE('',#2874,#2875);
#2874 = CARTESIAN_POINT('',(5.,-33.5,29.6));
#2875 = VECTOR('',#2876,1.);
#2876 = DIRECTION('',(1.,0.,0.));
#2877 = PLANE('',#2878);
#2878 = AXIS2_PLACEMENT_3D('',#2879,#2880,#2881);
#2879 = CARTESIAN_POINT('',(5.,-33.5,26.5));
#2880 = DIRECTION('',(0.,1.,0.));
#2881 = DIRECTION('',(0.,0.,1.));
#2882 = ADVANCED_FACE('',(#2883),#2901,.T.);
#2883 = FACE_BOUND('',#2884,.T.);
#2884 = EDGE_LOOP('',(#2885,#2886,#2887,#2895));
#2885 = ORIENTED_EDGE('',*,*,#2841,.F.);
#2886 = ORIENTED_EDGE('',*,*,#2872,.T.);
#2887 = ORIENTED_EDGE('',*,*,#2888,.T.);
#2888 = EDGE_CURVE('',#2858,#2889,#2891,.T.);
#2889 = VERTEX_POINT('',#2890);
#2890 = CARTESIAN_POINT('',(235.,-32.9,29.6));
#2891 = LINE('',#2892,#2893);
#2892 = CARTESIAN_POINT('',(235.,-34.1,29.6));
#2893 = VECTOR('',#2894,1.);
#2894 = DIRECTION('',(0.,1.,0.));
#2895 = ORIENTED_EDGE('',*,*,#2896,.F.);
#2896 = EDGE_CURVE('',#2834,#2889,#2897,.T.);
#2897 = LINE('',#2898,#2899);
#2898 = CARTESIAN_POINT('',(5.,-32.9,29.6));
#2899 = VECTOR('',#2900,1.);
#2900 = DIRECTION('',(1.,0.,0.));
#2901 = PLANE('',#2902);
#2902 = AXIS2_PLACEMENT_3D('',#2903,#2904,#2905);
#2903 = CARTESIAN_POINT('',(5.,-34.1,29.6));
#2904 = DIRECTION('',(0.,0.,1.));
#2905 = DIRECTION('',(1.,0.,0.));
#2906 = ADVANCED_FACE('',(#2907),#2925,.F.);
#2907 = FACE_BOUND('',#2908,.F.);
#2908 = EDGE_LOOP('',(#2909,#2910,#2911,#2919));
#2909 = ORIENTED_EDGE('',*,*,#2896,.F.);
#2910 = ORIENTED_EDGE('',*,*,#2833,.T.);
#2911 = ORIENTED_EDGE('',*,*,#2912,.T.);
#2912 = EDGE_CURVE('',#2826,#2913,#2915,.T.);
#2913 = VERTEX_POINT('',#2914);
#2914 = CARTESIAN_POINT('',(235.,-32.9,31.4));
#2915 = LINE('',#2916,#2917);
#2916 = CARTESIAN_POINT('',(5.,-32.9,31.4));
#2917 = VECTOR('',#2918,1.);
#2918 = DIRECTION('',(1.,0.,0.));
#2919 = ORIENTED_EDGE('',*,*,#2920,.F.);
#2920 = EDGE_CURVE('',#2889,#2913,#2921,.T.);
#2921 = LINE('',#2922,#2923);
#2922 = CARTESIAN_POINT('',(235.,-32.9,29.6));
#2923 = VECTOR('',#2924,1.);
#2924 = DIRECTION('',(0.,0.,1.));
#2925 = PLANE('',#2926);
#2926 = AXIS2_PLACEMENT_3D('',#2927,#2928,#2929);
#2927 = CARTESIAN_POINT('',(5.,-32.9,29.6));
#2928 = DIRECTION('',(0.,1.,0.));
#2929 = DIRECTION('',(0.,0.,1.));
#2930 = ADVANCED_FACE('',(#2931),#2949,.F.);
#2931 = FACE_BOUND('',#2932,.F.);
#2932 = EDGE_LOOP('',(#2933,#2934,#2942,#2948));
#2933 = ORIENTED_EDGE('',*,*,#2825,.F.);
#2934 = ORIENTED_EDGE('',*,*,#2935,.T.);
#2935 = EDGE_CURVE('',#2818,#2936,#2938,.T.);
#2936 = VERTEX_POINT('',#2937);
#2937 = CARTESIAN_POINT('',(235.,-33.5,31.4));
#2938 = LINE('',#2939,#2940);
#2939 = CARTESIAN_POINT('',(5.,-33.5,31.4));
#2940 = VECTOR('',#2941,1.);
#2941 = DIRECTION('',(1.,0.,0.));
#2942 = ORIENTED_EDGE('',*,*,#2943,.T.);
#2943 = EDGE_CURVE('',#2936,#2913,#2944,.T.);
#2944 = LINE('',#2945,#2946);
#2945 = CARTESIAN_POINT('',(235.,-34.1,31.4));
#2946 = VECTOR('',#2947,1.);
#2947 = DIRECTION('',(0.,1.,0.));
#2948 = ORIENTED_EDGE('',*,*,#2912,.F.);
#2949 = PLANE('',#2950);
#2950 = AXIS2_PLACEMENT_3D('',#2951,#2952,#2953);
#2951 = CARTESIAN_POINT('',(5.,-34.1,31.4));
#2952 = DIRECTION('',(0.,0.,1.));
#2953 = DIRECTION('',(1.,0.,0.));
#2954 = ADVANCED_FACE('',(#2955),#2973,.F.);
#2955 = FACE_BOUND('',#2956,.F.);
#2956 = EDGE_LOOP('',(#2957,#2965,#2966,#2967));
#2957 = ORIENTED_EDGE('',*,*,#2958,.F.);
#2958 = EDGE_CURVE('',#2936,#2959,#2961,.T.);
#2959 = VERTEX_POINT('',#2960);
#2960 = CARTESIAN_POINT('',(235.,-33.5,34.5));
#2961 = LINE('',#2962,#2963);
#2962 = CARTESIAN_POINT('',(235.,-33.5,26.5));
#2963 = VECTOR('',#2964,1.);
#2964 = DIRECTION('',(0.,0.,1.));
#2965 = ORIENTED_EDGE('',*,*,#2935,.F.);
#2966 = ORIENTED_EDGE('',*,*,#2817,.T.);
#2967 = ORIENTED_EDGE('',*,*,#2968,.T.);
#2968 = EDGE_CURVE('',#2810,#2959,#2969,.T.);
#2969 = LINE('',#2970,#2971);
#2970 = CARTESIAN_POINT('',(5.,-33.5,34.5));
#2971 = VECTOR('',#2972,1.);
#2972 = DIRECTION('',(1.,0.,0.));
#2973 = PLANE('',#2974);
#2974 = AXIS2_PLACEMENT_3D('',#2975,#2976,#2977);
#2975 = CARTESIAN_POINT('',(5.,-33.5,26.5));
#2976 = DIRECTION('',(0.,1.,0.));
#2977 = DIRECTION('',(0.,0.,1.));
#2978 = ADVANCED_FACE('',(#2979,#2997,#3008,#3019,#3030,#3041,#3052,
    #3063,#3074,#3085),#3096,.T.);
#2979 = FACE_BOUND('',#2980,.T.);
#2980 = EDGE_LOOP('',(#2981,#2982,#2983,#2991));
#2981 = ORIENTED_EDGE('',*,*,#2809,.F.);
#2982 = ORIENTED_EDGE('',*,*,#2968,.T.);
#2983 = ORIENTED_EDGE('',*,*,#2984,.T.);
#2984 = EDGE_CURVE('',#2959,#2985,#2987,.T.);
#2985 = VERTEX_POINT('',#2986);
#2986 = CARTESIAN_POINT('',(235.,-21.5,34.5));
#2987 = LINE('',#2988,#2989);
#2988 = CARTESIAN_POINT('',(235.,-33.5,34.5));
#2989 = VECTOR('',#2990,1.);
#2990 = DIRECTION('',(0.,1.,0.));
#2991 = ORIENTED_EDGE('',*,*,#2992,.F.);
#2992 = EDGE_CURVE('',#2802,#2985,#2993,.T.);
#2993 = LINE('',#2994,#2995);
#2994 = CARTESIAN_POINT('',(5.,-21.5,34.5));
#2995 = VECTOR('',#2996,1.);
#2996 = DIRECTION('',(1.,0.,0.));
#2997 = FACE_BOUND('',#2998,.T.);
#2998 = EDGE_LOOP('',(#2999));
#2999 = ORIENTED_EDGE('',*,*,#3000,.T.);
#3000 = EDGE_CURVE('',#3001,#3001,#3003,.T.);
#3001 = VERTEX_POINT('',#3002);
#3002 = CARTESIAN_POINT('',(17.,-27.5,34.5));
#3003 = CIRCLE('',#3004,3.);
#3004 = AXIS2_PLACEMENT_3D('',#3005,#3006,#3007);
#3005 = CARTESIAN_POINT('',(20.,-27.5,34.5));
#3006 = DIRECTION('',(0.,0.,-1.));
#3007 = DIRECTION('',(-1.,0.,0.));
#3008 = FACE_BOUND('',#3009,.T.);
#3009 = EDGE_LOOP('',(#3010));
#3010 = ORIENTED_EDGE('',*,*,#3011,.T.);
#3011 = EDGE_CURVE('',#3012,#3012,#3014,.T.);
#3012 = VERTEX_POINT('',#3013);
#3013 = CARTESIAN_POINT('',(42.,-27.5,34.5));
#3014 = CIRCLE('',#3015,3.);
#3015 = AXIS2_PLACEMENT_3D('',#3016,#3017,#3018);
#3016 = CARTESIAN_POINT('',(45.,-27.5,34.5));
#3017 = DIRECTION('',(0.,0.,-1.));
#3018 = DIRECTION('',(-1.,0.,0.));
#3019 = FACE_BOUND('',#3020,.T.);
#3020 = EDGE_LOOP('',(#3021));
#3021 = ORIENTED_EDGE('',*,*,#3022,.T.);
#3022 = EDGE_CURVE('',#3023,#3023,#3025,.T.);
#3023 = VERTEX_POINT('',#3024);
#3024 = CARTESIAN_POINT('',(67.,-27.5,34.5));
#3025 = CIRCLE('',#3026,3.);
#3026 = AXIS2_PLACEMENT_3D('',#3027,#3028,#3029);
#3027 = CARTESIAN_POINT('',(70.,-27.5,34.5));
#3028 = DIRECTION('',(0.,0.,-1.));
#3029 = DIRECTION('',(-1.,0.,0.));
#3030 = FACE_BOUND('',#3031,.T.);
#3031 = EDGE_LOOP('',(#3032));
#3032 = ORIENTED_EDGE('',*,*,#3033,.T.);
#3033 = EDGE_CURVE('',#3034,#3034,#3036,.T.);
#3034 = VERTEX_POINT('',#3035);
#3035 = CARTESIAN_POINT('',(92.,-27.5,34.5));
#3036 = CIRCLE('',#3037,3.);
#3037 = AXIS2_PLACEMENT_3D('',#3038,#3039,#3040);
#3038 = CARTESIAN_POINT('',(95.,-27.5,34.5));
#3039 = DIRECTION('',(0.,0.,-1.));
#3040 = DIRECTION('',(-1.,0.,0.));
#3041 = FACE_BOUND('',#3042,.T.);
#3042 = EDGE_LOOP('',(#3043));
#3043 = ORIENTED_EDGE('',*,*,#3044,.T.);
#3044 = EDGE_CURVE('',#3045,#3045,#3047,.T.);
#3045 = VERTEX_POINT('',#3046);
#3046 = CARTESIAN_POINT('',(117.,-27.5,34.5));
#3047 = CIRCLE('',#3048,3.);
#3048 = AXIS2_PLACEMENT_3D('',#3049,#3050,#3051);
#3049 = CARTESIAN_POINT('',(120.,-27.5,34.5));
#3050 = DIRECTION('',(0.,0.,-1.));
#3051 = DIRECTION('',(-1.,0.,0.));
#3052 = FACE_BOUND('',#3053,.T.);
#3053 = EDGE_LOOP('',(#3054));
#3054 = ORIENTED_EDGE('',*,*,#3055,.T.);
#3055 = EDGE_CURVE('',#3056,#3056,#3058,.T.);
#3056 = VERTEX_POINT('',#3057);
#3057 = CARTESIAN_POINT('',(142.,-27.5,34.5));
#3058 = CIRCLE('',#3059,3.);
#3059 = AXIS2_PLACEMENT_3D('',#3060,#3061,#3062);
#3060 = CARTESIAN_POINT('',(145.,-27.5,34.5));
#3061 = DIRECTION('',(0.,0.,-1.));
#3062 = DIRECTION('',(-1.,0.,0.));
#3063 = FACE_BOUND('',#3064,.T.);
#3064 = EDGE_LOOP('',(#3065));
#3065 = ORIENTED_EDGE('',*,*,#3066,.T.);
#3066 = EDGE_CURVE('',#3067,#3067,#3069,.T.);
#3067 = VERTEX_POINT('',#3068);
#3068 = CARTESIAN_POINT('',(167.,-27.5,34.5));
#3069 = CIRCLE('',#3070,3.);
#3070 = AXIS2_PLACEMENT_3D('',#3071,#3072,#3073);
#3071 = CARTESIAN_POINT('',(170.,-27.5,34.5));
#3072 = DIRECTION('',(0.,0.,-1.));
#3073 = DIRECTION('',(-1.,0.,0.));
#3074 = FACE_BOUND('',#3075,.T.);
#3075 = EDGE_LOOP('',(#3076));
#3076 = ORIENTED_EDGE('',*,*,#3077,.T.);
#3077 = EDGE_CURVE('',#3078,#3078,#3080,.T.);
#3078 = VERTEX_POINT('',#3079);
#3079 = CARTESIAN_POINT('',(192.,-27.5,34.5));
#3080 = CIRCLE('',#3081,3.);
#3081 = AXIS2_PLACEMENT_3D('',#3082,#3083,#3084);
#3082 = CARTESIAN_POINT('',(195.,-27.5,34.5));
#3083 = DIRECTION('',(0.,0.,-1.));
#3084 = DIRECTION('',(-1.,0.,0.));
#3085 = FACE_BOUND('',#3086,.T.);
#3086 = EDGE_LOOP('',(#3087));
#3087 = ORIENTED_EDGE('',*,*,#3088,.T.);
#3088 = EDGE_CURVE('',#3089,#3089,#3091,.T.);
#3089 = VERTEX_POINT('',#3090);
#3090 = CARTESIAN_POINT('',(217.,-27.5,34.5));
#3091 = CIRCLE('',#3092,3.);
#3092 = AXIS2_PLACEMENT_3D('',#3093,#3094,#3095);
#3093 = CARTESIAN_POINT('',(220.,-27.5,34.5));
#3094 = DIRECTION('',(0.,0.,-1.));
#3095 = DIRECTION('',(-1.,0.,0.));
#3096 = PLANE('',#3097);
#3097 = AXIS2_PLACEMENT_3D('',#3098,#3099,#3100);
#3098 = CARTESIAN_POINT('',(5.,-33.5,34.5));
#3099 = DIRECTION('',(0.,0.,1.));
#3100 = DIRECTION('',(1.,0.,0.));
#3101 = ADVANCED_FACE('',(#3102),#3120,.T.);
#3102 = FACE_BOUND('',#3103,.T.);
#3103 = EDGE_LOOP('',(#3104,#3112,#3118,#3119));
#3104 = ORIENTED_EDGE('',*,*,#3105,.F.);
#3105 = EDGE_CURVE('',#3106,#2985,#3108,.T.);
#3106 = VERTEX_POINT('',#3107);
#3107 = CARTESIAN_POINT('',(235.,-21.5,31.4));
#3108 = LINE('',#3109,#3110);
#3109 = CARTESIAN_POINT('',(235.,-21.5,26.5));
#3110 = VECTOR('',#3111,1.);
#3111 = DIRECTION('',(0.,0.,1.));
#3112 = ORIENTED_EDGE('',*,*,#3113,.F.);
#3113 = EDGE_CURVE('',#2794,#3106,#3114,.T.);
#3114 = LINE('',#3115,#3116);
#3115 = CARTESIAN_POINT('',(5.,-21.5,31.4));
#3116 = VECTOR('',#3117,1.);
#3117 = DIRECTION('',(1.,0.,0.));
#3118 = ORIENTED_EDGE('',*,*,#2801,.T.);
#3119 = ORIENTED_EDGE('',*,*,#2992,.T.);
#3120 = PLANE('',#3121);
#3121 = AXIS2_PLACEMENT_3D('',#3122,#3123,#3124);
#3122 = CARTESIAN_POINT('',(5.,-21.5,26.5));
#3123 = DIRECTION('',(0.,1.,0.));
#3124 = DIRECTION('',(0.,0.,1.));
#3125 = ADVANCED_FACE('',(#3126),#3144,.F.);
#3126 = FACE_BOUND('',#3127,.F.);
#3127 = EDGE_LOOP('',(#3128,#3129,#3137,#3143));
#3128 = ORIENTED_EDGE('',*,*,#2793,.F.);
#3129 = ORIENTED_EDGE('',*,*,#3130,.T.);
#3130 = EDGE_CURVE('',#2786,#3131,#3133,.T.);
#3131 = VERTEX_POINT('',#3132);
#3132 = CARTESIAN_POINT('',(235.,-22.1,31.4));
#3133 = LINE('',#3134,#3135);
#3134 = CARTESIAN_POINT('',(5.,-22.1,31.4));
#3135 = VECTOR('',#3136,1.);
#3136 = DIRECTION('',(1.,0.,0.));
#3137 = ORIENTED_EDGE('',*,*,#3138,.T.);
#3138 = EDGE_CURVE('',#3131,#3106,#3139,.T.);
#3139 = LINE('',#3140,#3141);
#3140 = CARTESIAN_POINT('',(235.,-22.1,31.4));
#3141 = VECTOR('',#3142,1.);
#3142 = DIRECTION('',(0.,1.,0.));
#3143 = ORIENTED_EDGE('',*,*,#3113,.F.);
#3144 = PLANE('',#3145);
#3145 = AXIS2_PLACEMENT_3D('',#3146,#3147,#3148);
#3146 = CARTESIAN_POINT('',(5.,-22.1,31.4));
#3147 = DIRECTION('',(0.,0.,1.));
#3148 = DIRECTION('',(1.,0.,0.));
#3149 = ADVANCED_FACE('',(#3150),#3168,.T.);
#3150 = FACE_BOUND('',#3151,.T.);
#3151 = EDGE_LOOP('',(#3152,#3160,#3161,#3162));
#3152 = ORIENTED_EDGE('',*,*,#3153,.F.);
#3153 = EDGE_CURVE('',#2778,#3154,#3156,.T.);
#3154 = VERTEX_POINT('',#3155);
#3155 = CARTESIAN_POINT('',(235.,-22.1,29.6));
#3156 = LINE('',#3157,#3158);
#3157 = CARTESIAN_POINT('',(5.,-22.1,29.6));
#3158 = VECTOR('',#3159,1.);
#3159 = DIRECTION('',(1.,0.,0.));
#3160 = ORIENTED_EDGE('',*,*,#2785,.T.);
#3161 = ORIENTED_EDGE('',*,*,#3130,.T.);
#3162 = ORIENTED_EDGE('',*,*,#3163,.F.);
#3163 = EDGE_CURVE('',#3154,#3131,#3164,.T.);
#3164 = LINE('',#3165,#3166);
#3165 = CARTESIAN_POINT('',(235.,-22.1,29.6));
#3166 = VECTOR('',#3167,1.);
#3167 = DIRECTION('',(0.,0.,1.));
#3168 = PLANE('',#3169);
#3169 = AXIS2_PLACEMENT_3D('',#3170,#3171,#3172);
#3170 = CARTESIAN_POINT('',(5.,-22.1,29.6));
#3171 = DIRECTION('',(0.,1.,0.));
#3172 = DIRECTION('',(0.,0.,1.));
#3173 = ADVANCED_FACE('',(#3174),#3192,.T.);
#3174 = FACE_BOUND('',#3175,.T.);
#3175 = EDGE_LOOP('',(#3176,#3177,#3178,#3186));
#3176 = ORIENTED_EDGE('',*,*,#2777,.F.);
#3177 = ORIENTED_EDGE('',*,*,#3153,.T.);
#3178 = ORIENTED_EDGE('',*,*,#3179,.T.);
#3179 = EDGE_CURVE('',#3154,#3180,#3182,.T.);
#3180 = VERTEX_POINT('',#3181);
#3181 = CARTESIAN_POINT('',(235.,-21.5,29.6));
#3182 = LINE('',#3183,#3184);
#3183 = CARTESIAN_POINT('',(235.,-22.1,29.6));
#3184 = VECTOR('',#3185,1.);
#3185 = DIRECTION('',(0.,1.,0.));
#3186 = ORIENTED_EDGE('',*,*,#3187,.F.);
#3187 = EDGE_CURVE('',#2770,#3180,#3188,.T.);
#3188 = LINE('',#3189,#3190);
#3189 = CARTESIAN_POINT('',(5.,-21.5,29.6));
#3190 = VECTOR('',#3191,1.);
#3191 = DIRECTION('',(1.,0.,0.));
#3192 = PLANE('',#3193);
#3193 = AXIS2_PLACEMENT_3D('',#3194,#3195,#3196);
#3194 = CARTESIAN_POINT('',(5.,-22.1,29.6));
#3195 = DIRECTION('',(0.,0.,1.));
#3196 = DIRECTION('',(1.,0.,0.));
#3197 = ADVANCED_FACE('',(#3198),#3216,.T.);
#3198 = FACE_BOUND('',#3199,.T.);
#3199 = EDGE_LOOP('',(#3200,#3208,#3214,#3215));
#3200 = ORIENTED_EDGE('',*,*,#3201,.F.);
#3201 = EDGE_CURVE('',#3202,#3180,#3204,.T.);
#3202 = VERTEX_POINT('',#3203);
#3203 = CARTESIAN_POINT('',(235.,-21.5,26.5));
#3204 = LINE('',#3205,#3206);
#3205 = CARTESIAN_POINT('',(235.,-21.5,26.5));
#3206 = VECTOR('',#3207,1.);
#3207 = DIRECTION('',(0.,0.,1.));
#3208 = ORIENTED_EDGE('',*,*,#3209,.F.);
#3209 = EDGE_CURVE('',#2762,#3202,#3210,.T.);
#3210 = LINE('',#3211,#3212);
#3211 = CARTESIAN_POINT('',(5.,-21.5,26.5));
#3212 = VECTOR('',#3213,1.);
#3213 = DIRECTION('',(1.,0.,0.));
#3214 = ORIENTED_EDGE('',*,*,#2769,.T.);
#3215 = ORIENTED_EDGE('',*,*,#3187,.T.);
#3216 = PLANE('',#3217);
#3217 = AXIS2_PLACEMENT_3D('',#3218,#3219,#3220);
#3218 = CARTESIAN_POINT('',(5.,-21.5,26.5));
#3219 = DIRECTION('',(0.,1.,0.));
#3220 = DIRECTION('',(0.,0.,1.));
#3221 = ADVANCED_FACE('',(#3222,#3233,#3244,#3255,#3266,#3277,#3288,
    #3299,#3310,#3321),#3332,.F.);
#3222 = FACE_BOUND('',#3223,.F.);
#3223 = EDGE_LOOP('',(#3224,#3225,#3226,#3232));
#3224 = ORIENTED_EDGE('',*,*,#2761,.F.);
#3225 = ORIENTED_EDGE('',*,*,#2865,.T.);
#3226 = ORIENTED_EDGE('',*,*,#3227,.T.);
#3227 = EDGE_CURVE('',#2856,#3202,#3228,.T.);
#3228 = LINE('',#3229,#3230);
#3229 = CARTESIAN_POINT('',(235.,-33.5,26.5));
#3230 = VECTOR('',#3231,1.);
#3231 = DIRECTION('',(0.,1.,0.));
#3232 = ORIENTED_EDGE('',*,*,#3209,.F.);
#3233 = FACE_BOUND('',#3234,.F.);
#3234 = EDGE_LOOP('',(#3235));
#3235 = ORIENTED_EDGE('',*,*,#3236,.T.);
#3236 = EDGE_CURVE('',#3237,#3237,#3239,.T.);
#3237 = VERTEX_POINT('',#3238);
#3238 = CARTESIAN_POINT('',(18.25,-27.5,26.5));
#3239 = CIRCLE('',#3240,1.75);
#3240 = AXIS2_PLACEMENT_3D('',#3241,#3242,#3243);
#3241 = CARTESIAN_POINT('',(20.,-27.5,26.5));
#3242 = DIRECTION('',(0.,0.,-1.));
#3243 = DIRECTION('',(-1.,0.,0.));
#3244 = FACE_BOUND('',#3245,.F.);
#3245 = EDGE_LOOP('',(#3246));
#3246 = ORIENTED_EDGE('',*,*,#3247,.T.);
#3247 = EDGE_CURVE('',#3248,#3248,#3250,.T.);
#3248 = VERTEX_POINT('',#3249);
#3249 = CARTESIAN_POINT('',(43.25,-27.5,26.5));
#3250 = CIRCLE('',#3251,1.75);
#3251 = AXIS2_PLACEMENT_3D('',#3252,#3253,#3254);
#3252 = CARTESIAN_POINT('',(45.,-27.5,26.5));
#3253 = DIRECTION('',(0.,0.,-1.));
#3254 = DIRECTION('',(-1.,0.,0.));
#3255 = FACE_BOUND('',#3256,.F.);
#3256 = EDGE_LOOP('',(#3257));
#3257 = ORIENTED_EDGE('',*,*,#3258,.T.);
#3258 = EDGE_CURVE('',#3259,#3259,#3261,.T.);
#3259 = VERTEX_POINT('',#3260);
#3260 = CARTESIAN_POINT('',(68.25,-27.5,26.5));
#3261 = CIRCLE('',#3262,1.75);
#3262 = AXIS2_PLACEMENT_3D('',#3263,#3264,#3265);
#3263 = CARTESIAN_POINT('',(70.,-27.5,26.5));
#3264 = DIRECTION('',(0.,0.,-1.));
#3265 = DIRECTION('',(-1.,0.,0.));
#3266 = FACE_BOUND('',#3267,.F.);
#3267 = EDGE_LOOP('',(#3268));
#3268 = ORIENTED_EDGE('',*,*,#3269,.T.);
#3269 = EDGE_CURVE('',#3270,#3270,#3272,.T.);
#3270 = VERTEX_POINT('',#3271);
#3271 = CARTESIAN_POINT('',(93.25,-27.5,26.5));
#3272 = CIRCLE('',#3273,1.75);
#3273 = AXIS2_PLACEMENT_3D('',#3274,#3275,#3276);
#3274 = CARTESIAN_POINT('',(95.,-27.5,26.5));
#3275 = DIRECTION('',(0.,0.,-1.));
#3276 = DIRECTION('',(-1.,0.,0.));
#3277 = FACE_BOUND('',#3278,.F.);
#3278 = EDGE_LOOP('',(#3279));
#3279 = ORIENTED_EDGE('',*,*,#3280,.T.);
#3280 = EDGE_CURVE('',#3281,#3281,#3283,.T.);
#3281 = VERTEX_POINT('',#3282);
#3282 = CARTESIAN_POINT('',(118.25,-27.5,26.5));
#3283 = CIRCLE('',#3284,1.75);
#3284 = AXIS2_PLACEMENT_3D('',#3285,#3286,#3287);
#3285 = CARTESIAN_POINT('',(120.,-27.5,26.5));
#3286 = DIRECTION('',(0.,0.,-1.));
#3287 = DIRECTION('',(-1.,0.,0.));
#3288 = FACE_BOUND('',#3289,.F.);
#3289 = EDGE_LOOP('',(#3290));
#3290 = ORIENTED_EDGE('',*,*,#3291,.T.);
#3291 = EDGE_CURVE('',#3292,#3292,#3294,.T.);
#3292 = VERTEX_POINT('',#3293);
#3293 = CARTESIAN_POINT('',(143.25,-27.5,26.5));
#3294 = CIRCLE('',#3295,1.75);
#3295 = AXIS2_PLACEMENT_3D('',#3296,#3297,#3298);
#3296 = CARTESIAN_POINT('',(145.,-27.5,26.5));
#3297 = DIRECTION('',(0.,0.,-1.));
#3298 = DIRECTION('',(-1.,0.,0.));
#3299 = FACE_BOUND('',#3300,.F.);
#3300 = EDGE_LOOP('',(#3301));
#3301 = ORIENTED_EDGE('',*,*,#3302,.T.);
#3302 = EDGE_CURVE('',#3303,#3303,#3305,.T.);
#3303 = VERTEX_POINT('',#3304);
#3304 = CARTESIAN_POINT('',(168.25,-27.5,26.5));
#3305 = CIRCLE('',#3306,1.75);
#3306 = AXIS2_PLACEMENT_3D('',#3307,#3308,#3309);
#3307 = CARTESIAN_POINT('',(170.,-27.5,26.5));
#3308 = DIRECTION('',(0.,0.,-1.));
#3309 = DIRECTION('',(-1.,0.,0.));
#3310 = FACE_BOUND('',#3311,.F.);
#3311 = EDGE_LOOP('',(#3312));
#3312 = ORIENTED_EDGE('',*,*,#3313,.T.);
#3313 = EDGE_CURVE('',#3314,#3314,#3316,.T.);
#3314 = VERTEX_POINT('',#3315);
#3315 = CARTESIAN_POINT('',(193.25,-27.5,26.5));
#3316 = CIRCLE('',#3317,1.75);
#3317 = AXIS2_PLACEMENT_3D('',#3318,#3319,#3320);
#3318 = CARTESIAN_POINT('',(195.,-27.5,26.5));
#3319 = DIRECTION('',(0.,0.,-1.));
#3320 = DIRECTION('',(-1.,0.,0.));
#3321 = FACE_BOUND('',#3322,.F.);
#3322 = EDGE_LOOP('',(#3323));
#3323 = ORIENTED_EDGE('',*,*,#3324,.T.);
#3324 = EDGE_CURVE('',#3325,#3325,#3327,.T.);
#3325 = VERTEX_POINT('',#3326);
#3326 = CARTESIAN_POINT('',(218.25,-27.5,26.5));
#3327 = CIRCLE('',#3328,1.75);
#3328 = AXIS2_PLACEMENT_3D('',#3329,#3330,#3331);
#3329 = CARTESIAN_POINT('',(220.,-27.5,26.5));
#3330 = DIRECTION('',(0.,0.,-1.));
#3331 = DIRECTION('',(-1.,0.,0.));
#3332 = PLANE('',#3333);
#3333 = AXIS2_PLACEMENT_3D('',#3334,#3335,#3336);
#3334 = CARTESIAN_POINT('',(5.,-33.5,26.5));
#3335 = DIRECTION('',(0.,0.,1.));
#3336 = DIRECTION('',(1.,0.,0.));
#3337 = ADVANCED_FACE('',(#3338),#3352,.T.);
#3338 = FACE_BOUND('',#3339,.T.);
#3339 = EDGE_LOOP('',(#3340,#3341,#3342,#3343,#3344,#3345,#3346,#3347,
    #3348,#3349,#3350,#3351));
#3340 = ORIENTED_EDGE('',*,*,#2855,.F.);
#3341 = ORIENTED_EDGE('',*,*,#3227,.T.);
#3342 = ORIENTED_EDGE('',*,*,#3201,.T.);
#3343 = ORIENTED_EDGE('',*,*,#3179,.F.);
#3344 = ORIENTED_EDGE('',*,*,#3163,.T.);
#3345 = ORIENTED_EDGE('',*,*,#3138,.T.);
#3346 = ORIENTED_EDGE('',*,*,#3105,.T.);
#3347 = ORIENTED_EDGE('',*,*,#2984,.F.);
#3348 = ORIENTED_EDGE('',*,*,#2958,.F.);
#3349 = ORIENTED_EDGE('',*,*,#2943,.T.);
#3350 = ORIENTED_EDGE('',*,*,#2920,.F.);
#3351 = ORIENTED_EDGE('',*,*,#2888,.F.);
#3352 = PLANE('',#3353);
#3353 = AXIS2_PLACEMENT_3D('',#3354,#3355,#3356);
#3354 = CARTESIAN_POINT('',(235.,-33.5,26.5));
#3355 = DIRECTION('',(1.,0.,0.));
#3356 = DIRECTION('',(0.,0.,1.));
#3357 = ADVANCED_FACE('',(#3358),#3377,.F.);
#3358 = FACE_BOUND('',#3359,.F.);
#3359 = EDGE_LOOP('',(#3360,#3369,#3375,#3376));
#3360 = ORIENTED_EDGE('',*,*,#3361,.F.);
#3361 = EDGE_CURVE('',#3362,#3362,#3364,.T.);
#3362 = VERTEX_POINT('',#3363);
#3363 = CARTESIAN_POINT('',(17.,-27.5,30.));
#3364 = CIRCLE('',#3365,3.);
#3365 = AXIS2_PLACEMENT_3D('',#3366,#3367,#3368);
#3366 = CARTESIAN_POINT('',(20.,-27.5,30.));
#3367 = DIRECTION('',(0.,0.,-1.));
#3368 = DIRECTION('',(-1.,0.,0.));
#3369 = ORIENTED_EDGE('',*,*,#3370,.F.);
#3370 = EDGE_CURVE('',#3001,#3362,#3371,.T.);
#3371 = LINE('',#3372,#3373);
#3372 = CARTESIAN_POINT('',(17.,-27.5,34.5));
#3373 = VECTOR('',#3374,1.);
#3374 = DIRECTION('',(0.,0.,-1.));
#3375 = ORIENTED_EDGE('',*,*,#3000,.T.);
#3376 = ORIENTED_EDGE('',*,*,#3370,.T.);
#3377 = CYLINDRICAL_SURFACE('',#3378,3.);
#3378 = AXIS2_PLACEMENT_3D('',#3379,#3380,#3381);
#3379 = CARTESIAN_POINT('',(20.,-27.5,34.5));
#3380 = DIRECTION('',(0.,0.,-1.));
#3381 = DIRECTION('',(-1.,0.,0.));
#3382 = ADVANCED_FACE('',(#3383),#3402,.F.);
#3383 = FACE_BOUND('',#3384,.F.);
#3384 = EDGE_LOOP('',(#3385,#3394,#3400,#3401));
#3385 = ORIENTED_EDGE('',*,*,#3386,.F.);
#3386 = EDGE_CURVE('',#3387,#3387,#3389,.T.);
#3387 = VERTEX_POINT('',#3388);
#3388 = CARTESIAN_POINT('',(42.,-27.5,30.));
#3389 = CIRCLE('',#3390,3.);
#3390 = AXIS2_PLACEMENT_3D('',#3391,#3392,#3393);
#3391 = CARTESIAN_POINT('',(45.,-27.5,30.));
#3392 = DIRECTION('',(0.,0.,-1.));
#3393 = DIRECTION('',(-1.,0.,0.));
#3394 = ORIENTED_EDGE('',*,*,#3395,.F.);
#3395 = EDGE_CURVE('',#3012,#3387,#3396,.T.);
#3396 = LINE('',#3397,#3398);
#3397 = CARTESIAN_POINT('',(42.,-27.5,34.5));
#3398 = VECTOR('',#3399,1.);
#3399 = DIRECTION('',(0.,0.,-1.));
#3400 = ORIENTED_EDGE('',*,*,#3011,.T.);
#3401 = ORIENTED_EDGE('',*,*,#3395,.T.);
#3402 = CYLINDRICAL_SURFACE('',#3403,3.);
#3403 = AXIS2_PLACEMENT_3D('',#3404,#3405,#3406);
#3404 = CARTESIAN_POINT('',(45.,-27.5,34.5));
#3405 = DIRECTION('',(0.,0.,-1.));
#3406 = DIRECTION('',(-1.,0.,0.));
#3407 = ADVANCED_FACE('',(#3408),#3427,.F.);
#3408 = FACE_BOUND('',#3409,.F.);
#3409 = EDGE_LOOP('',(#3410,#3419,#3425,#3426));
#3410 = ORIENTED_EDGE('',*,*,#3411,.F.);
#3411 = EDGE_CURVE('',#3412,#3412,#3414,.T.);
#3412 = VERTEX_POINT('',#3413);
#3413 = CARTESIAN_POINT('',(67.,-27.5,30.));
#3414 = CIRCLE('',#3415,3.);
#3415 = AXIS2_PLACEMENT_3D('',#3416,#3417,#3418);
#3416 = CARTESIAN_POINT('',(70.,-27.5,30.));
#3417 = DIRECTION('',(0.,0.,-1.));
#3418 = DIRECTION('',(-1.,0.,0.));
#3419 = ORIENTED_EDGE('',*,*,#3420,.F.);
#3420 = EDGE_CURVE('',#3023,#3412,#3421,.T.);
#3421 = LINE('',#3422,#3423);
#3422 = CARTESIAN_POINT('',(67.,-27.5,34.5));
#3423 = VECTOR('',#3424,1.);
#3424 = DIRECTION('',(0.,0.,-1.));
#3425 = ORIENTED_EDGE('',*,*,#3022,.T.);
#3426 = ORIENTED_EDGE('',*,*,#3420,.T.);
#3427 = CYLINDRICAL_SURFACE('',#3428,3.);
#3428 = AXIS2_PLACEMENT_3D('',#3429,#3430,#3431);
#3429 = CARTESIAN_POINT('',(70.,-27.5,34.5));
#3430 = DIRECTION('',(0.,0.,-1.));
#3431 = DIRECTION('',(-1.,0.,0.));
#3432 = ADVANCED_FACE('',(#3433),#3452,.F.);
#3433 = FACE_BOUND('',#3434,.F.);
#3434 = EDGE_LOOP('',(#3435,#3444,#3450,#3451));
#3435 = ORIENTED_EDGE('',*,*,#3436,.F.);
#3436 = EDGE_CURVE('',#3437,#3437,#3439,.T.);
#3437 = VERTEX_POINT('',#3438);
#3438 = CARTESIAN_POINT('',(92.,-27.5,30.));
#3439 = CIRCLE('',#3440,3.);
#3440 = AXIS2_PLACEMENT_3D('',#3441,#3442,#3443);
#3441 = CARTESIAN_POINT('',(95.,-27.5,30.));
#3442 = DIRECTION('',(0.,0.,-1.));
#3443 = DIRECTION('',(-1.,0.,0.));
#3444 = ORIENTED_EDGE('',*,*,#3445,.F.);
#3445 = EDGE_CURVE('',#3034,#3437,#3446,.T.);
#3446 = LINE('',#3447,#3448);
#3447 = CARTESIAN_POINT('',(92.,-27.5,34.5));
#3448 = VECTOR('',#3449,1.);
#3449 = DIRECTION('',(0.,0.,-1.));
#3450 = ORIENTED_EDGE('',*,*,#3033,.T.);
#3451 = ORIENTED_EDGE('',*,*,#3445,.T.);
#3452 = CYLINDRICAL_SURFACE('',#3453,3.);
#3453 = AXIS2_PLACEMENT_3D('',#3454,#3455,#3456);
#3454 = CARTESIAN_POINT('',(95.,-27.5,34.5));
#3455 = DIRECTION('',(0.,0.,-1.));
#3456 = DIRECTION('',(-1.,0.,0.));
#3457 = ADVANCED_FACE('',(#3458),#3477,.F.);
#3458 = FACE_BOUND('',#3459,.F.);
#3459 = EDGE_LOOP('',(#3460,#3469,#3475,#3476));
#3460 = ORIENTED_EDGE('',*,*,#3461,.F.);
#3461 = EDGE_CURVE('',#3462,#3462,#3464,.T.);
#3462 = VERTEX_POINT('',#3463);
#3463 = CARTESIAN_POINT('',(117.,-27.5,30.));
#3464 = CIRCLE('',#3465,3.);
#3465 = AXIS2_PLACEMENT_3D('',#3466,#3467,#3468);
#3466 = CARTESIAN_POINT('',(120.,-27.5,30.));
#3467 = DIRECTION('',(0.,0.,-1.));
#3468 = DIRECTION('',(-1.,0.,0.));
#3469 = ORIENTED_EDGE('',*,*,#3470,.F.);
#3470 = EDGE_CURVE('',#3045,#3462,#3471,.T.);
#3471 = LINE('',#3472,#3473);
#3472 = CARTESIAN_POINT('',(117.,-27.5,34.5));
#3473 = VECTOR('',#3474,1.);
#3474 = DIRECTION('',(0.,0.,-1.));
#3475 = ORIENTED_EDGE('',*,*,#3044,.T.);
#3476 = ORIENTED_EDGE('',*,*,#3470,.T.);
#3477 = CYLINDRICAL_SURFACE('',#3478,3.);
#3478 = AXIS2_PLACEMENT_3D('',#3479,#3480,#3481);
#3479 = CARTESIAN_POINT('',(120.,-27.5,34.5));
#3480 = DIRECTION('',(0.,0.,-1.));
#3481 = DIRECTION('',(-1.,0.,0.));
#3482 = ADVANCED_FACE('',(#3483),#3502,.F.);
#3483 = FACE_BOUND('',#3484,.F.);
#3484 = EDGE_LOOP('',(#3485,#3494,#3500,#3501));
#3485 = ORIENTED_EDGE('',*,*,#3486,.F.);
#3486 = EDGE_CURVE('',#3487,#3487,#3489,.T.);
#3487 = VERTEX_POINT('',#3488);
#3488 = CARTESIAN_POINT('',(142.,-27.5,30.));
#3489 = CIRCLE('',#3490,3.);
#3490 = AXIS2_PLACEMENT_3D('',#3491,#3492,#3493);
#3491 = CARTESIAN_POINT('',(145.,-27.5,30.));
#3492 = DIRECTION('',(0.,0.,-1.));
#3493 = DIRECTION('',(-1.,0.,0.));
#3494 = ORIENTED_EDGE('',*,*,#3495,.F.);
#3495 = EDGE_CURVE('',#3056,#3487,#3496,.T.);
#3496 = LINE('',#3497,#3498);
#3497 = CARTESIAN_POINT('',(142.,-27.5,34.5));
#3498 = VECTOR('',#3499,1.);
#3499 = DIRECTION('',(0.,0.,-1.));
#3500 = ORIENTED_EDGE('',*,*,#3055,.T.);
#3501 = ORIENTED_EDGE('',*,*,#3495,.T.);
#3502 = CYLINDRICAL_SURFACE('',#3503,3.);
#3503 = AXIS2_PLACEMENT_3D('',#3504,#3505,#3506);
#3504 = CARTESIAN_POINT('',(145.,-27.5,34.5));
#3505 = DIRECTION('',(0.,0.,-1.));
#3506 = DIRECTION('',(-1.,0.,0.));
#3507 = ADVANCED_FACE('',(#3508),#3527,.F.);
#3508 = FACE_BOUND('',#3509,.F.);
#3509 = EDGE_LOOP('',(#3510,#3519,#3525,#3526));
#3510 = ORIENTED_EDGE('',*,*,#3511,.F.);
#3511 = EDGE_CURVE('',#3512,#3512,#3514,.T.);
#3512 = VERTEX_POINT('',#3513);
#3513 = CARTESIAN_POINT('',(167.,-27.5,30.));
#3514 = CIRCLE('',#3515,3.);
#3515 = AXIS2_PLACEMENT_3D('',#3516,#3517,#3518);
#3516 = CARTESIAN_POINT('',(170.,-27.5,30.));
#3517 = DIRECTION('',(0.,0.,-1.));
#3518 = DIRECTION('',(-1.,0.,0.));
#3519 = ORIENTED_EDGE('',*,*,#3520,.F.);
#3520 = EDGE_CURVE('',#3067,#3512,#3521,.T.);
#3521 = LINE('',#3522,#3523);
#3522 = CARTESIAN_POINT('',(167.,-27.5,34.5));
#3523 = VECTOR('',#3524,1.);
#3524 = DIRECTION('',(0.,0.,-1.));
#3525 = ORIENTED_EDGE('',*,*,#3066,.T.);
#3526 = ORIENTED_EDGE('',*,*,#3520,.T.);
#3527 = CYLINDRICAL_SURFACE('',#3528,3.);
#3528 = AXIS2_PLACEMENT_3D('',#3529,#3530,#3531);
#3529 = CARTESIAN_POINT('',(170.,-27.5,34.5));
#3530 = DIRECTION('',(0.,0.,-1.));
#3531 = DIRECTION('',(-1.,0.,0.));
#3532 = ADVANCED_FACE('',(#3533),#3552,.F.);
#3533 = FACE_BOUND('',#3534,.F.);
#3534 = EDGE_LOOP('',(#3535,#3544,#3550,#3551));
#3535 = ORIENTED_EDGE('',*,*,#3536,.F.);
#3536 = EDGE_CURVE('',#3537,#3537,#3539,.T.);
#3537 = VERTEX_POINT('',#3538);
#3538 = CARTESIAN_POINT('',(192.,-27.5,30.));
#3539 = CIRCLE('',#3540,3.);
#3540 = AXIS2_PLACEMENT_3D('',#3541,#3542,#3543);
#3541 = CARTESIAN_POINT('',(195.,-27.5,30.));
#3542 = DIRECTION('',(0.,0.,-1.));
#3543 = DIRECTION('',(-1.,0.,0.));
#3544 = ORIENTED_EDGE('',*,*,#3545,.F.);
#3545 = EDGE_CURVE('',#3078,#3537,#3546,.T.);
#3546 = LINE('',#3547,#3548);
#3547 = CARTESIAN_POINT('',(192.,-27.5,34.5));
#3548 = VECTOR('',#3549,1.);
#3549 = DIRECTION('',(0.,0.,-1.));
#3550 = ORIENTED_EDGE('',*,*,#3077,.T.);
#3551 = ORIENTED_EDGE('',*,*,#3545,.T.);
#3552 = CYLINDRICAL_SURFACE('',#3553,3.);
#3553 = AXIS2_PLACEMENT_3D('',#3554,#3555,#3556);
#3554 = CARTESIAN_POINT('',(195.,-27.5,34.5));
#3555 = DIRECTION('',(0.,0.,-1.));
#3556 = DIRECTION('',(-1.,0.,0.));
#3557 = ADVANCED_FACE('',(#3558),#3577,.F.);
#3558 = FACE_BOUND('',#3559,.F.);
#3559 = EDGE_LOOP('',(#3560,#3569,#3575,#3576));
#3560 = ORIENTED_EDGE('',*,*,#3561,.F.);
#3561 = EDGE_CURVE('',#3562,#3562,#3564,.T.);
#3562 = VERTEX_POINT('',#3563);
#3563 = CARTESIAN_POINT('',(217.,-27.5,30.));
#3564 = CIRCLE('',#3565,3.);
#3565 = AXIS2_PLACEMENT_3D('',#3566,#3567,#3568);
#3566 = CARTESIAN_POINT('',(220.,-27.5,30.));
#3567 = DIRECTION('',(0.,0.,-1.));
#3568 = DIRECTION('',(-1.,0.,0.));
#3569 = ORIENTED_EDGE('',*,*,#3570,.F.);
#3570 = EDGE_CURVE('',#3089,#3562,#3571,.T.);
#3571 = LINE('',#3572,#3573);
#3572 = CARTESIAN_POINT('',(217.,-27.5,34.5));
#3573 = VECTOR('',#3574,1.);
#3574 = DIRECTION('',(0.,0.,-1.));
#3575 = ORIENTED_EDGE('',*,*,#3088,.T.);
#3576 = ORIENTED_EDGE('',*,*,#3570,.T.);
#3577 = CYLINDRICAL_SURFACE('',#3578,3.);
#3578 = AXIS2_PLACEMENT_3D('',#3579,#3580,#3581);
#3579 = CARTESIAN_POINT('',(220.,-27.5,34.5));
#3580 = DIRECTION('',(0.,0.,-1.));
#3581 = DIRECTION('',(-1.,0.,0.));
#3582 = ADVANCED_FACE('',(#3583),#3602,.F.);
#3583 = FACE_BOUND('',#3584,.F.);
#3584 = EDGE_LOOP('',(#3585,#3593,#3594,#3595));
#3585 = ORIENTED_EDGE('',*,*,#3586,.T.);
#3586 = EDGE_CURVE('',#3587,#3237,#3589,.T.);
#3587 = VERTEX_POINT('',#3588);
#3588 = CARTESIAN_POINT('',(18.25,-27.5,30.));
#3589 = LINE('',#3590,#3591);
#3590 = CARTESIAN_POINT('',(18.25,-27.5,34.5));
#3591 = VECTOR('',#3592,1.);
#3592 = DIRECTION('',(0.,0.,-1.));
#3593 = ORIENTED_EDGE('',*,*,#3236,.F.);
#3594 = ORIENTED_EDGE('',*,*,#3586,.F.);
#3595 = ORIENTED_EDGE('',*,*,#3596,.T.);
#3596 = EDGE_CURVE('',#3587,#3587,#3597,.T.);
#3597 = CIRCLE('',#3598,1.75);
#3598 = AXIS2_PLACEMENT_3D('',#3599,#3600,#3601);
#3599 = CARTESIAN_POINT('',(20.,-27.5,30.));
#3600 = DIRECTION('',(0.,0.,-1.));
#3601 = DIRECTION('',(-1.,0.,0.));
#3602 = CYLINDRICAL_SURFACE('',#3603,1.75);
#3603 = AXIS2_PLACEMENT_3D('',#3604,#3605,#3606);
#3604 = CARTESIAN_POINT('',(20.,-27.5,34.5));
#3605 = DIRECTION('',(0.,0.,-1.));
#3606 = DIRECTION('',(-1.,0.,0.));
#3607 = ADVANCED_FACE('',(#3608),#3627,.F.);
#3608 = FACE_BOUND('',#3609,.F.);
#3609 = EDGE_LOOP('',(#3610,#3618,#3619,#3620));
#3610 = ORIENTED_EDGE('',*,*,#3611,.T.);
#3611 = EDGE_CURVE('',#3612,#3248,#3614,.T.);
#3612 = VERTEX_POINT('',#3613);
#3613 = CARTESIAN_POINT('',(43.25,-27.5,30.));
#3614 = LINE('',#3615,#3616);
#3615 = CARTESIAN_POINT('',(43.25,-27.5,34.5));
#3616 = VECTOR('',#3617,1.);
#3617 = DIRECTION('',(0.,0.,-1.));
#3618 = ORIENTED_EDGE('',*,*,#3247,.F.);
#3619 = ORIENTED_EDGE('',*,*,#3611,.F.);
#3620 = ORIENTED_EDGE('',*,*,#3621,.T.);
#3621 = EDGE_CURVE('',#3612,#3612,#3622,.T.);
#3622 = CIRCLE('',#3623,1.75);
#3623 = AXIS2_PLACEMENT_3D('',#3624,#3625,#3626);
#3624 = CARTESIAN_POINT('',(45.,-27.5,30.));
#3625 = DIRECTION('',(0.,0.,-1.));
#3626 = DIRECTION('',(-1.,0.,0.));
#3627 = CYLINDRICAL_SURFACE('',#3628,1.75);
#3628 = AXIS2_PLACEMENT_3D('',#3629,#3630,#3631);
#3629 = CARTESIAN_POINT('',(45.,-27.5,34.5));
#3630 = DIRECTION('',(0.,0.,-1.));
#3631 = DIRECTION('',(-1.,0.,0.));
#3632 = ADVANCED_FACE('',(#3633),#3652,.F.);
#3633 = FACE_BOUND('',#3634,.F.);
#3634 = EDGE_LOOP('',(#3635,#3643,#3644,#3645));
#3635 = ORIENTED_EDGE('',*,*,#3636,.T.);
#3636 = EDGE_CURVE('',#3637,#3259,#3639,.T.);
#3637 = VERTEX_POINT('',#3638);
#3638 = CARTESIAN_POINT('',(68.25,-27.5,30.));
#3639 = LINE('',#3640,#3641);
#3640 = CARTESIAN_POINT('',(68.25,-27.5,34.5));
#3641 = VECTOR('',#3642,1.);
#3642 = DIRECTION('',(0.,0.,-1.));
#3643 = ORIENTED_EDGE('',*,*,#3258,.F.);
#3644 = ORIENTED_EDGE('',*,*,#3636,.F.);
#3645 = ORIENTED_EDGE('',*,*,#3646,.T.);
#3646 = EDGE_CURVE('',#3637,#3637,#3647,.T.);
#3647 = CIRCLE('',#3648,1.75);
#3648 = AXIS2_PLACEMENT_3D('',#3649,#3650,#3651);
#3649 = CARTESIAN_POINT('',(70.,-27.5,30.));
#3650 = DIRECTION('',(0.,0.,-1.));
#3651 = DIRECTION('',(-1.,0.,0.));
#3652 = CYLINDRICAL_SURFACE('',#3653,1.75);
#3653 = AXIS2_PLACEMENT_3D('',#3654,#3655,#3656);
#3654 = CARTESIAN_POINT('',(70.,-27.5,34.5));
#3655 = DIRECTION('',(0.,0.,-1.));
#3656 = DIRECTION('',(-1.,0.,0.));
#3657 = ADVANCED_FACE('',(#3658),#3677,.F.);
#3658 = FACE_BOUND('',#3659,.F.);
#3659 = EDGE_LOOP('',(#3660,#3668,#3669,#3670));
#3660 = ORIENTED_EDGE('',*,*,#3661,.T.);
#3661 = EDGE_CURVE('',#3662,#3270,#3664,.T.);
#3662 = VERTEX_POINT('',#3663);
#3663 = CARTESIAN_POINT('',(93.25,-27.5,30.));
#3664 = LINE('',#3665,#3666);
#3665 = CARTESIAN_POINT('',(93.25,-27.5,34.5));
#3666 = VECTOR('',#3667,1.);
#3667 = DIRECTION('',(0.,0.,-1.));
#3668 = ORIENTED_EDGE('',*,*,#3269,.F.);
#3669 = ORIENTED_EDGE('',*,*,#3661,.F.);
#3670 = ORIENTED_EDGE('',*,*,#3671,.T.);
#3671 = EDGE_CURVE('',#3662,#3662,#3672,.T.);
#3672 = CIRCLE('',#3673,1.75);
#3673 = AXIS2_PLACEMENT_3D('',#3674,#3675,#3676);
#3674 = CARTESIAN_POINT('',(95.,-27.5,30.));
#3675 = DIRECTION('',(0.,0.,-1.));
#3676 = DIRECTION('',(-1.,0.,0.));
#3677 = CYLINDRICAL_SURFACE('',#3678,1.75);
#3678 = AXIS2_PLACEMENT_3D('',#3679,#3680,#3681);
#3679 = CARTESIAN_POINT('',(95.,-27.5,34.5));
#3680 = DIRECTION('',(0.,0.,-1.));
#3681 = DIRECTION('',(-1.,0.,0.));
#3682 = ADVANCED_FACE('',(#3683),#3702,.F.);
#3683 = FACE_BOUND('',#3684,.F.);
#3684 = EDGE_LOOP('',(#3685,#3693,#3694,#3695));
#3685 = ORIENTED_EDGE('',*,*,#3686,.T.);
#3686 = EDGE_CURVE('',#3687,#3281,#3689,.T.);
#3687 = VERTEX_POINT('',#3688);
#3688 = CARTESIAN_POINT('',(118.25,-27.5,30.));
#3689 = LINE('',#3690,#3691);
#3690 = CARTESIAN_POINT('',(118.25,-27.5,34.5));
#3691 = VECTOR('',#3692,1.);
#3692 = DIRECTION('',(0.,0.,-1.));
#3693 = ORIENTED_EDGE('',*,*,#3280,.F.);
#3694 = ORIENTED_EDGE('',*,*,#3686,.F.);
#3695 = ORIENTED_EDGE('',*,*,#3696,.T.);
#3696 = EDGE_CURVE('',#3687,#3687,#3697,.T.);
#3697 = CIRCLE('',#3698,1.75);
#3698 = AXIS2_PLACEMENT_3D('',#3699,#3700,#3701);
#3699 = CARTESIAN_POINT('',(120.,-27.5,30.));
#3700 = DIRECTION('',(0.,0.,-1.));
#3701 = DIRECTION('',(-1.,0.,0.));
#3702 = CYLINDRICAL_SURFACE('',#3703,1.75);
#3703 = AXIS2_PLACEMENT_3D('',#3704,#3705,#3706);
#3704 = CARTESIAN_POINT('',(120.,-27.5,34.5));
#3705 = DIRECTION('',(0.,0.,-1.));
#3706 = DIRECTION('',(-1.,0.,0.));
#3707 = ADVANCED_FACE('',(#3708),#3727,.F.);
#3708 = FACE_BOUND('',#3709,.F.);
#3709 = EDGE_LOOP('',(#3710,#3718,#3719,#3720));
#3710 = ORIENTED_EDGE('',*,*,#3711,.T.);
#3711 = EDGE_CURVE('',#3712,#3292,#3714,.T.);
#3712 = VERTEX_POINT('',#3713);
#3713 = CARTESIAN_POINT('',(143.25,-27.5,30.));
#3714 = LINE('',#3715,#3716);
#3715 = CARTESIAN_POINT('',(143.25,-27.5,34.5));
#3716 = VECTOR('',#3717,1.);
#3717 = DIRECTION('',(0.,0.,-1.));
#3718 = ORIENTED_EDGE('',*,*,#3291,.F.);
#3719 = ORIENTED_EDGE('',*,*,#3711,.F.);
#3720 = ORIENTED_EDGE('',*,*,#3721,.T.);
#3721 = EDGE_CURVE('',#3712,#3712,#3722,.T.);
#3722 = CIRCLE('',#3723,1.75);
#3723 = AXIS2_PLACEMENT_3D('',#3724,#3725,#3726);
#3724 = CARTESIAN_POINT('',(145.,-27.5,30.));
#3725 = DIRECTION('',(0.,0.,-1.));
#3726 = DIRECTION('',(-1.,0.,0.));
#3727 = CYLINDRICAL_SURFACE('',#3728,1.75);
#3728 = AXIS2_PLACEMENT_3D('',#3729,#3730,#3731);
#3729 = CARTESIAN_POINT('',(145.,-27.5,34.5));
#3730 = DIRECTION('',(0.,0.,-1.));
#3731 = DIRECTION('',(-1.,0.,0.));
#3732 = ADVANCED_FACE('',(#3733),#3752,.F.);
#3733 = FACE_BOUND('',#3734,.F.);
#3734 = EDGE_LOOP('',(#3735,#3743,#3744,#3745));
#3735 = ORIENTED_EDGE('',*,*,#3736,.T.);
#3736 = EDGE_CURVE('',#3737,#3303,#3739,.T.);
#3737 = VERTEX_POINT('',#3738);
#3738 = CARTESIAN_POINT('',(168.25,-27.5,30.));
#3739 = LINE('',#3740,#3741);
#3740 = CARTESIAN_POINT('',(168.25,-27.5,34.5));
#3741 = VECTOR('',#3742,1.);
#3742 = DIRECTION('',(0.,0.,-1.));
#3743 = ORIENTED_EDGE('',*,*,#3302,.F.);
#3744 = ORIENTED_EDGE('',*,*,#3736,.F.);
#3745 = ORIENTED_EDGE('',*,*,#3746,.T.);
#3746 = EDGE_CURVE('',#3737,#3737,#3747,.T.);
#3747 = CIRCLE('',#3748,1.75);
#3748 = AXIS2_PLACEMENT_3D('',#3749,#3750,#3751);
#3749 = CARTESIAN_POINT('',(170.,-27.5,30.));
#3750 = DIRECTION('',(0.,0.,-1.));
#3751 = DIRECTION('',(-1.,0.,0.));
#3752 = CYLINDRICAL_SURFACE('',#3753,1.75);
#3753 = AXIS2_PLACEMENT_3D('',#3754,#3755,#3756);
#3754 = CARTESIAN_POINT('',(170.,-27.5,34.5));
#3755 = DIRECTION('',(0.,0.,-1.));
#3756 = DIRECTION('',(-1.,0.,0.));
#3757 = ADVANCED_FACE('',(#3758),#3777,.F.);
#3758 = FACE_BOUND('',#3759,.F.);
#3759 = EDGE_LOOP('',(#3760,#3768,#3769,#3770));
#3760 = ORIENTED_EDGE('',*,*,#3761,.T.);
#3761 = EDGE_CURVE('',#3762,#3314,#3764,.T.);
#3762 = VERTEX_POINT('',#3763);
#3763 = CARTESIAN_POINT('',(193.25,-27.5,30.));
#3764 = LINE('',#3765,#3766);
#3765 = CARTESIAN_POINT('',(193.25,-27.5,34.5));
#3766 = VECTOR('',#3767,1.);
#3767 = DIRECTION('',(0.,0.,-1.));
#3768 = ORIENTED_EDGE('',*,*,#3313,.F.);
#3769 = ORIENTED_EDGE('',*,*,#3761,.F.);
#3770 = ORIENTED_EDGE('',*,*,#3771,.T.);
#3771 = EDGE_CURVE('',#3762,#3762,#3772,.T.);
#3772 = CIRCLE('',#3773,1.75);
#3773 = AXIS2_PLACEMENT_3D('',#3774,#3775,#3776);
#3774 = CARTESIAN_POINT('',(195.,-27.5,30.));
#3775 = DIRECTION('',(0.,0.,-1.));
#3776 = DIRECTION('',(-1.,0.,0.));
#3777 = CYLINDRICAL_SURFACE('',#3778,1.75);
#3778 = AXIS2_PLACEMENT_3D('',#3779,#3780,#3781);
#3779 = CARTESIAN_POINT('',(195.,-27.5,34.5));
#3780 = DIRECTION('',(0.,0.,-1.));
#3781 = DIRECTION('',(-1.,0.,0.));
#3782 = ADVANCED_FACE('',(#3783),#3802,.F.);
#3783 = FACE_BOUND('',#3784,.F.);
#3784 = EDGE_LOOP('',(#3785,#3793,#3794,#3795));
#3785 = ORIENTED_EDGE('',*,*,#3786,.T.);
#3786 = EDGE_CURVE('',#3787,#3325,#3789,.T.);
#3787 = VERTEX_POINT('',#3788);
#3788 = CARTESIAN_POINT('',(218.25,-27.5,30.));
#3789 = LINE('',#3790,#3791);
#3790 = CARTESIAN_POINT('',(218.25,-27.5,34.5));
#3791 = VECTOR('',#3792,1.);
#3792 = DIRECTION('',(0.,0.,-1.));
#3793 = ORIENTED_EDGE('',*,*,#3324,.F.);
#3794 = ORIENTED_EDGE('',*,*,#3786,.F.);
#3795 = ORIENTED_EDGE('',*,*,#3796,.T.);
#3796 = EDGE_CURVE('',#3787,#3787,#3797,.T.);
#3797 = CIRCLE('',#3798,1.75);
#3798 = AXIS2_PLACEMENT_3D('',#3799,#3800,#3801);
#3799 = CARTESIAN_POINT('',(220.,-27.5,30.));
#3800 = DIRECTION('',(0.,0.,-1.));
#3801 = DIRECTION('',(-1.,0.,0.));
#3802 = CYLINDRICAL_SURFACE('',#3803,1.75);
#3803 = AXIS2_PLACEMENT_3D('',#3804,#3805,#3806);
#3804 = CARTESIAN_POINT('',(220.,-27.5,34.5));
#3805 = DIRECTION('',(0.,0.,-1.));
#3806 = DIRECTION('',(-1.,0.,0.));
#3807 = ADVANCED_FACE('',(#3808,#3811),#3814,.F.);
#3808 = FACE_BOUND('',#3809,.F.);
#3809 = EDGE_LOOP('',(#3810));
#3810 = ORIENTED_EDGE('',*,*,#3361,.T.);
#3811 = FACE_BOUND('',#3812,.F.);
#3812 = EDGE_LOOP('',(#3813));
#3813 = ORIENTED_EDGE('',*,*,#3596,.F.);
#3814 = PLANE('',#3815);
#3815 = AXIS2_PLACEMENT_3D('',#3816,#3817,#3818);
#3816 = CARTESIAN_POINT('',(20.,-27.5,30.));
#3817 = DIRECTION('',(0.,0.,-1.));
#3818 = DIRECTION('',(-1.,0.,0.));
#3819 = ADVANCED_FACE('',(#3820,#3823),#3826,.F.);
#3820 = FACE_BOUND('',#3821,.F.);
#3821 = EDGE_LOOP('',(#3822));
#3822 = ORIENTED_EDGE('',*,*,#3386,.T.);
#3823 = FACE_BOUND('',#3824,.F.);
#3824 = EDGE_LOOP('',(#3825));
#3825 = ORIENTED_EDGE('',*,*,#3621,.F.);
#3826 = PLANE('',#3827);
#3827 = AXIS2_PLACEMENT_3D('',#3828,#3829,#3830);
#3828 = CARTESIAN_POINT('',(45.,-27.5,30.));
#3829 = DIRECTION('',(0.,0.,-1.));
#3830 = DIRECTION('',(-1.,0.,0.));
#3831 = ADVANCED_FACE('',(#3832,#3835),#3838,.F.);
#3832 = FACE_BOUND('',#3833,.F.);
#3833 = EDGE_LOOP('',(#3834));
#3834 = ORIENTED_EDGE('',*,*,#3411,.T.);
#3835 = FACE_BOUND('',#3836,.F.);
#3836 = EDGE_LOOP('',(#3837));
#3837 = ORIENTED_EDGE('',*,*,#3646,.F.);
#3838 = PLANE('',#3839);
#3839 = AXIS2_PLACEMENT_3D('',#3840,#3841,#3842);
#3840 = CARTESIAN_POINT('',(70.,-27.5,30.));
#3841 = DIRECTION('',(0.,0.,-1.));
#3842 = DIRECTION('',(-1.,0.,0.));
#3843 = ADVANCED_FACE('',(#3844,#3847),#3850,.F.);
#3844 = FACE_BOUND('',#3845,.F.);
#3845 = EDGE_LOOP('',(#3846));
#3846 = ORIENTED_EDGE('',*,*,#3436,.T.);
#3847 = FACE_BOUND('',#3848,.F.);
#3848 = EDGE_LOOP('',(#3849));
#3849 = ORIENTED_EDGE('',*,*,#3671,.F.);
#3850 = PLANE('',#3851);
#3851 = AXIS2_PLACEMENT_3D('',#3852,#3853,#3854);
#3852 = CARTESIAN_POINT('',(95.,-27.5,30.));
#3853 = DIRECTION('',(0.,0.,-1.));
#3854 = DIRECTION('',(-1.,0.,0.));
#3855 = ADVANCED_FACE('',(#3856,#3859),#3862,.F.);
#3856 = FACE_BOUND('',#3857,.F.);
#3857 = EDGE_LOOP('',(#3858));
#3858 = ORIENTED_EDGE('',*,*,#3461,.T.);
#3859 = FACE_BOUND('',#3860,.F.);
#3860 = EDGE_LOOP('',(#3861));
#3861 = ORIENTED_EDGE('',*,*,#3696,.F.);
#3862 = PLANE('',#3863);
#3863 = AXIS2_PLACEMENT_3D('',#3864,#3865,#3866);
#3864 = CARTESIAN_POINT('',(120.,-27.5,30.));
#3865 = DIRECTION('',(0.,0.,-1.));
#3866 = DIRECTION('',(-1.,0.,0.));
#3867 = ADVANCED_FACE('',(#3868,#3871),#3874,.F.);
#3868 = FACE_BOUND('',#3869,.F.);
#3869 = EDGE_LOOP('',(#3870));
#3870 = ORIENTED_EDGE('',*,*,#3486,.T.);
#3871 = FACE_BOUND('',#3872,.F.);
#3872 = EDGE_LOOP('',(#3873));
#3873 = ORIENTED_EDGE('',*,*,#3721,.F.);
#3874 = PLANE('',#3875);
#3875 = AXIS2_PLACEMENT_3D('',#3876,#3877,#3878);
#3876 = CARTESIAN_POINT('',(145.,-27.5,30.));
#3877 = DIRECTION('',(0.,0.,-1.));
#3878 = DIRECTION('',(-1.,0.,0.));
#3879 = ADVANCED_FACE('',(#3880,#3883),#3886,.F.);
#3880 = FACE_BOUND('',#3881,.F.);
#3881 = EDGE_LOOP('',(#3882));
#3882 = ORIENTED_EDGE('',*,*,#3511,.T.);
#3883 = FACE_BOUND('',#3884,.F.);
#3884 = EDGE_LOOP('',(#3885));
#3885 = ORIENTED_EDGE('',*,*,#3746,.F.);
#3886 = PLANE('',#3887);
#3887 = AXIS2_PLACEMENT_3D('',#3888,#3889,#3890);
#3888 = CARTESIAN_POINT('',(170.,-27.5,30.));
#3889 = DIRECTION('',(0.,0.,-1.));
#3890 = DIRECTION('',(-1.,0.,0.));
#3891 = ADVANCED_FACE('',(#3892,#3895),#3898,.F.);
#3892 = FACE_BOUND('',#3893,.F.);
#3893 = EDGE_LOOP('',(#3894));
#3894 = ORIENTED_EDGE('',*,*,#3536,.T.);
#3895 = FACE_BOUND('',#3896,.F.);
#3896 = EDGE_LOOP('',(#3897));
#3897 = ORIENTED_EDGE('',*,*,#3771,.F.);
#3898 = PLANE('',#3899);
#3899 = AXIS2_PLACEMENT_3D('',#3900,#3901,#3902);
#3900 = CARTESIAN_POINT('',(195.,-27.5,30.));
#3901 = DIRECTION('',(0.,0.,-1.));
#3902 = DIRECTION('',(-1.,0.,0.));
#3903 = ADVANCED_FACE('',(#3904,#3907),#3910,.F.);
#3904 = FACE_BOUND('',#3905,.F.);
#3905 = EDGE_LOOP('',(#3906));
#3906 = ORIENTED_EDGE('',*,*,#3561,.T.);
#3907 = FACE_BOUND('',#3908,.F.);
#3908 = EDGE_LOOP('',(#3909));
#3909 = ORIENTED_EDGE('',*,*,#3796,.F.);
#3910 = PLANE('',#3911);
#3911 = AXIS2_PLACEMENT_3D('',#3912,#3913,#3914);
#3912 = CARTESIAN_POINT('',(220.,-27.5,30.));
#3913 = DIRECTION('',(0.,0.,-1.));
#3914 = DIRECTION('',(-1.,0.,0.));
#3915 = MANIFOLD_SOLID_BREP('',#3916);
#3916 = CLOSED_SHELL('',(#3917,#3989,#4064,#4088,#4112,#4136,#4160,#4184
    ,#4208,#4225,#4241,#4266,#4291,#4316,#4341,#4350,#4359,#4368));
#3917 = ADVANCED_FACE('',(#3918),#3984,.F.);
#3918 = FACE_BOUND('',#3919,.F.);
#3919 = EDGE_LOOP('',(#3920,#3930,#3938,#3946,#3954,#3962,#3970,#3978));
#3920 = ORIENTED_EDGE('',*,*,#3921,.F.);
#3921 = EDGE_CURVE('',#3922,#3924,#3926,.T.);
#3922 = VERTEX_POINT('',#3923);
#3923 = CARTESIAN_POINT('',(27.3,14.,39.5));
#3924 = VERTEX_POINT('',#3925);
#3925 = CARTESIAN_POINT('',(27.3,41.,39.5));
#3926 = LINE('',#3927,#3928);
#3927 = CARTESIAN_POINT('',(27.3,14.,39.5));
#3928 = VECTOR('',#3929,1.);
#3929 = DIRECTION('',(0.,1.,0.));
#3930 = ORIENTED_EDGE('',*,*,#3931,.F.);
#3931 = EDGE_CURVE('',#3932,#3922,#3934,.T.);
#3932 = VERTEX_POINT('',#3933);
#3933 = CARTESIAN_POINT('',(27.3,14.,29.5));
#3934 = LINE('',#3935,#3936);
#3935 = CARTESIAN_POINT('',(27.3,14.,29.5));
#3936 = VECTOR('',#3937,1.);
#3937 = DIRECTION('',(0.,0.,1.));
#3938 = ORIENTED_EDGE('',*,*,#3939,.T.);
#3939 = EDGE_CURVE('',#3932,#3940,#3942,.T.);
#3940 = VERTEX_POINT('',#3941);
#3941 = CARTESIAN_POINT('',(27.3,21.1,29.5));
#3942 = LINE('',#3943,#3944);
#3943 = CARTESIAN_POINT('',(27.3,14.,29.5));
#3944 = VECTOR('',#3945,1.);
#3945 = DIRECTION('',(0.,1.,0.));
#3946 = ORIENTED_EDGE('',*,*,#3947,.T.);
#3947 = EDGE_CURVE('',#3940,#3948,#3950,.T.);
#3948 = VERTEX_POINT('',#3949);
#3949 = CARTESIAN_POINT('',(27.3,21.1,35.));
#3950 = LINE('',#3951,#3952);
#3951 = CARTESIAN_POINT('',(27.3,21.1,29.));
#3952 = VECTOR('',#3953,1.);
#3953 = DIRECTION('',(0.,0.,1.));
#3954 = ORIENTED_EDGE('',*,*,#3955,.T.);
#3955 = EDGE_CURVE('',#3948,#3956,#3958,.T.);
#3956 = VERTEX_POINT('',#3957);
#3957 = CARTESIAN_POINT('',(27.3,33.9,35.));
#3958 = LINE('',#3959,#3960);
#3959 = CARTESIAN_POINT('',(27.3,21.1,35.));
#3960 = VECTOR('',#3961,1.);
#3961 = DIRECTION('',(0.,1.,0.));
#3962 = ORIENTED_EDGE('',*,*,#3963,.F.);
#3963 = EDGE_CURVE('',#3964,#3956,#3966,.T.);
#3964 = VERTEX_POINT('',#3965);
#3965 = CARTESIAN_POINT('',(27.3,33.9,29.5));
#3966 = LINE('',#3967,#3968);
#3967 = CARTESIAN_POINT('',(27.3,33.9,29.));
#3968 = VECTOR('',#3969,1.);
#3969 = DIRECTION('',(0.,0.,1.));
#3970 = ORIENTED_EDGE('',*,*,#3971,.T.);
#3971 = EDGE_CURVE('',#3964,#3972,#3974,.T.);
#3972 = VERTEX_POINT('',#3973);
#3973 = CARTESIAN_POINT('',(27.3,41.,29.5));
#3974 = LINE('',#3975,#3976);
#3975 = CARTESIAN_POINT('',(27.3,14.,29.5));
#3976 = VECTOR('',#3977,1.);
#3977 = DIRECTION('',(0.,1.,0.));
#3978 = ORIENTED_EDGE('',*,*,#3979,.T.);
#3979 = EDGE_CURVE('',#3972,#3924,#3980,.T.);
#3980 = LINE('',#3981,#3982);
#3981 = CARTESIAN_POINT('',(27.3,41.,29.5));
#3982 = VECTOR('',#3983,1.);
#3983 = DIRECTION('',(0.,0.,1.));
#3984 = PLANE('',#3985);
#3985 = AXIS2_PLACEMENT_3D('',#3986,#3987,#3988);
#3986 = CARTESIAN_POINT('',(27.3,14.,29.5));
#3987 = DIRECTION('',(1.,0.,0.));
#3988 = DIRECTION('',(0.,0.,1.));
#3989 = ADVANCED_FACE('',(#3990,#4015,#4026,#4037,#4048),#4059,.T.);
#3990 = FACE_BOUND('',#3991,.T.);
#3991 = EDGE_LOOP('',(#3992,#3993,#4001,#4009));
#3992 = ORIENTED_EDGE('',*,*,#3921,.F.);
#3993 = ORIENTED_EDGE('',*,*,#3994,.T.);
#3994 = EDGE_CURVE('',#3922,#3995,#3997,.T.);
#3995 = VERTEX_POINT('',#3996);
#3996 = CARTESIAN_POINT('',(72.7,14.,39.5));
#3997 = LINE('',#3998,#3999);
#3998 = CARTESIAN_POINT('',(27.3,14.,39.5));
#3999 = VECTOR('',#4000,1.);
#4000 = DIRECTION('',(1.,0.,0.));
#4001 = ORIENTED_EDGE('',*,*,#4002,.T.);
#4002 = EDGE_CURVE('',#3995,#4003,#4005,.T.);
#4003 = VERTEX_POINT('',#4004);
#4004 = CARTESIAN_POINT('',(72.7,41.,39.5));
#4005 = LINE('',#4006,#4007);
#4006 = CARTESIAN_POINT('',(72.7,14.,39.5));
#4007 = VECTOR('',#4008,1.);
#4008 = DIRECTION('',(0.,1.,0.));
#4009 = ORIENTED_EDGE('',*,*,#4010,.F.);
#4010 = EDGE_CURVE('',#3924,#4003,#4011,.T.);
#4011 = LINE('',#4012,#4013);
#4012 = CARTESIAN_POINT('',(27.3,41.,39.5));
#4013 = VECTOR('',#4014,1.);
#4014 = DIRECTION('',(1.,0.,0.));
#4015 = FACE_BOUND('',#4016,.T.);
#4016 = EDGE_LOOP('',(#4017));
#4017 = ORIENTED_EDGE('',*,*,#4018,.T.);
#4018 = EDGE_CURVE('',#4019,#4019,#4021,.T.);
#4019 = VERTEX_POINT('',#4020);
#4020 = CARTESIAN_POINT('',(38.75,17.5,39.5));
#4021 = CIRCLE('',#4022,1.25);
#4022 = AXIS2_PLACEMENT_3D('',#4023,#4024,#4025);
#4023 = CARTESIAN_POINT('',(40.,17.5,39.5));
#4024 = DIRECTION('',(0.,0.,-1.));
#4025 = DIRECTION('',(-1.,0.,0.));
#4026 = FACE_BOUND('',#4027,.T.);
#4027 = EDGE_LOOP('',(#4028));
#4028 = ORIENTED_EDGE('',*,*,#4029,.T.);
#4029 = EDGE_CURVE('',#4030,#4030,#4032,.T.);
#4030 = VERTEX_POINT('',#4031);
#4031 = CARTESIAN_POINT('',(58.75,17.5,39.5));
#4032 = CIRCLE('',#4033,1.25);
#4033 = AXIS2_PLACEMENT_3D('',#4034,#4035,#4036);
#4034 = CARTESIAN_POINT('',(60.,17.5,39.5));
#4035 = DIRECTION('',(0.,0.,-1.));
#4036 = DIRECTION('',(-1.,0.,0.));
#4037 = FACE_BOUND('',#4038,.T.);
#4038 = EDGE_LOOP('',(#4039));
#4039 = ORIENTED_EDGE('',*,*,#4040,.T.);
#4040 = EDGE_CURVE('',#4041,#4041,#4043,.T.);
#4041 = VERTEX_POINT('',#4042);
#4042 = CARTESIAN_POINT('',(38.75,37.5,39.5));
#4043 = CIRCLE('',#4044,1.25);
#4044 = AXIS2_PLACEMENT_3D('',#4045,#4046,#4047);
#4045 = CARTESIAN_POINT('',(40.,37.5,39.5));
#4046 = DIRECTION('',(0.,0.,-1.));
#4047 = DIRECTION('',(-1.,0.,0.));
#4048 = FACE_BOUND('',#4049,.T.);
#4049 = EDGE_LOOP('',(#4050));
#4050 = ORIENTED_EDGE('',*,*,#4051,.T.);
#4051 = EDGE_CURVE('',#4052,#4052,#4054,.T.);
#4052 = VERTEX_POINT('',#4053);
#4053 = CARTESIAN_POINT('',(58.75,37.5,39.5));
#4054 = CIRCLE('',#4055,1.25);
#4055 = AXIS2_PLACEMENT_3D('',#4056,#4057,#4058);
#4056 = CARTESIAN_POINT('',(60.,37.5,39.5));
#4057 = DIRECTION('',(0.,0.,-1.));
#4058 = DIRECTION('',(-1.,0.,0.));
#4059 = PLANE('',#4060);
#4060 = AXIS2_PLACEMENT_3D('',#4061,#4062,#4063);
#4061 = CARTESIAN_POINT('',(27.3,14.,39.5));
#4062 = DIRECTION('',(0.,0.,1.));
#4063 = DIRECTION('',(1.,0.,0.));
#4064 = ADVANCED_FACE('',(#4065),#4083,.T.);
#4065 = FACE_BOUND('',#4066,.T.);
#4066 = EDGE_LOOP('',(#4067,#4075,#4076,#4077));
#4067 = ORIENTED_EDGE('',*,*,#4068,.F.);
#4068 = EDGE_CURVE('',#3972,#4069,#4071,.T.);
#4069 = VERTEX_POINT('',#4070);
#4070 = CARTESIAN_POINT('',(72.7,41.,29.5));
#4071 = LINE('',#4072,#4073);
#4072 = CARTESIAN_POINT('',(27.3,41.,29.5));
#4073 = VECTOR('',#4074,1.);
#4074 = DIRECTION('',(1.,0.,0.));
#4075 = ORIENTED_EDGE('',*,*,#3979,.T.);
#4076 = ORIENTED_EDGE('',*,*,#4010,.T.);
#4077 = ORIENTED_EDGE('',*,*,#4078,.F.);
#4078 = EDGE_CURVE('',#4069,#4003,#4079,.T.);
#4079 = LINE('',#4080,#4081);
#4080 = CARTESIAN_POINT('',(72.7,41.,29.5));
#4081 = VECTOR('',#4082,1.);
#4082 = DIRECTION('',(0.,0.,1.));
#4083 = PLANE('',#4084);
#4084 = AXIS2_PLACEMENT_3D('',#4085,#4086,#4087);
#4085 = CARTESIAN_POINT('',(27.3,41.,29.5));
#4086 = DIRECTION('',(0.,1.,0.));
#4087 = DIRECTION('',(0.,0.,1.));
#4088 = ADVANCED_FACE('',(#4089),#4107,.F.);
#4089 = FACE_BOUND('',#4090,.F.);
#4090 = EDGE_LOOP('',(#4091,#4092,#4100,#4106));
#4091 = ORIENTED_EDGE('',*,*,#3971,.F.);
#4092 = ORIENTED_EDGE('',*,*,#4093,.F.);
#4093 = EDGE_CURVE('',#4094,#3964,#4096,.T.);
#4094 = VERTEX_POINT('',#4095);
#4095 = CARTESIAN_POINT('',(72.7,33.9,29.5));
#4096 = LINE('',#4097,#4098);
#4097 = CARTESIAN_POINT('',(27.3,33.9,29.5));
#4098 = VECTOR('',#4099,1.);
#4099 = DIRECTION('',(-1.,0.,0.));
#4100 = ORIENTED_EDGE('',*,*,#4101,.T.);
#4101 = EDGE_CURVE('',#4094,#4069,#4102,.T.);
#4102 = LINE('',#4103,#4104);
#4103 = CARTESIAN_POINT('',(72.7,14.,29.5));
#4104 = VECTOR('',#4105,1.);
#4105 = DIRECTION('',(0.,1.,0.));
#4106 = ORIENTED_EDGE('',*,*,#4068,.F.);
#4107 = PLANE('',#4108);
#4108 = AXIS2_PLACEMENT_3D('',#4109,#4110,#4111);
#4109 = CARTESIAN_POINT('',(27.3,14.,29.5));
#4110 = DIRECTION('',(0.,0.,1.));
#4111 = DIRECTION('',(1.,0.,0.));
#4112 = ADVANCED_FACE('',(#4113),#4131,.F.);
#4113 = FACE_BOUND('',#4114,.F.);
#4114 = EDGE_LOOP('',(#4115,#4123,#4124,#4125));
#4115 = ORIENTED_EDGE('',*,*,#4116,.F.);
#4116 = EDGE_CURVE('',#4094,#4117,#4119,.T.);
#4117 = VERTEX_POINT('',#4118);
#4118 = CARTESIAN_POINT('',(72.7,33.9,35.));
#4119 = LINE('',#4120,#4121);
#4120 = CARTESIAN_POINT('',(72.7,33.9,29.));
#4121 = VECTOR('',#4122,1.);
#4122 = DIRECTION('',(0.,0.,1.));
#4123 = ORIENTED_EDGE('',*,*,#4093,.T.);
#4124 = ORIENTED_EDGE('',*,*,#3963,.T.);
#4125 = ORIENTED_EDGE('',*,*,#4126,.T.);
#4126 = EDGE_CURVE('',#3956,#4117,#4127,.T.);
#4127 = LINE('',#4128,#4129);
#4128 = CARTESIAN_POINT('',(27.3,33.9,35.));
#4129 = VECTOR('',#4130,1.);
#4130 = DIRECTION('',(1.,0.,0.));
#4131 = PLANE('',#4132);
#4132 = AXIS2_PLACEMENT_3D('',#4133,#4134,#4135);
#4133 = CARTESIAN_POINT('',(27.3,33.9,29.));
#4134 = DIRECTION('',(0.,1.,0.));
#4135 = DIRECTION('',(0.,0.,1.));
#4136 = ADVANCED_FACE('',(#4137),#4155,.F.);
#4137 = FACE_BOUND('',#4138,.F.);
#4138 = EDGE_LOOP('',(#4139,#4140,#4148,#4154));
#4139 = ORIENTED_EDGE('',*,*,#3955,.F.);
#4140 = ORIENTED_EDGE('',*,*,#4141,.T.);
#4141 = EDGE_CURVE('',#3948,#4142,#4144,.T.);
#4142 = VERTEX_POINT('',#4143);
#4143 = CARTESIAN_POINT('',(72.7,21.1,35.));
#4144 = LINE('',#4145,#4146);
#4145 = CARTESIAN_POINT('',(27.3,21.1,35.));
#4146 = VECTOR('',#4147,1.);
#4147 = DIRECTION('',(1.,0.,0.));
#4148 = ORIENTED_EDGE('',*,*,#4149,.T.);
#4149 = EDGE_CURVE('',#4142,#4117,#4150,.T.);
#4150 = LINE('',#4151,#4152);
#4151 = CARTESIAN_POINT('',(72.7,21.1,35.));
#4152 = VECTOR('',#4153,1.);
#4153 = DIRECTION('',(0.,1.,0.));
#4154 = ORIENTED_EDGE('',*,*,#4126,.F.);
#4155 = PLANE('',#4156);
#4156 = AXIS2_PLACEMENT_3D('',#4157,#4158,#4159);
#4157 = CARTESIAN_POINT('',(27.3,21.1,35.));
#4158 = DIRECTION('',(0.,0.,1.));
#4159 = DIRECTION('',(1.,0.,0.));
#4160 = ADVANCED_FACE('',(#4161),#4179,.T.);
#4161 = FACE_BOUND('',#4162,.T.);
#4162 = EDGE_LOOP('',(#4163,#4171,#4177,#4178));
#4163 = ORIENTED_EDGE('',*,*,#4164,.F.);
#4164 = EDGE_CURVE('',#4165,#4142,#4167,.T.);
#4165 = VERTEX_POINT('',#4166);
#4166 = CARTESIAN_POINT('',(72.7,21.1,29.5));
#4167 = LINE('',#4168,#4169);
#4168 = CARTESIAN_POINT('',(72.7,21.1,29.));
#4169 = VECTOR('',#4170,1.);
#4170 = DIRECTION('',(0.,0.,1.));
#4171 = ORIENTED_EDGE('',*,*,#4172,.T.);
#4172 = EDGE_CURVE('',#4165,#3940,#4173,.T.);
#4173 = LINE('',#4174,#4175);
#4174 = CARTESIAN_POINT('',(27.3,21.1,29.5));
#4175 = VECTOR('',#4176,1.);
#4176 = DIRECTION('',(-1.,0.,0.));
#4177 = ORIENTED_EDGE('',*,*,#3947,.T.);
#4178 = ORIENTED_EDGE('',*,*,#4141,.T.);
#4179 = PLANE('',#4180);
#4180 = AXIS2_PLACEMENT_3D('',#4181,#4182,#4183);
#4181 = CARTESIAN_POINT('',(27.3,21.1,29.));
#4182 = DIRECTION('',(0.,1.,0.));
#4183 = DIRECTION('',(0.,0.,1.));
#4184 = ADVANCED_FACE('',(#4185),#4203,.F.);
#4185 = FACE_BOUND('',#4186,.F.);
#4186 = EDGE_LOOP('',(#4187,#4188,#4196,#4202));
#4187 = ORIENTED_EDGE('',*,*,#3939,.F.);
#4188 = ORIENTED_EDGE('',*,*,#4189,.T.);
#4189 = EDGE_CURVE('',#3932,#4190,#4192,.T.);
#4190 = VERTEX_POINT('',#4191);
#4191 = CARTESIAN_POINT('',(72.7,14.,29.5));
#4192 = LINE('',#4193,#4194);
#4193 = CARTESIAN_POINT('',(27.3,14.,29.5));
#4194 = VECTOR('',#4195,1.);
#4195 = DIRECTION('',(1.,0.,0.));
#4196 = ORIENTED_EDGE('',*,*,#4197,.T.);
#4197 = EDGE_CURVE('',#4190,#4165,#4198,.T.);
#4198 = LINE('',#4199,#4200);
#4199 = CARTESIAN_POINT('',(72.7,14.,29.5));
#4200 = VECTOR('',#4201,1.);
#4201 = DIRECTION('',(0.,1.,0.));
#4202 = ORIENTED_EDGE('',*,*,#4172,.T.);
#4203 = PLANE('',#4204);
#4204 = AXIS2_PLACEMENT_3D('',#4205,#4206,#4207);
#4205 = CARTESIAN_POINT('',(27.3,14.,29.5));
#4206 = DIRECTION('',(0.,0.,1.));
#4207 = DIRECTION('',(1.,0.,0.));
#4208 = ADVANCED_FACE('',(#4209),#4220,.F.);
#4209 = FACE_BOUND('',#4210,.F.);
#4210 = EDGE_LOOP('',(#4211,#4212,#4213,#4214));
#4211 = ORIENTED_EDGE('',*,*,#4189,.F.);
#4212 = ORIENTED_EDGE('',*,*,#3931,.T.);
#4213 = ORIENTED_EDGE('',*,*,#3994,.T.);
#4214 = ORIENTED_EDGE('',*,*,#4215,.F.);
#4215 = EDGE_CURVE('',#4190,#3995,#4216,.T.);
#4216 = LINE('',#4217,#4218);
#4217 = CARTESIAN_POINT('',(72.7,14.,29.5));
#4218 = VECTOR('',#4219,1.);
#4219 = DIRECTION('',(0.,0.,1.));
#4220 = PLANE('',#4221);
#4221 = AXIS2_PLACEMENT_3D('',#4222,#4223,#4224);
#4222 = CARTESIAN_POINT('',(27.3,14.,29.5));
#4223 = DIRECTION('',(0.,1.,0.));
#4224 = DIRECTION('',(0.,0.,1.));
#4225 = ADVANCED_FACE('',(#4226),#4236,.T.);
#4226 = FACE_BOUND('',#4227,.T.);
#4227 = EDGE_LOOP('',(#4228,#4229,#4230,#4231,#4232,#4233,#4234,#4235));
#4228 = ORIENTED_EDGE('',*,*,#4002,.F.);
#4229 = ORIENTED_EDGE('',*,*,#4215,.F.);
#4230 = ORIENTED_EDGE('',*,*,#4197,.T.);
#4231 = ORIENTED_EDGE('',*,*,#4164,.T.);
#4232 = ORIENTED_EDGE('',*,*,#4149,.T.);
#4233 = ORIENTED_EDGE('',*,*,#4116,.F.);
#4234 = ORIENTED_EDGE('',*,*,#4101,.T.);
#4235 = ORIENTED_EDGE('',*,*,#4078,.T.);
#4236 = PLANE('',#4237);
#4237 = AXIS2_PLACEMENT_3D('',#4238,#4239,#4240);
#4238 = CARTESIAN_POINT('',(72.7,14.,29.5));
#4239 = DIRECTION('',(1.,0.,0.));
#4240 = DIRECTION('',(0.,0.,1.));
#4241 = ADVANCED_FACE('',(#4242),#4261,.F.);
#4242 = FACE_BOUND('',#4243,.F.);
#4243 = EDGE_LOOP('',(#4244,#4253,#4259,#4260));
#4244 = ORIENTED_EDGE('',*,*,#4245,.F.);
#4245 = EDGE_CURVE('',#4246,#4246,#4248,.T.);
#4246 = VERTEX_POINT('',#4247);
#4247 = CARTESIAN_POINT('',(38.75,17.5,33.5));
#4248 = CIRCLE('',#4249,1.25);
#4249 = AXIS2_PLACEMENT_3D('',#4250,#4251,#4252);
#4250 = CARTESIAN_POINT('',(40.,17.5,33.5));
#4251 = DIRECTION('',(0.,0.,-1.));
#4252 = DIRECTION('',(-1.,0.,0.));
#4253 = ORIENTED_EDGE('',*,*,#4254,.F.);
#4254 = EDGE_CURVE('',#4019,#4246,#4255,.T.);
#4255 = LINE('',#4256,#4257);
#4256 = CARTESIAN_POINT('',(38.75,17.5,39.5));
#4257 = VECTOR('',#4258,1.);
#4258 = DIRECTION('',(0.,0.,-1.));
#4259 = ORIENTED_EDGE('',*,*,#4018,.T.);
#4260 = ORIENTED_EDGE('',*,*,#4254,.T.);
#4261 = CYLINDRICAL_SURFACE('',#4262,1.25);
#4262 = AXIS2_PLACEMENT_3D('',#4263,#4264,#4265);
#4263 = CARTESIAN_POINT('',(40.,17.5,39.5));
#4264 = DIRECTION('',(0.,0.,-1.));
#4265 = DIRECTION('',(-1.,0.,0.));
#4266 = ADVANCED_FACE('',(#4267),#4286,.F.);
#4267 = FACE_BOUND('',#4268,.F.);
#4268 = EDGE_LOOP('',(#4269,#4278,#4284,#4285));
#4269 = ORIENTED_EDGE('',*,*,#4270,.F.);
#4270 = EDGE_CURVE('',#4271,#4271,#4273,.T.);
#4271 = VERTEX_POINT('',#4272);
#4272 = CARTESIAN_POINT('',(58.75,17.5,33.5));
#4273 = CIRCLE('',#4274,1.25);
#4274 = AXIS2_PLACEMENT_3D('',#4275,#4276,#4277);
#4275 = CARTESIAN_POINT('',(60.,17.5,33.5));
#4276 = DIRECTION('',(0.,0.,-1.));
#4277 = DIRECTION('',(-1.,0.,0.));
#4278 = ORIENTED_EDGE('',*,*,#4279,.F.);
#4279 = EDGE_CURVE('',#4030,#4271,#4280,.T.);
#4280 = LINE('',#4281,#4282);
#4281 = CARTESIAN_POINT('',(58.75,17.5,39.5));
#4282 = VECTOR('',#4283,1.);
#4283 = DIRECTION('',(0.,0.,-1.));
#4284 = ORIENTED_EDGE('',*,*,#4029,.T.);
#4285 = ORIENTED_EDGE('',*,*,#4279,.T.);
#4286 = CYLINDRICAL_SURFACE('',#4287,1.25);
#4287 = AXIS2_PLACEMENT_3D('',#4288,#4289,#4290);
#4288 = CARTESIAN_POINT('',(60.,17.5,39.5));
#4289 = DIRECTION('',(0.,0.,-1.));
#4290 = DIRECTION('',(-1.,0.,0.));
#4291 = ADVANCED_FACE('',(#4292),#4311,.F.);
#4292 = FACE_BOUND('',#4293,.F.);
#4293 = EDGE_LOOP('',(#4294,#4303,#4309,#4310));
#4294 = ORIENTED_EDGE('',*,*,#4295,.F.);
#4295 = EDGE_CURVE('',#4296,#4296,#4298,.T.);
#4296 = VERTEX_POINT('',#4297);
#4297 = CARTESIAN_POINT('',(38.75,37.5,33.5));
#4298 = CIRCLE('',#4299,1.25);
#4299 = AXIS2_PLACEMENT_3D('',#4300,#4301,#4302);
#4300 = CARTESIAN_POINT('',(40.,37.5,33.5));
#4301 = DIRECTION('',(0.,0.,-1.));
#4302 = DIRECTION('',(-1.,0.,0.));
#4303 = ORIENTED_EDGE('',*,*,#4304,.F.);
#4304 = EDGE_CURVE('',#4041,#4296,#4305,.T.);
#4305 = LINE('',#4306,#4307);
#4306 = CARTESIAN_POINT('',(38.75,37.5,39.5));
#4307 = VECTOR('',#4308,1.);
#4308 = DIRECTION('',(0.,0.,-1.));
#4309 = ORIENTED_EDGE('',*,*,#4040,.T.);
#4310 = ORIENTED_EDGE('',*,*,#4304,.T.);
#4311 = CYLINDRICAL_SURFACE('',#4312,1.25);
#4312 = AXIS2_PLACEMENT_3D('',#4313,#4314,#4315);
#4313 = CARTESIAN_POINT('',(40.,37.5,39.5));
#4314 = DIRECTION('',(0.,0.,-1.));
#4315 = DIRECTION('',(-1.,0.,0.));
#4316 = ADVANCED_FACE('',(#4317),#4336,.F.);
#4317 = FACE_BOUND('',#4318,.F.);
#4318 = EDGE_LOOP('',(#4319,#4328,#4334,#4335));
#4319 = ORIENTED_EDGE('',*,*,#4320,.F.);
#4320 = EDGE_CURVE('',#4321,#4321,#4323,.T.);
#4321 = VERTEX_POINT('',#4322);
#4322 = CARTESIAN_POINT('',(58.75,37.5,33.5));
#4323 = CIRCLE('',#4324,1.25);
#4324 = AXIS2_PLACEMENT_3D('',#4325,#4326,#4327);
#4325 = CARTESIAN_POINT('',(60.,37.5,33.5));
#4326 = DIRECTION('',(0.,0.,-1.));
#4327 = DIRECTION('',(-1.,0.,0.));
#4328 = ORIENTED_EDGE('',*,*,#4329,.F.);
#4329 = EDGE_CURVE('',#4052,#4321,#4330,.T.);
#4330 = LINE('',#4331,#4332);
#4331 = CARTESIAN_POINT('',(58.75,37.5,39.5));
#4332 = VECTOR('',#4333,1.);
#4333 = DIRECTION('',(0.,0.,-1.));
#4334 = ORIENTED_EDGE('',*,*,#4051,.T.);
#4335 = ORIENTED_EDGE('',*,*,#4329,.T.);
#4336 = CYLINDRICAL_SURFACE('',#4337,1.25);
#4337 = AXIS2_PLACEMENT_3D('',#4338,#4339,#4340);
#4338 = CARTESIAN_POINT('',(60.,37.5,39.5));
#4339 = DIRECTION('',(0.,0.,-1.));
#4340 = DIRECTION('',(-1.,0.,0.));
#4341 = ADVANCED_FACE('',(#4342),#4345,.F.);
#4342 = FACE_BOUND('',#4343,.F.);
#4343 = EDGE_LOOP('',(#4344));
#4344 = ORIENTED_EDGE('',*,*,#4245,.T.);
#4345 = PLANE('',#4346);
#4346 = AXIS2_PLACEMENT_3D('',#4347,#4348,#4349);
#4347 = CARTESIAN_POINT('',(40.,17.5,33.5));
#4348 = DIRECTION('',(0.,0.,-1.));
#4349 = DIRECTION('',(-1.,0.,0.));
#4350 = ADVANCED_FACE('',(#4351),#4354,.F.);
#4351 = FACE_BOUND('',#4352,.F.);
#4352 = EDGE_LOOP('',(#4353));
#4353 = ORIENTED_EDGE('',*,*,#4270,.T.);
#4354 = PLANE('',#4355);
#4355 = AXIS2_PLACEMENT_3D('',#4356,#4357,#4358);
#4356 = CARTESIAN_POINT('',(60.,17.5,33.5));
#4357 = DIRECTION('',(0.,0.,-1.));
#4358 = DIRECTION('',(-1.,0.,0.));
#4359 = ADVANCED_FACE('',(#4360),#4363,.F.);
#4360 = FACE_BOUND('',#4361,.F.);
#4361 = EDGE_LOOP('',(#4362));
#4362 = ORIENTED_EDGE('',*,*,#4295,.T.);
#4363 = PLANE('',#4364);
#4364 = AXIS2_PLACEMENT_3D('',#4365,#4366,#4367);
#4365 = CARTESIAN_POINT('',(40.,37.5,33.5));
#4366 = DIRECTION('',(0.,0.,-1.));
#4367 = DIRECTION('',(-1.,0.,0.));
#4368 = ADVANCED_FACE('',(#4369),#4372,.F.);
#4369 = FACE_BOUND('',#4370,.F.);
#4370 = EDGE_LOOP('',(#4371));
#4371 = ORIENTED_EDGE('',*,*,#4320,.T.);
#4372 = PLANE('',#4373);
#4373 = AXIS2_PLACEMENT_3D('',#4374,#4375,#4376);
#4374 = CARTESIAN_POINT('',(60.,37.5,33.5));
#4375 = DIRECTION('',(0.,0.,-1.));
#4376 = DIRECTION('',(-1.,0.,0.));
#4377 = MANIFOLD_SOLID_BREP('',#4378);
#4378 = CLOSED_SHELL('',(#4379,#4451,#4526,#4550,#4574,#4598,#4622,#4646
    ,#4670,#4687,#4703,#4728,#4753,#4778,#4803,#4812,#4821,#4830));
#4379 = ADVANCED_FACE('',(#4380),#4446,.F.);
#4380 = FACE_BOUND('',#4381,.F.);
#4381 = EDGE_LOOP('',(#4382,#4392,#4400,#4408,#4416,#4424,#4432,#4440));
#4382 = ORIENTED_EDGE('',*,*,#4383,.F.);
#4383 = EDGE_CURVE('',#4384,#4386,#4388,.T.);
#4384 = VERTEX_POINT('',#4385);
#4385 = CARTESIAN_POINT('',(27.3,-41.,39.5));
#4386 = VERTEX_POINT('',#4387);
#4387 = CARTESIAN_POINT('',(27.3,-14.,39.5));
#4388 = LINE('',#4389,#4390);
#4389 = CARTESIAN_POINT('',(27.3,-41.,39.5));
#4390 = VECTOR('',#4391,1.);
#4391 = DIRECTION('',(0.,1.,0.));
#4392 = ORIENTED_EDGE('',*,*,#4393,.F.);
#4393 = EDGE_CURVE('',#4394,#4384,#4396,.T.);
#4394 = VERTEX_POINT('',#4395);
#4395 = CARTESIAN_POINT('',(27.3,-41.,29.5));
#4396 = LINE('',#4397,#4398);
#4397 = CARTESIAN_POINT('',(27.3,-41.,29.5));
#4398 = VECTOR('',#4399,1.);
#4399 = DIRECTION('',(0.,0.,1.));
#4400 = ORIENTED_EDGE('',*,*,#4401,.T.);
#4401 = EDGE_CURVE('',#4394,#4402,#4404,.T.);
#4402 = VERTEX_POINT('',#4403);
#4403 = CARTESIAN_POINT('',(27.3,-33.9,29.5));
#4404 = LINE('',#4405,#4406);
#4405 = CARTESIAN_POINT('',(27.3,-41.,29.5));
#4406 = VECTOR('',#4407,1.);
#4407 = DIRECTION('',(0.,1.,0.));
#4408 = ORIENTED_EDGE('',*,*,#4409,.T.);
#4409 = EDGE_CURVE('',#4402,#4410,#4412,.T.);
#4410 = VERTEX_POINT('',#4411);
#4411 = CARTESIAN_POINT('',(27.3,-33.9,35.));
#4412 = LINE('',#4413,#4414);
#4413 = CARTESIAN_POINT('',(27.3,-33.9,29.));
#4414 = VECTOR('',#4415,1.);
#4415 = DIRECTION('',(0.,0.,1.));
#4416 = ORIENTED_EDGE('',*,*,#4417,.T.);
#4417 = EDGE_CURVE('',#4410,#4418,#4420,.T.);
#4418 = VERTEX_POINT('',#4419);
#4419 = CARTESIAN_POINT('',(27.3,-21.1,35.));
#4420 = LINE('',#4421,#4422);
#4421 = CARTESIAN_POINT('',(27.3,-33.9,35.));
#4422 = VECTOR('',#4423,1.);
#4423 = DIRECTION('',(0.,1.,0.));
#4424 = ORIENTED_EDGE('',*,*,#4425,.F.);
#4425 = EDGE_CURVE('',#4426,#4418,#4428,.T.);
#4426 = VERTEX_POINT('',#4427);
#4427 = CARTESIAN_POINT('',(27.3,-21.1,29.5));
#4428 = LINE('',#4429,#4430);
#4429 = CARTESIAN_POINT('',(27.3,-21.1,29.));
#4430 = VECTOR('',#4431,1.);
#4431 = DIRECTION('',(0.,0.,1.));
#4432 = ORIENTED_EDGE('',*,*,#4433,.T.);
#4433 = EDGE_CURVE('',#4426,#4434,#4436,.T.);
#4434 = VERTEX_POINT('',#4435);
#4435 = CARTESIAN_POINT('',(27.3,-14.,29.5));
#4436 = LINE('',#4437,#4438);
#4437 = CARTESIAN_POINT('',(27.3,-41.,29.5));
#4438 = VECTOR('',#4439,1.);
#4439 = DIRECTION('',(0.,1.,0.));
#4440 = ORIENTED_EDGE('',*,*,#4441,.T.);
#4441 = EDGE_CURVE('',#4434,#4386,#4442,.T.);
#4442 = LINE('',#4443,#4444);
#4443 = CARTESIAN_POINT('',(27.3,-14.,29.5));
#4444 = VECTOR('',#4445,1.);
#4445 = DIRECTION('',(0.,0.,1.));
#4446 = PLANE('',#4447);
#4447 = AXIS2_PLACEMENT_3D('',#4448,#4449,#4450);
#4448 = CARTESIAN_POINT('',(27.3,-41.,29.5));
#4449 = DIRECTION('',(1.,0.,0.));
#4450 = DIRECTION('',(0.,0.,1.));
#4451 = ADVANCED_FACE('',(#4452,#4477,#4488,#4499,#4510),#4521,.T.);
#4452 = FACE_BOUND('',#4453,.T.);
#4453 = EDGE_LOOP('',(#4454,#4455,#4463,#4471));
#4454 = ORIENTED_EDGE('',*,*,#4383,.F.);
#4455 = ORIENTED_EDGE('',*,*,#4456,.T.);
#4456 = EDGE_CURVE('',#4384,#4457,#4459,.T.);
#4457 = VERTEX_POINT('',#4458);
#4458 = CARTESIAN_POINT('',(72.7,-41.,39.5));
#4459 = LINE('',#4460,#4461);
#4460 = CARTESIAN_POINT('',(27.3,-41.,39.5));
#4461 = VECTOR('',#4462,1.);
#4462 = DIRECTION('',(1.,0.,0.));
#4463 = ORIENTED_EDGE('',*,*,#4464,.T.);
#4464 = EDGE_CURVE('',#4457,#4465,#4467,.T.);
#4465 = VERTEX_POINT('',#4466);
#4466 = CARTESIAN_POINT('',(72.7,-14.,39.5));
#4467 = LINE('',#4468,#4469);
#4468 = CARTESIAN_POINT('',(72.7,-41.,39.5));
#4469 = VECTOR('',#4470,1.);
#4470 = DIRECTION('',(0.,1.,0.));
#4471 = ORIENTED_EDGE('',*,*,#4472,.F.);
#4472 = EDGE_CURVE('',#4386,#4465,#4473,.T.);
#4473 = LINE('',#4474,#4475);
#4474 = CARTESIAN_POINT('',(27.3,-14.,39.5));
#4475 = VECTOR('',#4476,1.);
#4476 = DIRECTION('',(1.,0.,0.));
#4477 = FACE_BOUND('',#4478,.T.);
#4478 = EDGE_LOOP('',(#4479));
#4479 = ORIENTED_EDGE('',*,*,#4480,.T.);
#4480 = EDGE_CURVE('',#4481,#4481,#4483,.T.);
#4481 = VERTEX_POINT('',#4482);
#4482 = CARTESIAN_POINT('',(38.75,-37.5,39.5));
#4483 = CIRCLE('',#4484,1.25);
#4484 = AXIS2_PLACEMENT_3D('',#4485,#4486,#4487);
#4485 = CARTESIAN_POINT('',(40.,-37.5,39.5));
#4486 = DIRECTION('',(0.,0.,-1.));
#4487 = DIRECTION('',(-1.,0.,0.));
#4488 = FACE_BOUND('',#4489,.T.);
#4489 = EDGE_LOOP('',(#4490));
#4490 = ORIENTED_EDGE('',*,*,#4491,.T.);
#4491 = EDGE_CURVE('',#4492,#4492,#4494,.T.);
#4492 = VERTEX_POINT('',#4493);
#4493 = CARTESIAN_POINT('',(58.75,-37.5,39.5));
#4494 = CIRCLE('',#4495,1.25);
#4495 = AXIS2_PLACEMENT_3D('',#4496,#4497,#4498);
#4496 = CARTESIAN_POINT('',(60.,-37.5,39.5));
#4497 = DIRECTION('',(0.,0.,-1.));
#4498 = DIRECTION('',(-1.,0.,0.));
#4499 = FACE_BOUND('',#4500,.T.);
#4500 = EDGE_LOOP('',(#4501));
#4501 = ORIENTED_EDGE('',*,*,#4502,.T.);
#4502 = EDGE_CURVE('',#4503,#4503,#4505,.T.);
#4503 = VERTEX_POINT('',#4504);
#4504 = CARTESIAN_POINT('',(38.75,-17.5,39.5));
#4505 = CIRCLE('',#4506,1.25);
#4506 = AXIS2_PLACEMENT_3D('',#4507,#4508,#4509);
#4507 = CARTESIAN_POINT('',(40.,-17.5,39.5));
#4508 = DIRECTION('',(0.,0.,-1.));
#4509 = DIRECTION('',(-1.,0.,0.));
#4510 = FACE_BOUND('',#4511,.T.);
#4511 = EDGE_LOOP('',(#4512));
#4512 = ORIENTED_EDGE('',*,*,#4513,.T.);
#4513 = EDGE_CURVE('',#4514,#4514,#4516,.T.);
#4514 = VERTEX_POINT('',#4515);
#4515 = CARTESIAN_POINT('',(58.75,-17.5,39.5));
#4516 = CIRCLE('',#4517,1.25);
#4517 = AXIS2_PLACEMENT_3D('',#4518,#4519,#4520);
#4518 = CARTESIAN_POINT('',(60.,-17.5,39.5));
#4519 = DIRECTION('',(0.,0.,-1.));
#4520 = DIRECTION('',(-1.,0.,0.));
#4521 = PLANE('',#4522);
#4522 = AXIS2_PLACEMENT_3D('',#4523,#4524,#4525);
#4523 = CARTESIAN_POINT('',(27.3,-41.,39.5));
#4524 = DIRECTION('',(0.,0.,1.));
#4525 = DIRECTION('',(1.,0.,0.));
#4526 = ADVANCED_FACE('',(#4527),#4545,.T.);
#4527 = FACE_BOUND('',#4528,.T.);
#4528 = EDGE_LOOP('',(#4529,#4537,#4538,#4539));
#4529 = ORIENTED_EDGE('',*,*,#4530,.F.);
#4530 = EDGE_CURVE('',#4434,#4531,#4533,.T.);
#4531 = VERTEX_POINT('',#4532);
#4532 = CARTESIAN_POINT('',(72.7,-14.,29.5));
#4533 = LINE('',#4534,#4535);
#4534 = CARTESIAN_POINT('',(27.3,-14.,29.5));
#4535 = VECTOR('',#4536,1.);
#4536 = DIRECTION('',(1.,0.,0.));
#4537 = ORIENTED_EDGE('',*,*,#4441,.T.);
#4538 = ORIENTED_EDGE('',*,*,#4472,.T.);
#4539 = ORIENTED_EDGE('',*,*,#4540,.F.);
#4540 = EDGE_CURVE('',#4531,#4465,#4541,.T.);
#4541 = LINE('',#4542,#4543);
#4542 = CARTESIAN_POINT('',(72.7,-14.,29.5));
#4543 = VECTOR('',#4544,1.);
#4544 = DIRECTION('',(0.,0.,1.));
#4545 = PLANE('',#4546);
#4546 = AXIS2_PLACEMENT_3D('',#4547,#4548,#4549);
#4547 = CARTESIAN_POINT('',(27.3,-14.,29.5));
#4548 = DIRECTION('',(0.,1.,0.));
#4549 = DIRECTION('',(0.,0.,1.));
#4550 = ADVANCED_FACE('',(#4551),#4569,.F.);
#4551 = FACE_BOUND('',#4552,.F.);
#4552 = EDGE_LOOP('',(#4553,#4554,#4562,#4568));
#4553 = ORIENTED_EDGE('',*,*,#4433,.F.);
#4554 = ORIENTED_EDGE('',*,*,#4555,.F.);
#4555 = EDGE_CURVE('',#4556,#4426,#4558,.T.);
#4556 = VERTEX_POINT('',#4557);
#4557 = CARTESIAN_POINT('',(72.7,-21.1,29.5));
#4558 = LINE('',#4559,#4560);
#4559 = CARTESIAN_POINT('',(27.3,-21.1,29.5));
#4560 = VECTOR('',#4561,1.);
#4561 = DIRECTION('',(-1.,0.,0.));
#4562 = ORIENTED_EDGE('',*,*,#4563,.T.);
#4563 = EDGE_CURVE('',#4556,#4531,#4564,.T.);
#4564 = LINE('',#4565,#4566);
#4565 = CARTESIAN_POINT('',(72.7,-41.,29.5));
#4566 = VECTOR('',#4567,1.);
#4567 = DIRECTION('',(0.,1.,0.));
#4568 = ORIENTED_EDGE('',*,*,#4530,.F.);
#4569 = PLANE('',#4570);
#4570 = AXIS2_PLACEMENT_3D('',#4571,#4572,#4573);
#4571 = CARTESIAN_POINT('',(27.3,-41.,29.5));
#4572 = DIRECTION('',(0.,0.,1.));
#4573 = DIRECTION('',(1.,0.,0.));
#4574 = ADVANCED_FACE('',(#4575),#4593,.F.);
#4575 = FACE_BOUND('',#4576,.F.);
#4576 = EDGE_LOOP('',(#4577,#4585,#4586,#4587));
#4577 = ORIENTED_EDGE('',*,*,#4578,.F.);
#4578 = EDGE_CURVE('',#4556,#4579,#4581,.T.);
#4579 = VERTEX_POINT('',#4580);
#4580 = CARTESIAN_POINT('',(72.7,-21.1,35.));
#4581 = LINE('',#4582,#4583);
#4582 = CARTESIAN_POINT('',(72.7,-21.1,29.));
#4583 = VECTOR('',#4584,1.);
#4584 = DIRECTION('',(0.,0.,1.));
#4585 = ORIENTED_EDGE('',*,*,#4555,.T.);
#4586 = ORIENTED_EDGE('',*,*,#4425,.T.);
#4587 = ORIENTED_EDGE('',*,*,#4588,.T.);
#4588 = EDGE_CURVE('',#4418,#4579,#4589,.T.);
#4589 = LINE('',#4590,#4591);
#4590 = CARTESIAN_POINT('',(27.3,-21.1,35.));
#4591 = VECTOR('',#4592,1.);
#4592 = DIRECTION('',(1.,0.,0.));
#4593 = PLANE('',#4594);
#4594 = AXIS2_PLACEMENT_3D('',#4595,#4596,#4597);
#4595 = CARTESIAN_POINT('',(27.3,-21.1,29.));
#4596 = DIRECTION('',(0.,1.,0.));
#4597 = DIRECTION('',(0.,0.,1.));
#4598 = ADVANCED_FACE('',(#4599),#4617,.F.);
#4599 = FACE_BOUND('',#4600,.F.);
#4600 = EDGE_LOOP('',(#4601,#4602,#4610,#4616));
#4601 = ORIENTED_EDGE('',*,*,#4417,.F.);
#4602 = ORIENTED_EDGE('',*,*,#4603,.T.);
#4603 = EDGE_CURVE('',#4410,#4604,#4606,.T.);
#4604 = VERTEX_POINT('',#4605);
#4605 = CARTESIAN_POINT('',(72.7,-33.9,35.));
#4606 = LINE('',#4607,#4608);
#4607 = CARTESIAN_POINT('',(27.3,-33.9,35.));
#4608 = VECTOR('',#4609,1.);
#4609 = DIRECTION('',(1.,0.,0.));
#4610 = ORIENTED_EDGE('',*,*,#4611,.T.);
#4611 = EDGE_CURVE('',#4604,#4579,#4612,.T.);
#4612 = LINE('',#4613,#4614);
#4613 = CARTESIAN_POINT('',(72.7,-33.9,35.));
#4614 = VECTOR('',#4615,1.);
#4615 = DIRECTION('',(0.,1.,0.));
#4616 = ORIENTED_EDGE('',*,*,#4588,.F.);
#4617 = PLANE('',#4618);
#4618 = AXIS2_PLACEMENT_3D('',#4619,#4620,#4621);
#4619 = CARTESIAN_POINT('',(27.3,-33.9,35.));
#4620 = DIRECTION('',(0.,0.,1.));
#4621 = DIRECTION('',(1.,0.,0.));
#4622 = ADVANCED_FACE('',(#4623),#4641,.T.);
#4623 = FACE_BOUND('',#4624,.T.);
#4624 = EDGE_LOOP('',(#4625,#4633,#4639,#4640));
#4625 = ORIENTED_EDGE('',*,*,#4626,.F.);
#4626 = EDGE_CURVE('',#4627,#4604,#4629,.T.);
#4627 = VERTEX_POINT('',#4628);
#4628 = CARTESIAN_POINT('',(72.7,-33.9,29.5));
#4629 = LINE('',#4630,#4631);
#4630 = CARTESIAN_POINT('',(72.7,-33.9,29.));
#4631 = VECTOR('',#4632,1.);
#4632 = DIRECTION('',(0.,0.,1.));
#4633 = ORIENTED_EDGE('',*,*,#4634,.T.);
#4634 = EDGE_CURVE('',#4627,#4402,#4635,.T.);
#4635 = LINE('',#4636,#4637);
#4636 = CARTESIAN_POINT('',(27.3,-33.9,29.5));
#4637 = VECTOR('',#4638,1.);
#4638 = DIRECTION('',(-1.,0.,0.));
#4639 = ORIENTED_EDGE('',*,*,#4409,.T.);
#4640 = ORIENTED_EDGE('',*,*,#4603,.T.);
#4641 = PLANE('',#4642);
#4642 = AXIS2_PLACEMENT_3D('',#4643,#4644,#4645);
#4643 = CARTESIAN_POINT('',(27.3,-33.9,29.));
#4644 = DIRECTION('',(0.,1.,0.));
#4645 = DIRECTION('',(0.,0.,1.));
#4646 = ADVANCED_FACE('',(#4647),#4665,.F.);
#4647 = FACE_BOUND('',#4648,.F.);
#4648 = EDGE_LOOP('',(#4649,#4650,#4658,#4664));
#4649 = ORIENTED_EDGE('',*,*,#4401,.F.);
#4650 = ORIENTED_EDGE('',*,*,#4651,.T.);
#4651 = EDGE_CURVE('',#4394,#4652,#4654,.T.);
#4652 = VERTEX_POINT('',#4653);
#4653 = CARTESIAN_POINT('',(72.7,-41.,29.5));
#4654 = LINE('',#4655,#4656);
#4655 = CARTESIAN_POINT('',(27.3,-41.,29.5));
#4656 = VECTOR('',#4657,1.);
#4657 = DIRECTION('',(1.,0.,0.));
#4658 = ORIENTED_EDGE('',*,*,#4659,.T.);
#4659 = EDGE_CURVE('',#4652,#4627,#4660,.T.);
#4660 = LINE('',#4661,#4662);
#4661 = CARTESIAN_POINT('',(72.7,-41.,29.5));
#4662 = VECTOR('',#4663,1.);
#4663 = DIRECTION('',(0.,1.,0.));
#4664 = ORIENTED_EDGE('',*,*,#4634,.T.);
#4665 = PLANE('',#4666);
#4666 = AXIS2_PLACEMENT_3D('',#4667,#4668,#4669);
#4667 = CARTESIAN_POINT('',(27.3,-41.,29.5));
#4668 = DIRECTION('',(0.,0.,1.));
#4669 = DIRECTION('',(1.,0.,0.));
#4670 = ADVANCED_FACE('',(#4671),#4682,.F.);
#4671 = FACE_BOUND('',#4672,.F.);
#4672 = EDGE_LOOP('',(#4673,#4674,#4675,#4676));
#4673 = ORIENTED_EDGE('',*,*,#4651,.F.);
#4674 = ORIENTED_EDGE('',*,*,#4393,.T.);
#4675 = ORIENTED_EDGE('',*,*,#4456,.T.);
#4676 = ORIENTED_EDGE('',*,*,#4677,.F.);
#4677 = EDGE_CURVE('',#4652,#4457,#4678,.T.);
#4678 = LINE('',#4679,#4680);
#4679 = CARTESIAN_POINT('',(72.7,-41.,29.5));
#4680 = VECTOR('',#4681,1.);
#4681 = DIRECTION('',(0.,0.,1.));
#4682 = PLANE('',#4683);
#4683 = AXIS2_PLACEMENT_3D('',#4684,#4685,#4686);
#4684 = CARTESIAN_POINT('',(27.3,-41.,29.5));
#4685 = DIRECTION('',(0.,1.,0.));
#4686 = DIRECTION('',(0.,0.,1.));
#4687 = ADVANCED_FACE('',(#4688),#4698,.T.);
#4688 = FACE_BOUND('',#4689,.T.);
#4689 = EDGE_LOOP('',(#4690,#4691,#4692,#4693,#4694,#4695,#4696,#4697));
#4690 = ORIENTED_EDGE('',*,*,#4464,.F.);
#4691 = ORIENTED_EDGE('',*,*,#4677,.F.);
#4692 = ORIENTED_EDGE('',*,*,#4659,.T.);
#4693 = ORIENTED_EDGE('',*,*,#4626,.T.);
#4694 = ORIENTED_EDGE('',*,*,#4611,.T.);
#4695 = ORIENTED_EDGE('',*,*,#4578,.F.);
#4696 = ORIENTED_EDGE('',*,*,#4563,.T.);
#4697 = ORIENTED_EDGE('',*,*,#4540,.T.);
#4698 = PLANE('',#4699);
#4699 = AXIS2_PLACEMENT_3D('',#4700,#4701,#4702);
#4700 = CARTESIAN_POINT('',(72.7,-41.,29.5));
#4701 = DIRECTION('',(1.,0.,0.));
#4702 = DIRECTION('',(0.,0.,1.));
#4703 = ADVANCED_FACE('',(#4704),#4723,.F.);
#4704 = FACE_BOUND('',#4705,.F.);
#4705 = EDGE_LOOP('',(#4706,#4715,#4721,#4722));
#4706 = ORIENTED_EDGE('',*,*,#4707,.F.);
#4707 = EDGE_CURVE('',#4708,#4708,#4710,.T.);
#4708 = VERTEX_POINT('',#4709);
#4709 = CARTESIAN_POINT('',(38.75,-37.5,33.5));
#4710 = CIRCLE('',#4711,1.25);
#4711 = AXIS2_PLACEMENT_3D('',#4712,#4713,#4714);
#4712 = CARTESIAN_POINT('',(40.,-37.5,33.5));
#4713 = DIRECTION('',(0.,0.,-1.));
#4714 = DIRECTION('',(-1.,0.,0.));
#4715 = ORIENTED_EDGE('',*,*,#4716,.F.);
#4716 = EDGE_CURVE('',#4481,#4708,#4717,.T.);
#4717 = LINE('',#4718,#4719);
#4718 = CARTESIAN_POINT('',(38.75,-37.5,39.5));
#4719 = VECTOR('',#4720,1.);
#4720 = DIRECTION('',(0.,0.,-1.));
#4721 = ORIENTED_EDGE('',*,*,#4480,.T.);
#4722 = ORIENTED_EDGE('',*,*,#4716,.T.);
#4723 = CYLINDRICAL_SURFACE('',#4724,1.25);
#4724 = AXIS2_PLACEMENT_3D('',#4725,#4726,#4727);
#4725 = CARTESIAN_POINT('',(40.,-37.5,39.5));
#4726 = DIRECTION('',(0.,0.,-1.));
#4727 = DIRECTION('',(-1.,0.,0.));
#4728 = ADVANCED_FACE('',(#4729),#4748,.F.);
#4729 = FACE_BOUND('',#4730,.F.);
#4730 = EDGE_LOOP('',(#4731,#4740,#4746,#4747));
#4731 = ORIENTED_EDGE('',*,*,#4732,.F.);
#4732 = EDGE_CURVE('',#4733,#4733,#4735,.T.);
#4733 = VERTEX_POINT('',#4734);
#4734 = CARTESIAN_POINT('',(58.75,-37.5,33.5));
#4735 = CIRCLE('',#4736,1.25);
#4736 = AXIS2_PLACEMENT_3D('',#4737,#4738,#4739);
#4737 = CARTESIAN_POINT('',(60.,-37.5,33.5));
#4738 = DIRECTION('',(0.,0.,-1.));
#4739 = DIRECTION('',(-1.,0.,0.));
#4740 = ORIENTED_EDGE('',*,*,#4741,.F.);
#4741 = EDGE_CURVE('',#4492,#4733,#4742,.T.);
#4742 = LINE('',#4743,#4744);
#4743 = CARTESIAN_POINT('',(58.75,-37.5,39.5));
#4744 = VECTOR('',#4745,1.);
#4745 = DIRECTION('',(0.,0.,-1.));
#4746 = ORIENTED_EDGE('',*,*,#4491,.T.);
#4747 = ORIENTED_EDGE('',*,*,#4741,.T.);
#4748 = CYLINDRICAL_SURFACE('',#4749,1.25);
#4749 = AXIS2_PLACEMENT_3D('',#4750,#4751,#4752);
#4750 = CARTESIAN_POINT('',(60.,-37.5,39.5));
#4751 = DIRECTION('',(0.,0.,-1.));
#4752 = DIRECTION('',(-1.,0.,0.));
#4753 = ADVANCED_FACE('',(#4754),#4773,.F.);
#4754 = FACE_BOUND('',#4755,.F.);
#4755 = EDGE_LOOP('',(#4756,#4765,#4771,#4772));
#4756 = ORIENTED_EDGE('',*,*,#4757,.F.);
#4757 = EDGE_CURVE('',#4758,#4758,#4760,.T.);
#4758 = VERTEX_POINT('',#4759);
#4759 = CARTESIAN_POINT('',(38.75,-17.5,33.5));
#4760 = CIRCLE('',#4761,1.25);
#4761 = AXIS2_PLACEMENT_3D('',#4762,#4763,#4764);
#4762 = CARTESIAN_POINT('',(40.,-17.5,33.5));
#4763 = DIRECTION('',(0.,0.,-1.));
#4764 = DIRECTION('',(-1.,0.,0.));
#4765 = ORIENTED_EDGE('',*,*,#4766,.F.);
#4766 = EDGE_CURVE('',#4503,#4758,#4767,.T.);
#4767 = LINE('',#4768,#4769);
#4768 = CARTESIAN_POINT('',(38.75,-17.5,39.5));
#4769 = VECTOR('',#4770,1.);
#4770 = DIRECTION('',(0.,0.,-1.));
#4771 = ORIENTED_EDGE('',*,*,#4502,.T.);
#4772 = ORIENTED_EDGE('',*,*,#4766,.T.);
#4773 = CYLINDRICAL_SURFACE('',#4774,1.25);
#4774 = AXIS2_PLACEMENT_3D('',#4775,#4776,#4777);
#4775 = CARTESIAN_POINT('',(40.,-17.5,39.5));
#4776 = DIRECTION('',(0.,0.,-1.));
#4777 = DIRECTION('',(-1.,0.,0.));
#4778 = ADVANCED_FACE('',(#4779),#4798,.F.);
#4779 = FACE_BOUND('',#4780,.F.);
#4780 = EDGE_LOOP('',(#4781,#4790,#4796,#4797));
#4781 = ORIENTED_EDGE('',*,*,#4782,.F.);
#4782 = EDGE_CURVE('',#4783,#4783,#4785,.T.);
#4783 = VERTEX_POINT('',#4784);
#4784 = CARTESIAN_POINT('',(58.75,-17.5,33.5));
#4785 = CIRCLE('',#4786,1.25);
#4786 = AXIS2_PLACEMENT_3D('',#4787,#4788,#4789);
#4787 = CARTESIAN_POINT('',(60.,-17.5,33.5));
#4788 = DIRECTION('',(0.,0.,-1.));
#4789 = DIRECTION('',(-1.,0.,0.));
#4790 = ORIENTED_EDGE('',*,*,#4791,.F.);
#4791 = EDGE_CURVE('',#4514,#4783,#4792,.T.);
#4792 = LINE('',#4793,#4794);
#4793 = CARTESIAN_POINT('',(58.75,-17.5,39.5));
#4794 = VECTOR('',#4795,1.);
#4795 = DIRECTION('',(0.,0.,-1.));
#4796 = ORIENTED_EDGE('',*,*,#4513,.T.);
#4797 = ORIENTED_EDGE('',*,*,#4791,.T.);
#4798 = CYLINDRICAL_SURFACE('',#4799,1.25);
#4799 = AXIS2_PLACEMENT_3D('',#4800,#4801,#4802);
#4800 = CARTESIAN_POINT('',(60.,-17.5,39.5));
#4801 = DIRECTION('',(0.,0.,-1.));
#4802 = DIRECTION('',(-1.,0.,0.));
#4803 = ADVANCED_FACE('',(#4804),#4807,.F.);
#4804 = FACE_BOUND('',#4805,.F.);
#4805 = EDGE_LOOP('',(#4806));
#4806 = ORIENTED_EDGE('',*,*,#4707,.T.);
#4807 = PLANE('',#4808);
#4808 = AXIS2_PLACEMENT_3D('',#4809,#4810,#4811);
#4809 = CARTESIAN_POINT('',(40.,-37.5,33.5));
#4810 = DIRECTION('',(0.,0.,-1.));
#4811 = DIRECTION('',(-1.,0.,0.));
#4812 = ADVANCED_FACE('',(#4813),#4816,.F.);
#4813 = FACE_BOUND('',#4814,.F.);
#4814 = EDGE_LOOP('',(#4815));
#4815 = ORIENTED_EDGE('',*,*,#4732,.T.);
#4816 = PLANE('',#4817);
#4817 = AXIS2_PLACEMENT_3D('',#4818,#4819,#4820);
#4818 = CARTESIAN_POINT('',(60.,-37.5,33.5));
#4819 = DIRECTION('',(0.,0.,-1.));
#4820 = DIRECTION('',(-1.,0.,0.));
#4821 = ADVANCED_FACE('',(#4822),#4825,.F.);
#4822 = FACE_BOUND('',#4823,.F.);
#4823 = EDGE_LOOP('',(#4824));
#4824 = ORIENTED_EDGE('',*,*,#4757,.T.);
#4825 = PLANE('',#4826);
#4826 = AXIS2_PLACEMENT_3D('',#4827,#4828,#4829);
#4827 = CARTESIAN_POINT('',(40.,-17.5,33.5));
#4828 = DIRECTION('',(0.,0.,-1.));
#4829 = DIRECTION('',(-1.,0.,0.));
#4830 = ADVANCED_FACE('',(#4831),#4834,.F.);
#4831 = FACE_BOUND('',#4832,.F.);
#4832 = EDGE_LOOP('',(#4833));
#4833 = ORIENTED_EDGE('',*,*,#4782,.T.);
#4834 = PLANE('',#4835);
#4835 = AXIS2_PLACEMENT_3D('',#4836,#4837,#4838);
#4836 = CARTESIAN_POINT('',(60.,-17.5,33.5));
#4837 = DIRECTION('',(0.,0.,-1.));
#4838 = DIRECTION('',(-1.,0.,0.));
#4839 = MANIFOLD_SOLID_BREP('',#4840);
#4840 = CLOSED_SHELL('',(#4841,#4913,#4988,#5012,#5036,#5060,#5084,#5108
    ,#5132,#5149,#5165,#5190,#5215,#5240,#5265,#5274,#5283,#5292));
#4841 = ADVANCED_FACE('',(#4842),#4908,.F.);
#4842 = FACE_BOUND('',#4843,.F.);
#4843 = EDGE_LOOP('',(#4844,#4854,#4862,#4870,#4878,#4886,#4894,#4902));
#4844 = ORIENTED_EDGE('',*,*,#4845,.F.);
#4845 = EDGE_CURVE('',#4846,#4848,#4850,.T.);
#4846 = VERTEX_POINT('',#4847);
#4847 = CARTESIAN_POINT('',(77.3,14.,39.5));
#4848 = VERTEX_POINT('',#4849);
#4849 = CARTESIAN_POINT('',(77.3,41.,39.5));
#4850 = LINE('',#4851,#4852);
#4851 = CARTESIAN_POINT('',(77.3,14.,39.5));
#4852 = VECTOR('',#4853,1.);
#4853 = DIRECTION('',(0.,1.,0.));
#4854 = ORIENTED_EDGE('',*,*,#4855,.F.);
#4855 = EDGE_CURVE('',#4856,#4846,#4858,.T.);
#4856 = VERTEX_POINT('',#4857);
#4857 = CARTESIAN_POINT('',(77.3,14.,29.5));
#4858 = LINE('',#4859,#4860);
#4859 = CARTESIAN_POINT('',(77.3,14.,29.5));
#4860 = VECTOR('',#4861,1.);
#4861 = DIRECTION('',(0.,0.,1.));
#4862 = ORIENTED_EDGE('',*,*,#4863,.T.);
#4863 = EDGE_CURVE('',#4856,#4864,#4866,.T.);
#4864 = VERTEX_POINT('',#4865);
#4865 = CARTESIAN_POINT('',(77.3,21.1,29.5));
#4866 = LINE('',#4867,#4868);
#4867 = CARTESIAN_POINT('',(77.3,14.,29.5));
#4868 = VECTOR('',#4869,1.);
#4869 = DIRECTION('',(0.,1.,0.));
#4870 = ORIENTED_EDGE('',*,*,#4871,.T.);
#4871 = EDGE_CURVE('',#4864,#4872,#4874,.T.);
#4872 = VERTEX_POINT('',#4873);
#4873 = CARTESIAN_POINT('',(77.3,21.1,35.));
#4874 = LINE('',#4875,#4876);
#4875 = CARTESIAN_POINT('',(77.3,21.1,29.));
#4876 = VECTOR('',#4877,1.);
#4877 = DIRECTION('',(0.,0.,1.));
#4878 = ORIENTED_EDGE('',*,*,#4879,.T.);
#4879 = EDGE_CURVE('',#4872,#4880,#4882,.T.);
#4880 = VERTEX_POINT('',#4881);
#4881 = CARTESIAN_POINT('',(77.3,33.9,35.));
#4882 = LINE('',#4883,#4884);
#4883 = CARTESIAN_POINT('',(77.3,21.1,35.));
#4884 = VECTOR('',#4885,1.);
#4885 = DIRECTION('',(0.,1.,0.));
#4886 = ORIENTED_EDGE('',*,*,#4887,.F.);
#4887 = EDGE_CURVE('',#4888,#4880,#4890,.T.);
#4888 = VERTEX_POINT('',#4889);
#4889 = CARTESIAN_POINT('',(77.3,33.9,29.5));
#4890 = LINE('',#4891,#4892);
#4891 = CARTESIAN_POINT('',(77.3,33.9,29.));
#4892 = VECTOR('',#4893,1.);
#4893 = DIRECTION('',(0.,0.,1.));
#4894 = ORIENTED_EDGE('',*,*,#4895,.T.);
#4895 = EDGE_CURVE('',#4888,#4896,#4898,.T.);
#4896 = VERTEX_POINT('',#4897);
#4897 = CARTESIAN_POINT('',(77.3,41.,29.5));
#4898 = LINE('',#4899,#4900);
#4899 = CARTESIAN_POINT('',(77.3,14.,29.5));
#4900 = VECTOR('',#4901,1.);
#4901 = DIRECTION('',(0.,1.,0.));
#4902 = ORIENTED_EDGE('',*,*,#4903,.T.);
#4903 = EDGE_CURVE('',#4896,#4848,#4904,.T.);
#4904 = LINE('',#4905,#4906);
#4905 = CARTESIAN_POINT('',(77.3,41.,29.5));
#4906 = VECTOR('',#4907,1.);
#4907 = DIRECTION('',(0.,0.,1.));
#4908 = PLANE('',#4909);
#4909 = AXIS2_PLACEMENT_3D('',#4910,#4911,#4912);
#4910 = CARTESIAN_POINT('',(77.3,14.,29.5));
#4911 = DIRECTION('',(1.,0.,0.));
#4912 = DIRECTION('',(0.,0.,1.));
#4913 = ADVANCED_FACE('',(#4914,#4939,#4950,#4961,#4972),#4983,.T.);
#4914 = FACE_BOUND('',#4915,.T.);
#4915 = EDGE_LOOP('',(#4916,#4917,#4925,#4933));
#4916 = ORIENTED_EDGE('',*,*,#4845,.F.);
#4917 = ORIENTED_EDGE('',*,*,#4918,.T.);
#4918 = EDGE_CURVE('',#4846,#4919,#4921,.T.);
#4919 = VERTEX_POINT('',#4920);
#4920 = CARTESIAN_POINT('',(122.7,14.,39.5));
#4921 = LINE('',#4922,#4923);
#4922 = CARTESIAN_POINT('',(77.3,14.,39.5));
#4923 = VECTOR('',#4924,1.);
#4924 = DIRECTION('',(1.,0.,0.));
#4925 = ORIENTED_EDGE('',*,*,#4926,.T.);
#4926 = EDGE_CURVE('',#4919,#4927,#4929,.T.);
#4927 = VERTEX_POINT('',#4928);
#4928 = CARTESIAN_POINT('',(122.7,41.,39.5));
#4929 = LINE('',#4930,#4931);
#4930 = CARTESIAN_POINT('',(122.7,14.,39.5));
#4931 = VECTOR('',#4932,1.);
#4932 = DIRECTION('',(0.,1.,0.));
#4933 = ORIENTED_EDGE('',*,*,#4934,.F.);
#4934 = EDGE_CURVE('',#4848,#4927,#4935,.T.);
#4935 = LINE('',#4936,#4937);
#4936 = CARTESIAN_POINT('',(77.3,41.,39.5));
#4937 = VECTOR('',#4938,1.);
#4938 = DIRECTION('',(1.,0.,0.));
#4939 = FACE_BOUND('',#4940,.T.);
#4940 = EDGE_LOOP('',(#4941));
#4941 = ORIENTED_EDGE('',*,*,#4942,.T.);
#4942 = EDGE_CURVE('',#4943,#4943,#4945,.T.);
#4943 = VERTEX_POINT('',#4944);
#4944 = CARTESIAN_POINT('',(88.75,17.5,39.5));
#4945 = CIRCLE('',#4946,1.25);
#4946 = AXIS2_PLACEMENT_3D('',#4947,#4948,#4949);
#4947 = CARTESIAN_POINT('',(90.,17.5,39.5));
#4948 = DIRECTION('',(0.,0.,-1.));
#4949 = DIRECTION('',(-1.,0.,0.));
#4950 = FACE_BOUND('',#4951,.T.);
#4951 = EDGE_LOOP('',(#4952));
#4952 = ORIENTED_EDGE('',*,*,#4953,.T.);
#4953 = EDGE_CURVE('',#4954,#4954,#4956,.T.);
#4954 = VERTEX_POINT('',#4955);
#4955 = CARTESIAN_POINT('',(108.75,17.5,39.5));
#4956 = CIRCLE('',#4957,1.25);
#4957 = AXIS2_PLACEMENT_3D('',#4958,#4959,#4960);
#4958 = CARTESIAN_POINT('',(110.,17.5,39.5));
#4959 = DIRECTION('',(0.,0.,-1.));
#4960 = DIRECTION('',(-1.,0.,0.));
#4961 = FACE_BOUND('',#4962,.T.);
#4962 = EDGE_LOOP('',(#4963));
#4963 = ORIENTED_EDGE('',*,*,#4964,.T.);
#4964 = EDGE_CURVE('',#4965,#4965,#4967,.T.);
#4965 = VERTEX_POINT('',#4966);
#4966 = CARTESIAN_POINT('',(88.75,37.5,39.5));
#4967 = CIRCLE('',#4968,1.25);
#4968 = AXIS2_PLACEMENT_3D('',#4969,#4970,#4971);
#4969 = CARTESIAN_POINT('',(90.,37.5,39.5));
#4970 = DIRECTION('',(0.,0.,-1.));
#4971 = DIRECTION('',(-1.,0.,0.));
#4972 = FACE_BOUND('',#4973,.T.);
#4973 = EDGE_LOOP('',(#4974));
#4974 = ORIENTED_EDGE('',*,*,#4975,.T.);
#4975 = EDGE_CURVE('',#4976,#4976,#4978,.T.);
#4976 = VERTEX_POINT('',#4977);
#4977 = CARTESIAN_POINT('',(108.75,37.5,39.5));
#4978 = CIRCLE('',#4979,1.25);
#4979 = AXIS2_PLACEMENT_3D('',#4980,#4981,#4982);
#4980 = CARTESIAN_POINT('',(110.,37.5,39.5));
#4981 = DIRECTION('',(0.,0.,-1.));
#4982 = DIRECTION('',(-1.,0.,0.));
#4983 = PLANE('',#4984);
#4984 = AXIS2_PLACEMENT_3D('',#4985,#4986,#4987);
#4985 = CARTESIAN_POINT('',(77.3,14.,39.5));
#4986 = DIRECTION('',(0.,0.,1.));
#4987 = DIRECTION('',(1.,0.,0.));
#4988 = ADVANCED_FACE('',(#4989),#5007,.T.);
#4989 = FACE_BOUND('',#4990,.T.);
#4990 = EDGE_LOOP('',(#4991,#4999,#5000,#5001));
#4991 = ORIENTED_EDGE('',*,*,#4992,.F.);
#4992 = EDGE_CURVE('',#4896,#4993,#4995,.T.);
#4993 = VERTEX_POINT('',#4994);
#4994 = CARTESIAN_POINT('',(122.7,41.,29.5));
#4995 = LINE('',#4996,#4997);
#4996 = CARTESIAN_POINT('',(77.3,41.,29.5));
#4997 = VECTOR('',#4998,1.);
#4998 = DIRECTION('',(1.,0.,0.));
#4999 = ORIENTED_EDGE('',*,*,#4903,.T.);
#5000 = ORIENTED_EDGE('',*,*,#4934,.T.);
#5001 = ORIENTED_EDGE('',*,*,#5002,.F.);
#5002 = EDGE_CURVE('',#4993,#4927,#5003,.T.);
#5003 = LINE('',#5004,#5005);
#5004 = CARTESIAN_POINT('',(122.7,41.,29.5));
#5005 = VECTOR('',#5006,1.);
#5006 = DIRECTION('',(0.,0.,1.));
#5007 = PLANE('',#5008);
#5008 = AXIS2_PLACEMENT_3D('',#5009,#5010,#5011);
#5009 = CARTESIAN_POINT('',(77.3,41.,29.5));
#5010 = DIRECTION('',(0.,1.,0.));
#5011 = DIRECTION('',(0.,0.,1.));
#5012 = ADVANCED_FACE('',(#5013),#5031,.F.);
#5013 = FACE_BOUND('',#5014,.F.);
#5014 = EDGE_LOOP('',(#5015,#5016,#5024,#5030));
#5015 = ORIENTED_EDGE('',*,*,#4895,.F.);
#5016 = ORIENTED_EDGE('',*,*,#5017,.F.);
#5017 = EDGE_CURVE('',#5018,#4888,#5020,.T.);
#5018 = VERTEX_POINT('',#5019);
#5019 = CARTESIAN_POINT('',(122.7,33.9,29.5));
#5020 = LINE('',#5021,#5022);
#5021 = CARTESIAN_POINT('',(77.3,33.9,29.5));
#5022 = VECTOR('',#5023,1.);
#5023 = DIRECTION('',(-1.,0.,0.));
#5024 = ORIENTED_EDGE('',*,*,#5025,.T.);
#5025 = EDGE_CURVE('',#5018,#4993,#5026,.T.);
#5026 = LINE('',#5027,#5028);
#5027 = CARTESIAN_POINT('',(122.7,14.,29.5));
#5028 = VECTOR('',#5029,1.);
#5029 = DIRECTION('',(0.,1.,0.));
#5030 = ORIENTED_EDGE('',*,*,#4992,.F.);
#5031 = PLANE('',#5032);
#5032 = AXIS2_PLACEMENT_3D('',#5033,#5034,#5035);
#5033 = CARTESIAN_POINT('',(77.3,14.,29.5));
#5034 = DIRECTION('',(0.,0.,1.));
#5035 = DIRECTION('',(1.,0.,0.));
#5036 = ADVANCED_FACE('',(#5037),#5055,.F.);
#5037 = FACE_BOUND('',#5038,.F.);
#5038 = EDGE_LOOP('',(#5039,#5047,#5048,#5049));
#5039 = ORIENTED_EDGE('',*,*,#5040,.F.);
#5040 = EDGE_CURVE('',#5018,#5041,#5043,.T.);
#5041 = VERTEX_POINT('',#5042);
#5042 = CARTESIAN_POINT('',(122.7,33.9,35.));
#5043 = LINE('',#5044,#5045);
#5044 = CARTESIAN_POINT('',(122.7,33.9,29.));
#5045 = VECTOR('',#5046,1.);
#5046 = DIRECTION('',(0.,0.,1.));
#5047 = ORIENTED_EDGE('',*,*,#5017,.T.);
#5048 = ORIENTED_EDGE('',*,*,#4887,.T.);
#5049 = ORIENTED_EDGE('',*,*,#5050,.T.);
#5050 = EDGE_CURVE('',#4880,#5041,#5051,.T.);
#5051 = LINE('',#5052,#5053);
#5052 = CARTESIAN_POINT('',(77.3,33.9,35.));
#5053 = VECTOR('',#5054,1.);
#5054 = DIRECTION('',(1.,0.,0.));
#5055 = PLANE('',#5056);
#5056 = AXIS2_PLACEMENT_3D('',#5057,#5058,#5059);
#5057 = CARTESIAN_POINT('',(77.3,33.9,29.));
#5058 = DIRECTION('',(0.,1.,0.));
#5059 = DIRECTION('',(0.,0.,1.));
#5060 = ADVANCED_FACE('',(#5061),#5079,.F.);
#5061 = FACE_BOUND('',#5062,.F.);
#5062 = EDGE_LOOP('',(#5063,#5064,#5072,#5078));
#5063 = ORIENTED_EDGE('',*,*,#4879,.F.);
#5064 = ORIENTED_EDGE('',*,*,#5065,.T.);
#5065 = EDGE_CURVE('',#4872,#5066,#5068,.T.);
#5066 = VERTEX_POINT('',#5067);
#5067 = CARTESIAN_POINT('',(122.7,21.1,35.));
#5068 = LINE('',#5069,#5070);
#5069 = CARTESIAN_POINT('',(77.3,21.1,35.));
#5070 = VECTOR('',#5071,1.);
#5071 = DIRECTION('',(1.,0.,0.));
#5072 = ORIENTED_EDGE('',*,*,#5073,.T.);
#5073 = EDGE_CURVE('',#5066,#5041,#5074,.T.);
#5074 = LINE('',#5075,#5076);
#5075 = CARTESIAN_POINT('',(122.7,21.1,35.));
#5076 = VECTOR('',#5077,1.);
#5077 = DIRECTION('',(0.,1.,0.));
#5078 = ORIENTED_EDGE('',*,*,#5050,.F.);
#5079 = PLANE('',#5080);
#5080 = AXIS2_PLACEMENT_3D('',#5081,#5082,#5083);
#5081 = CARTESIAN_POINT('',(77.3,21.1,35.));
#5082 = DIRECTION('',(0.,0.,1.));
#5083 = DIRECTION('',(1.,0.,0.));
#5084 = ADVANCED_FACE('',(#5085),#5103,.T.);
#5085 = FACE_BOUND('',#5086,.T.);
#5086 = EDGE_LOOP('',(#5087,#5095,#5101,#5102));
#5087 = ORIENTED_EDGE('',*,*,#5088,.F.);
#5088 = EDGE_CURVE('',#5089,#5066,#5091,.T.);
#5089 = VERTEX_POINT('',#5090);
#5090 = CARTESIAN_POINT('',(122.7,21.1,29.5));
#5091 = LINE('',#5092,#5093);
#5092 = CARTESIAN_POINT('',(122.7,21.1,29.));
#5093 = VECTOR('',#5094,1.);
#5094 = DIRECTION('',(0.,0.,1.));
#5095 = ORIENTED_EDGE('',*,*,#5096,.T.);
#5096 = EDGE_CURVE('',#5089,#4864,#5097,.T.);
#5097 = LINE('',#5098,#5099);
#5098 = CARTESIAN_POINT('',(77.3,21.1,29.5));
#5099 = VECTOR('',#5100,1.);
#5100 = DIRECTION('',(-1.,0.,0.));
#5101 = ORIENTED_EDGE('',*,*,#4871,.T.);
#5102 = ORIENTED_EDGE('',*,*,#5065,.T.);
#5103 = PLANE('',#5104);
#5104 = AXIS2_PLACEMENT_3D('',#5105,#5106,#5107);
#5105 = CARTESIAN_POINT('',(77.3,21.1,29.));
#5106 = DIRECTION('',(0.,1.,0.));
#5107 = DIRECTION('',(0.,0.,1.));
#5108 = ADVANCED_FACE('',(#5109),#5127,.F.);
#5109 = FACE_BOUND('',#5110,.F.);
#5110 = EDGE_LOOP('',(#5111,#5112,#5120,#5126));
#5111 = ORIENTED_EDGE('',*,*,#4863,.F.);
#5112 = ORIENTED_EDGE('',*,*,#5113,.T.);
#5113 = EDGE_CURVE('',#4856,#5114,#5116,.T.);
#5114 = VERTEX_POINT('',#5115);
#5115 = CARTESIAN_POINT('',(122.7,14.,29.5));
#5116 = LINE('',#5117,#5118);
#5117 = CARTESIAN_POINT('',(77.3,14.,29.5));
#5118 = VECTOR('',#5119,1.);
#5119 = DIRECTION('',(1.,0.,0.));
#5120 = ORIENTED_EDGE('',*,*,#5121,.T.);
#5121 = EDGE_CURVE('',#5114,#5089,#5122,.T.);
#5122 = LINE('',#5123,#5124);
#5123 = CARTESIAN_POINT('',(122.7,14.,29.5));
#5124 = VECTOR('',#5125,1.);
#5125 = DIRECTION('',(0.,1.,0.));
#5126 = ORIENTED_EDGE('',*,*,#5096,.T.);
#5127 = PLANE('',#5128);
#5128 = AXIS2_PLACEMENT_3D('',#5129,#5130,#5131);
#5129 = CARTESIAN_POINT('',(77.3,14.,29.5));
#5130 = DIRECTION('',(0.,0.,1.));
#5131 = DIRECTION('',(1.,0.,0.));
#5132 = ADVANCED_FACE('',(#5133),#5144,.F.);
#5133 = FACE_BOUND('',#5134,.F.);
#5134 = EDGE_LOOP('',(#5135,#5136,#5137,#5138));
#5135 = ORIENTED_EDGE('',*,*,#5113,.F.);
#5136 = ORIENTED_EDGE('',*,*,#4855,.T.);
#5137 = ORIENTED_EDGE('',*,*,#4918,.T.);
#5138 = ORIENTED_EDGE('',*,*,#5139,.F.);
#5139 = EDGE_CURVE('',#5114,#4919,#5140,.T.);
#5140 = LINE('',#5141,#5142);
#5141 = CARTESIAN_POINT('',(122.7,14.,29.5));
#5142 = VECTOR('',#5143,1.);
#5143 = DIRECTION('',(0.,0.,1.));
#5144 = PLANE('',#5145);
#5145 = AXIS2_PLACEMENT_3D('',#5146,#5147,#5148);
#5146 = CARTESIAN_POINT('',(77.3,14.,29.5));
#5147 = DIRECTION('',(0.,1.,0.));
#5148 = DIRECTION('',(0.,0.,1.));
#5149 = ADVANCED_FACE('',(#5150),#5160,.T.);
#5150 = FACE_BOUND('',#5151,.T.);
#5151 = EDGE_LOOP('',(#5152,#5153,#5154,#5155,#5156,#5157,#5158,#5159));
#5152 = ORIENTED_EDGE('',*,*,#4926,.F.);
#5153 = ORIENTED_EDGE('',*,*,#5139,.F.);
#5154 = ORIENTED_EDGE('',*,*,#5121,.T.);
#5155 = ORIENTED_EDGE('',*,*,#5088,.T.);
#5156 = ORIENTED_EDGE('',*,*,#5073,.T.);
#5157 = ORIENTED_EDGE('',*,*,#5040,.F.);
#5158 = ORIENTED_EDGE('',*,*,#5025,.T.);
#5159 = ORIENTED_EDGE('',*,*,#5002,.T.);
#5160 = PLANE('',#5161);
#5161 = AXIS2_PLACEMENT_3D('',#5162,#5163,#5164);
#5162 = CARTESIAN_POINT('',(122.7,14.,29.5));
#5163 = DIRECTION('',(1.,0.,0.));
#5164 = DIRECTION('',(0.,0.,1.));
#5165 = ADVANCED_FACE('',(#5166),#5185,.F.);
#5166 = FACE_BOUND('',#5167,.F.);
#5167 = EDGE_LOOP('',(#5168,#5177,#5183,#5184));
#5168 = ORIENTED_EDGE('',*,*,#5169,.F.);
#5169 = EDGE_CURVE('',#5170,#5170,#5172,.T.);
#5170 = VERTEX_POINT('',#5171);
#5171 = CARTESIAN_POINT('',(88.75,17.5,33.5));
#5172 = CIRCLE('',#5173,1.25);
#5173 = AXIS2_PLACEMENT_3D('',#5174,#5175,#5176);
#5174 = CARTESIAN_POINT('',(90.,17.5,33.5));
#5175 = DIRECTION('',(0.,0.,-1.));
#5176 = DIRECTION('',(-1.,0.,0.));
#5177 = ORIENTED_EDGE('',*,*,#5178,.F.);
#5178 = EDGE_CURVE('',#4943,#5170,#5179,.T.);
#5179 = LINE('',#5180,#5181);
#5180 = CARTESIAN_POINT('',(88.75,17.5,39.5));
#5181 = VECTOR('',#5182,1.);
#5182 = DIRECTION('',(0.,0.,-1.));
#5183 = ORIENTED_EDGE('',*,*,#4942,.T.);
#5184 = ORIENTED_EDGE('',*,*,#5178,.T.);
#5185 = CYLINDRICAL_SURFACE('',#5186,1.25);
#5186 = AXIS2_PLACEMENT_3D('',#5187,#5188,#5189);
#5187 = CARTESIAN_POINT('',(90.,17.5,39.5));
#5188 = DIRECTION('',(0.,0.,-1.));
#5189 = DIRECTION('',(-1.,0.,0.));
#5190 = ADVANCED_FACE('',(#5191),#5210,.F.);
#5191 = FACE_BOUND('',#5192,.F.);
#5192 = EDGE_LOOP('',(#5193,#5202,#5208,#5209));
#5193 = ORIENTED_EDGE('',*,*,#5194,.F.);
#5194 = EDGE_CURVE('',#5195,#5195,#5197,.T.);
#5195 = VERTEX_POINT('',#5196);
#5196 = CARTESIAN_POINT('',(108.75,17.5,33.5));
#5197 = CIRCLE('',#5198,1.25);
#5198 = AXIS2_PLACEMENT_3D('',#5199,#5200,#5201);
#5199 = CARTESIAN_POINT('',(110.,17.5,33.5));
#5200 = DIRECTION('',(0.,0.,-1.));
#5201 = DIRECTION('',(-1.,0.,0.));
#5202 = ORIENTED_EDGE('',*,*,#5203,.F.);
#5203 = EDGE_CURVE('',#4954,#5195,#5204,.T.);
#5204 = LINE('',#5205,#5206);
#5205 = CARTESIAN_POINT('',(108.75,17.5,39.5));
#5206 = VECTOR('',#5207,1.);
#5207 = DIRECTION('',(0.,0.,-1.));
#5208 = ORIENTED_EDGE('',*,*,#4953,.T.);
#5209 = ORIENTED_EDGE('',*,*,#5203,.T.);
#5210 = CYLINDRICAL_SURFACE('',#5211,1.25);
#5211 = AXIS2_PLACEMENT_3D('',#5212,#5213,#5214);
#5212 = CARTESIAN_POINT('',(110.,17.5,39.5));
#5213 = DIRECTION('',(0.,0.,-1.));
#5214 = DIRECTION('',(-1.,0.,0.));
#5215 = ADVANCED_FACE('',(#5216),#5235,.F.);
#5216 = FACE_BOUND('',#5217,.F.);
#5217 = EDGE_LOOP('',(#5218,#5227,#5233,#5234));
#5218 = ORIENTED_EDGE('',*,*,#5219,.F.);
#5219 = EDGE_CURVE('',#5220,#5220,#5222,.T.);
#5220 = VERTEX_POINT('',#5221);
#5221 = CARTESIAN_POINT('',(88.75,37.5,33.5));
#5222 = CIRCLE('',#5223,1.25);
#5223 = AXIS2_PLACEMENT_3D('',#5224,#5225,#5226);
#5224 = CARTESIAN_POINT('',(90.,37.5,33.5));
#5225 = DIRECTION('',(0.,0.,-1.));
#5226 = DIRECTION('',(-1.,0.,0.));
#5227 = ORIENTED_EDGE('',*,*,#5228,.F.);
#5228 = EDGE_CURVE('',#4965,#5220,#5229,.T.);
#5229 = LINE('',#5230,#5231);
#5230 = CARTESIAN_POINT('',(88.75,37.5,39.5));
#5231 = VECTOR('',#5232,1.);
#5232 = DIRECTION('',(0.,0.,-1.));
#5233 = ORIENTED_EDGE('',*,*,#4964,.T.);
#5234 = ORIENTED_EDGE('',*,*,#5228,.T.);
#5235 = CYLINDRICAL_SURFACE('',#5236,1.25);
#5236 = AXIS2_PLACEMENT_3D('',#5237,#5238,#5239);
#5237 = CARTESIAN_POINT('',(90.,37.5,39.5));
#5238 = DIRECTION('',(0.,0.,-1.));
#5239 = DIRECTION('',(-1.,0.,0.));
#5240 = ADVANCED_FACE('',(#5241),#5260,.F.);
#5241 = FACE_BOUND('',#5242,.F.);
#5242 = EDGE_LOOP('',(#5243,#5252,#5258,#5259));
#5243 = ORIENTED_EDGE('',*,*,#5244,.F.);
#5244 = EDGE_CURVE('',#5245,#5245,#5247,.T.);
#5245 = VERTEX_POINT('',#5246);
#5246 = CARTESIAN_POINT('',(108.75,37.5,33.5));
#5247 = CIRCLE('',#5248,1.25);
#5248 = AXIS2_PLACEMENT_3D('',#5249,#5250,#5251);
#5249 = CARTESIAN_POINT('',(110.,37.5,33.5));
#5250 = DIRECTION('',(0.,0.,-1.));
#5251 = DIRECTION('',(-1.,0.,0.));
#5252 = ORIENTED_EDGE('',*,*,#5253,.F.);
#5253 = EDGE_CURVE('',#4976,#5245,#5254,.T.);
#5254 = LINE('',#5255,#5256);
#5255 = CARTESIAN_POINT('',(108.75,37.5,39.5));
#5256 = VECTOR('',#5257,1.);
#5257 = DIRECTION('',(0.,0.,-1.));
#5258 = ORIENTED_EDGE('',*,*,#4975,.T.);
#5259 = ORIENTED_EDGE('',*,*,#5253,.T.);
#5260 = CYLINDRICAL_SURFACE('',#5261,1.25);
#5261 = AXIS2_PLACEMENT_3D('',#5262,#5263,#5264);
#5262 = CARTESIAN_POINT('',(110.,37.5,39.5));
#5263 = DIRECTION('',(0.,0.,-1.));
#5264 = DIRECTION('',(-1.,0.,0.));
#5265 = ADVANCED_FACE('',(#5266),#5269,.F.);
#5266 = FACE_BOUND('',#5267,.F.);
#5267 = EDGE_LOOP('',(#5268));
#5268 = ORIENTED_EDGE('',*,*,#5169,.T.);
#5269 = PLANE('',#5270);
#5270 = AXIS2_PLACEMENT_3D('',#5271,#5272,#5273);
#5271 = CARTESIAN_POINT('',(90.,17.5,33.5));
#5272 = DIRECTION('',(0.,0.,-1.));
#5273 = DIRECTION('',(-1.,0.,0.));
#5274 = ADVANCED_FACE('',(#5275),#5278,.F.);
#5275 = FACE_BOUND('',#5276,.F.);
#5276 = EDGE_LOOP('',(#5277));
#5277 = ORIENTED_EDGE('',*,*,#5194,.T.);
#5278 = PLANE('',#5279);
#5279 = AXIS2_PLACEMENT_3D('',#5280,#5281,#5282);
#5280 = CARTESIAN_POINT('',(110.,17.5,33.5));
#5281 = DIRECTION('',(0.,0.,-1.));
#5282 = DIRECTION('',(-1.,0.,0.));
#5283 = ADVANCED_FACE('',(#5284),#5287,.F.);
#5284 = FACE_BOUND('',#5285,.F.);
#5285 = EDGE_LOOP('',(#5286));
#5286 = ORIENTED_EDGE('',*,*,#5219,.T.);
#5287 = PLANE('',#5288);
#5288 = AXIS2_PLACEMENT_3D('',#5289,#5290,#5291);
#5289 = CARTESIAN_POINT('',(90.,37.5,33.5));
#5290 = DIRECTION('',(0.,0.,-1.));
#5291 = DIRECTION('',(-1.,0.,0.));
#5292 = ADVANCED_FACE('',(#5293),#5296,.F.);
#5293 = FACE_BOUND('',#5294,.F.);
#5294 = EDGE_LOOP('',(#5295));
#5295 = ORIENTED_EDGE('',*,*,#5244,.T.);
#5296 = PLANE('',#5297);
#5297 = AXIS2_PLACEMENT_3D('',#5298,#5299,#5300);
#5298 = CARTESIAN_POINT('',(110.,37.5,33.5));
#5299 = DIRECTION('',(0.,0.,-1.));
#5300 = DIRECTION('',(-1.,0.,0.));
#5301 = MANIFOLD_SOLID_BREP('',#5302);
#5302 = CLOSED_SHELL('',(#5303,#5375,#5450,#5474,#5498,#5522,#5546,#5570
    ,#5594,#5611,#5627,#5652,#5677,#5702,#5727,#5736,#5745,#5754));
#5303 = ADVANCED_FACE('',(#5304),#5370,.F.);
#5304 = FACE_BOUND('',#5305,.F.);
#5305 = EDGE_LOOP('',(#5306,#5316,#5324,#5332,#5340,#5348,#5356,#5364));
#5306 = ORIENTED_EDGE('',*,*,#5307,.F.);
#5307 = EDGE_CURVE('',#5308,#5310,#5312,.T.);
#5308 = VERTEX_POINT('',#5309);
#5309 = CARTESIAN_POINT('',(77.3,-41.,39.5));
#5310 = VERTEX_POINT('',#5311);
#5311 = CARTESIAN_POINT('',(77.3,-14.,39.5));
#5312 = LINE('',#5313,#5314);
#5313 = CARTESIAN_POINT('',(77.3,-41.,39.5));
#5314 = VECTOR('',#5315,1.);
#5315 = DIRECTION('',(0.,1.,0.));
#5316 = ORIENTED_EDGE('',*,*,#5317,.F.);
#5317 = EDGE_CURVE('',#5318,#5308,#5320,.T.);
#5318 = VERTEX_POINT('',#5319);
#5319 = CARTESIAN_POINT('',(77.3,-41.,29.5));
#5320 = LINE('',#5321,#5322);
#5321 = CARTESIAN_POINT('',(77.3,-41.,29.5));
#5322 = VECTOR('',#5323,1.);
#5323 = DIRECTION('',(0.,0.,1.));
#5324 = ORIENTED_EDGE('',*,*,#5325,.T.);
#5325 = EDGE_CURVE('',#5318,#5326,#5328,.T.);
#5326 = VERTEX_POINT('',#5327);
#5327 = CARTESIAN_POINT('',(77.3,-33.9,29.5));
#5328 = LINE('',#5329,#5330);
#5329 = CARTESIAN_POINT('',(77.3,-41.,29.5));
#5330 = VECTOR('',#5331,1.);
#5331 = DIRECTION('',(0.,1.,0.));
#5332 = ORIENTED_EDGE('',*,*,#5333,.T.);
#5333 = EDGE_CURVE('',#5326,#5334,#5336,.T.);
#5334 = VERTEX_POINT('',#5335);
#5335 = CARTESIAN_POINT('',(77.3,-33.9,35.));
#5336 = LINE('',#5337,#5338);
#5337 = CARTESIAN_POINT('',(77.3,-33.9,29.));
#5338 = VECTOR('',#5339,1.);
#5339 = DIRECTION('',(0.,0.,1.));
#5340 = ORIENTED_EDGE('',*,*,#5341,.T.);
#5341 = EDGE_CURVE('',#5334,#5342,#5344,.T.);
#5342 = VERTEX_POINT('',#5343);
#5343 = CARTESIAN_POINT('',(77.3,-21.1,35.));
#5344 = LINE('',#5345,#5346);
#5345 = CARTESIAN_POINT('',(77.3,-33.9,35.));
#5346 = VECTOR('',#5347,1.);
#5347 = DIRECTION('',(0.,1.,0.));
#5348 = ORIENTED_EDGE('',*,*,#5349,.F.);
#5349 = EDGE_CURVE('',#5350,#5342,#5352,.T.);
#5350 = VERTEX_POINT('',#5351);
#5351 = CARTESIAN_POINT('',(77.3,-21.1,29.5));
#5352 = LINE('',#5353,#5354);
#5353 = CARTESIAN_POINT('',(77.3,-21.1,29.));
#5354 = VECTOR('',#5355,1.);
#5355 = DIRECTION('',(0.,0.,1.));
#5356 = ORIENTED_EDGE('',*,*,#5357,.T.);
#5357 = EDGE_CURVE('',#5350,#5358,#5360,.T.);
#5358 = VERTEX_POINT('',#5359);
#5359 = CARTESIAN_POINT('',(77.3,-14.,29.5));
#5360 = LINE('',#5361,#5362);
#5361 = CARTESIAN_POINT('',(77.3,-41.,29.5));
#5362 = VECTOR('',#5363,1.);
#5363 = DIRECTION('',(0.,1.,0.));
#5364 = ORIENTED_EDGE('',*,*,#5365,.T.);
#5365 = EDGE_CURVE('',#5358,#5310,#5366,.T.);
#5366 = LINE('',#5367,#5368);
#5367 = CARTESIAN_POINT('',(77.3,-14.,29.5));
#5368 = VECTOR('',#5369,1.);
#5369 = DIRECTION('',(0.,0.,1.));
#5370 = PLANE('',#5371);
#5371 = AXIS2_PLACEMENT_3D('',#5372,#5373,#5374);
#5372 = CARTESIAN_POINT('',(77.3,-41.,29.5));
#5373 = DIRECTION('',(1.,0.,0.));
#5374 = DIRECTION('',(0.,0.,1.));
#5375 = ADVANCED_FACE('',(#5376,#5401,#5412,#5423,#5434),#5445,.T.);
#5376 = FACE_BOUND('',#5377,.T.);
#5377 = EDGE_LOOP('',(#5378,#5379,#5387,#5395));
#5378 = ORIENTED_EDGE('',*,*,#5307,.F.);
#5379 = ORIENTED_EDGE('',*,*,#5380,.T.);
#5380 = EDGE_CURVE('',#5308,#5381,#5383,.T.);
#5381 = VERTEX_POINT('',#5382);
#5382 = CARTESIAN_POINT('',(122.7,-41.,39.5));
#5383 = LINE('',#5384,#5385);
#5384 = CARTESIAN_POINT('',(77.3,-41.,39.5));
#5385 = VECTOR('',#5386,1.);
#5386 = DIRECTION('',(1.,0.,0.));
#5387 = ORIENTED_EDGE('',*,*,#5388,.T.);
#5388 = EDGE_CURVE('',#5381,#5389,#5391,.T.);
#5389 = VERTEX_POINT('',#5390);
#5390 = CARTESIAN_POINT('',(122.7,-14.,39.5));
#5391 = LINE('',#5392,#5393);
#5392 = CARTESIAN_POINT('',(122.7,-41.,39.5));
#5393 = VECTOR('',#5394,1.);
#5394 = DIRECTION('',(0.,1.,0.));
#5395 = ORIENTED_EDGE('',*,*,#5396,.F.);
#5396 = EDGE_CURVE('',#5310,#5389,#5397,.T.);
#5397 = LINE('',#5398,#5399);
#5398 = CARTESIAN_POINT('',(77.3,-14.,39.5));
#5399 = VECTOR('',#5400,1.);
#5400 = DIRECTION('',(1.,0.,0.));
#5401 = FACE_BOUND('',#5402,.T.);
#5402 = EDGE_LOOP('',(#5403));
#5403 = ORIENTED_EDGE('',*,*,#5404,.T.);
#5404 = EDGE_CURVE('',#5405,#5405,#5407,.T.);
#5405 = VERTEX_POINT('',#5406);
#5406 = CARTESIAN_POINT('',(88.75,-37.5,39.5));
#5407 = CIRCLE('',#5408,1.25);
#5408 = AXIS2_PLACEMENT_3D('',#5409,#5410,#5411);
#5409 = CARTESIAN_POINT('',(90.,-37.5,39.5));
#5410 = DIRECTION('',(0.,0.,-1.));
#5411 = DIRECTION('',(-1.,0.,0.));
#5412 = FACE_BOUND('',#5413,.T.);
#5413 = EDGE_LOOP('',(#5414));
#5414 = ORIENTED_EDGE('',*,*,#5415,.T.);
#5415 = EDGE_CURVE('',#5416,#5416,#5418,.T.);
#5416 = VERTEX_POINT('',#5417);
#5417 = CARTESIAN_POINT('',(108.75,-37.5,39.5));
#5418 = CIRCLE('',#5419,1.25);
#5419 = AXIS2_PLACEMENT_3D('',#5420,#5421,#5422);
#5420 = CARTESIAN_POINT('',(110.,-37.5,39.5));
#5421 = DIRECTION('',(0.,0.,-1.));
#5422 = DIRECTION('',(-1.,0.,0.));
#5423 = FACE_BOUND('',#5424,.T.);
#5424 = EDGE_LOOP('',(#5425));
#5425 = ORIENTED_EDGE('',*,*,#5426,.T.);
#5426 = EDGE_CURVE('',#5427,#5427,#5429,.T.);
#5427 = VERTEX_POINT('',#5428);
#5428 = CARTESIAN_POINT('',(88.75,-17.5,39.5));
#5429 = CIRCLE('',#5430,1.25);
#5430 = AXIS2_PLACEMENT_3D('',#5431,#5432,#5433);
#5431 = CARTESIAN_POINT('',(90.,-17.5,39.5));
#5432 = DIRECTION('',(0.,0.,-1.));
#5433 = DIRECTION('',(-1.,0.,0.));
#5434 = FACE_BOUND('',#5435,.T.);
#5435 = EDGE_LOOP('',(#5436));
#5436 = ORIENTED_EDGE('',*,*,#5437,.T.);
#5437 = EDGE_CURVE('',#5438,#5438,#5440,.T.);
#5438 = VERTEX_POINT('',#5439);
#5439 = CARTESIAN_POINT('',(108.75,-17.5,39.5));
#5440 = CIRCLE('',#5441,1.25);
#5441 = AXIS2_PLACEMENT_3D('',#5442,#5443,#5444);
#5442 = CARTESIAN_POINT('',(110.,-17.5,39.5));
#5443 = DIRECTION('',(0.,0.,-1.));
#5444 = DIRECTION('',(-1.,0.,0.));
#5445 = PLANE('',#5446);
#5446 = AXIS2_PLACEMENT_3D('',#5447,#5448,#5449);
#5447 = CARTESIAN_POINT('',(77.3,-41.,39.5));
#5448 = DIRECTION('',(0.,0.,1.));
#5449 = DIRECTION('',(1.,0.,0.));
#5450 = ADVANCED_FACE('',(#5451),#5469,.T.);
#5451 = FACE_BOUND('',#5452,.T.);
#5452 = EDGE_LOOP('',(#5453,#5461,#5462,#5463));
#5453 = ORIENTED_EDGE('',*,*,#5454,.F.);
#5454 = EDGE_CURVE('',#5358,#5455,#5457,.T.);
#5455 = VERTEX_POINT('',#5456);
#5456 = CARTESIAN_POINT('',(122.7,-14.,29.5));
#5457 = LINE('',#5458,#5459);
#5458 = CARTESIAN_POINT('',(77.3,-14.,29.5));
#5459 = VECTOR('',#5460,1.);
#5460 = DIRECTION('',(1.,0.,0.));
#5461 = ORIENTED_EDGE('',*,*,#5365,.T.);
#5462 = ORIENTED_EDGE('',*,*,#5396,.T.);
#5463 = ORIENTED_EDGE('',*,*,#5464,.F.);
#5464 = EDGE_CURVE('',#5455,#5389,#5465,.T.);
#5465 = LINE('',#5466,#5467);
#5466 = CARTESIAN_POINT('',(122.7,-14.,29.5));
#5467 = VECTOR('',#5468,1.);
#5468 = DIRECTION('',(0.,0.,1.));
#5469 = PLANE('',#5470);
#5470 = AXIS2_PLACEMENT_3D('',#5471,#5472,#5473);
#5471 = CARTESIAN_POINT('',(77.3,-14.,29.5));
#5472 = DIRECTION('',(0.,1.,0.));
#5473 = DIRECTION('',(0.,0.,1.));
#5474 = ADVANCED_FACE('',(#5475),#5493,.F.);
#5475 = FACE_BOUND('',#5476,.F.);
#5476 = EDGE_LOOP('',(#5477,#5478,#5486,#5492));
#5477 = ORIENTED_EDGE('',*,*,#5357,.F.);
#5478 = ORIENTED_EDGE('',*,*,#5479,.F.);
#5479 = EDGE_CURVE('',#5480,#5350,#5482,.T.);
#5480 = VERTEX_POINT('',#5481);
#5481 = CARTESIAN_POINT('',(122.7,-21.1,29.5));
#5482 = LINE('',#5483,#5484);
#5483 = CARTESIAN_POINT('',(77.3,-21.1,29.5));
#5484 = VECTOR('',#5485,1.);
#5485 = DIRECTION('',(-1.,0.,0.));
#5486 = ORIENTED_EDGE('',*,*,#5487,.T.);
#5487 = EDGE_CURVE('',#5480,#5455,#5488,.T.);
#5488 = LINE('',#5489,#5490);
#5489 = CARTESIAN_POINT('',(122.7,-41.,29.5));
#5490 = VECTOR('',#5491,1.);
#5491 = DIRECTION('',(0.,1.,0.));
#5492 = ORIENTED_EDGE('',*,*,#5454,.F.);
#5493 = PLANE('',#5494);
#5494 = AXIS2_PLACEMENT_3D('',#5495,#5496,#5497);
#5495 = CARTESIAN_POINT('',(77.3,-41.,29.5));
#5496 = DIRECTION('',(0.,0.,1.));
#5497 = DIRECTION('',(1.,0.,0.));
#5498 = ADVANCED_FACE('',(#5499),#5517,.F.);
#5499 = FACE_BOUND('',#5500,.F.);
#5500 = EDGE_LOOP('',(#5501,#5509,#5510,#5511));
#5501 = ORIENTED_EDGE('',*,*,#5502,.F.);
#5502 = EDGE_CURVE('',#5480,#5503,#5505,.T.);
#5503 = VERTEX_POINT('',#5504);
#5504 = CARTESIAN_POINT('',(122.7,-21.1,35.));
#5505 = LINE('',#5506,#5507);
#5506 = CARTESIAN_POINT('',(122.7,-21.1,29.));
#5507 = VECTOR('',#5508,1.);
#5508 = DIRECTION('',(0.,0.,1.));
#5509 = ORIENTED_EDGE('',*,*,#5479,.T.);
#5510 = ORIENTED_EDGE('',*,*,#5349,.T.);
#5511 = ORIENTED_EDGE('',*,*,#5512,.T.);
#5512 = EDGE_CURVE('',#5342,#5503,#5513,.T.);
#5513 = LINE('',#5514,#5515);
#5514 = CARTESIAN_POINT('',(77.3,-21.1,35.));
#5515 = VECTOR('',#5516,1.);
#5516 = DIRECTION('',(1.,0.,0.));
#5517 = PLANE('',#5518);
#5518 = AXIS2_PLACEMENT_3D('',#5519,#5520,#5521);
#5519 = CARTESIAN_POINT('',(77.3,-21.1,29.));
#5520 = DIRECTION('',(0.,1.,0.));
#5521 = DIRECTION('',(0.,0.,1.));
#5522 = ADVANCED_FACE('',(#5523),#5541,.F.);
#5523 = FACE_BOUND('',#5524,.F.);
#5524 = EDGE_LOOP('',(#5525,#5526,#5534,#5540));
#5525 = ORIENTED_EDGE('',*,*,#5341,.F.);
#5526 = ORIENTED_EDGE('',*,*,#5527,.T.);
#5527 = EDGE_CURVE('',#5334,#5528,#5530,.T.);
#5528 = VERTEX_POINT('',#5529);
#5529 = CARTESIAN_POINT('',(122.7,-33.9,35.));
#5530 = LINE('',#5531,#5532);
#5531 = CARTESIAN_POINT('',(77.3,-33.9,35.));
#5532 = VECTOR('',#5533,1.);
#5533 = DIRECTION('',(1.,0.,0.));
#5534 = ORIENTED_EDGE('',*,*,#5535,.T.);
#5535 = EDGE_CURVE('',#5528,#5503,#5536,.T.);
#5536 = LINE('',#5537,#5538);
#5537 = CARTESIAN_POINT('',(122.7,-33.9,35.));
#5538 = VECTOR('',#5539,1.);
#5539 = DIRECTION('',(0.,1.,0.));
#5540 = ORIENTED_EDGE('',*,*,#5512,.F.);
#5541 = PLANE('',#5542);
#5542 = AXIS2_PLACEMENT_3D('',#5543,#5544,#5545);
#5543 = CARTESIAN_POINT('',(77.3,-33.9,35.));
#5544 = DIRECTION('',(0.,0.,1.));
#5545 = DIRECTION('',(1.,0.,0.));
#5546 = ADVANCED_FACE('',(#5547),#5565,.T.);
#5547 = FACE_BOUND('',#5548,.T.);
#5548 = EDGE_LOOP('',(#5549,#5557,#5563,#5564));
#5549 = ORIENTED_EDGE('',*,*,#5550,.F.);
#5550 = EDGE_CURVE('',#5551,#5528,#5553,.T.);
#5551 = VERTEX_POINT('',#5552);
#5552 = CARTESIAN_POINT('',(122.7,-33.9,29.5));
#5553 = LINE('',#5554,#5555);
#5554 = CARTESIAN_POINT('',(122.7,-33.9,29.));
#5555 = VECTOR('',#5556,1.);
#5556 = DIRECTION('',(0.,0.,1.));
#5557 = ORIENTED_EDGE('',*,*,#5558,.T.);
#5558 = EDGE_CURVE('',#5551,#5326,#5559,.T.);
#5559 = LINE('',#5560,#5561);
#5560 = CARTESIAN_POINT('',(77.3,-33.9,29.5));
#5561 = VECTOR('',#5562,1.);
#5562 = DIRECTION('',(-1.,0.,0.));
#5563 = ORIENTED_EDGE('',*,*,#5333,.T.);
#5564 = ORIENTED_EDGE('',*,*,#5527,.T.);
#5565 = PLANE('',#5566);
#5566 = AXIS2_PLACEMENT_3D('',#5567,#5568,#5569);
#5567 = CARTESIAN_POINT('',(77.3,-33.9,29.));
#5568 = DIRECTION('',(0.,1.,0.));
#5569 = DIRECTION('',(0.,0.,1.));
#5570 = ADVANCED_FACE('',(#5571),#5589,.F.);
#5571 = FACE_BOUND('',#5572,.F.);
#5572 = EDGE_LOOP('',(#5573,#5574,#5582,#5588));
#5573 = ORIENTED_EDGE('',*,*,#5325,.F.);
#5574 = ORIENTED_EDGE('',*,*,#5575,.T.);
#5575 = EDGE_CURVE('',#5318,#5576,#5578,.T.);
#5576 = VERTEX_POINT('',#5577);
#5577 = CARTESIAN_POINT('',(122.7,-41.,29.5));
#5578 = LINE('',#5579,#5580);
#5579 = CARTESIAN_POINT('',(77.3,-41.,29.5));
#5580 = VECTOR('',#5581,1.);
#5581 = DIRECTION('',(1.,0.,0.));
#5582 = ORIENTED_EDGE('',*,*,#5583,.T.);
#5583 = EDGE_CURVE('',#5576,#5551,#5584,.T.);
#5584 = LINE('',#5585,#5586);
#5585 = CARTESIAN_POINT('',(122.7,-41.,29.5));
#5586 = VECTOR('',#5587,1.);
#5587 = DIRECTION('',(0.,1.,0.));
#5588 = ORIENTED_EDGE('',*,*,#5558,.T.);
#5589 = PLANE('',#5590);
#5590 = AXIS2_PLACEMENT_3D('',#5591,#5592,#5593);
#5591 = CARTESIAN_POINT('',(77.3,-41.,29.5));
#5592 = DIRECTION('',(0.,0.,1.));
#5593 = DIRECTION('',(1.,0.,0.));
#5594 = ADVANCED_FACE('',(#5595),#5606,.F.);
#5595 = FACE_BOUND('',#5596,.F.);
#5596 = EDGE_LOOP('',(#5597,#5598,#5599,#5600));
#5597 = ORIENTED_EDGE('',*,*,#5575,.F.);
#5598 = ORIENTED_EDGE('',*,*,#5317,.T.);
#5599 = ORIENTED_EDGE('',*,*,#5380,.T.);
#5600 = ORIENTED_EDGE('',*,*,#5601,.F.);
#5601 = EDGE_CURVE('',#5576,#5381,#5602,.T.);
#5602 = LINE('',#5603,#5604);
#5603 = CARTESIAN_POINT('',(122.7,-41.,29.5));
#5604 = VECTOR('',#5605,1.);
#5605 = DIRECTION('',(0.,0.,1.));
#5606 = PLANE('',#5607);
#5607 = AXIS2_PLACEMENT_3D('',#5608,#5609,#5610);
#5608 = CARTESIAN_POINT('',(77.3,-41.,29.5));
#5609 = DIRECTION('',(0.,1.,0.));
#5610 = DIRECTION('',(0.,0.,1.));
#5611 = ADVANCED_FACE('',(#5612),#5622,.T.);
#5612 = FACE_BOUND('',#5613,.T.);
#5613 = EDGE_LOOP('',(#5614,#5615,#5616,#5617,#5618,#5619,#5620,#5621));
#5614 = ORIENTED_EDGE('',*,*,#5388,.F.);
#5615 = ORIENTED_EDGE('',*,*,#5601,.F.);
#5616 = ORIENTED_EDGE('',*,*,#5583,.T.);
#5617 = ORIENTED_EDGE('',*,*,#5550,.T.);
#5618 = ORIENTED_EDGE('',*,*,#5535,.T.);
#5619 = ORIENTED_EDGE('',*,*,#5502,.F.);
#5620 = ORIENTED_EDGE('',*,*,#5487,.T.);
#5621 = ORIENTED_EDGE('',*,*,#5464,.T.);
#5622 = PLANE('',#5623);
#5623 = AXIS2_PLACEMENT_3D('',#5624,#5625,#5626);
#5624 = CARTESIAN_POINT('',(122.7,-41.,29.5));
#5625 = DIRECTION('',(1.,0.,0.));
#5626 = DIRECTION('',(0.,0.,1.));
#5627 = ADVANCED_FACE('',(#5628),#5647,.F.);
#5628 = FACE_BOUND('',#5629,.F.);
#5629 = EDGE_LOOP('',(#5630,#5639,#5645,#5646));
#5630 = ORIENTED_EDGE('',*,*,#5631,.F.);
#5631 = EDGE_CURVE('',#5632,#5632,#5634,.T.);
#5632 = VERTEX_POINT('',#5633);
#5633 = CARTESIAN_POINT('',(88.75,-37.5,33.5));
#5634 = CIRCLE('',#5635,1.25);
#5635 = AXIS2_PLACEMENT_3D('',#5636,#5637,#5638);
#5636 = CARTESIAN_POINT('',(90.,-37.5,33.5));
#5637 = DIRECTION('',(0.,0.,-1.));
#5638 = DIRECTION('',(-1.,0.,0.));
#5639 = ORIENTED_EDGE('',*,*,#5640,.F.);
#5640 = EDGE_CURVE('',#5405,#5632,#5641,.T.);
#5641 = LINE('',#5642,#5643);
#5642 = CARTESIAN_POINT('',(88.75,-37.5,39.5));
#5643 = VECTOR('',#5644,1.);
#5644 = DIRECTION('',(0.,0.,-1.));
#5645 = ORIENTED_EDGE('',*,*,#5404,.T.);
#5646 = ORIENTED_EDGE('',*,*,#5640,.T.);
#5647 = CYLINDRICAL_SURFACE('',#5648,1.25);
#5648 = AXIS2_PLACEMENT_3D('',#5649,#5650,#5651);
#5649 = CARTESIAN_POINT('',(90.,-37.5,39.5));
#5650 = DIRECTION('',(0.,0.,-1.));
#5651 = DIRECTION('',(-1.,0.,0.));
#5652 = ADVANCED_FACE('',(#5653),#5672,.F.);
#5653 = FACE_BOUND('',#5654,.F.);
#5654 = EDGE_LOOP('',(#5655,#5664,#5670,#5671));
#5655 = ORIENTED_EDGE('',*,*,#5656,.F.);
#5656 = EDGE_CURVE('',#5657,#5657,#5659,.T.);
#5657 = VERTEX_POINT('',#5658);
#5658 = CARTESIAN_POINT('',(108.75,-37.5,33.5));
#5659 = CIRCLE('',#5660,1.25);
#5660 = AXIS2_PLACEMENT_3D('',#5661,#5662,#5663);
#5661 = CARTESIAN_POINT('',(110.,-37.5,33.5));
#5662 = DIRECTION('',(0.,0.,-1.));
#5663 = DIRECTION('',(-1.,0.,0.));
#5664 = ORIENTED_EDGE('',*,*,#5665,.F.);
#5665 = EDGE_CURVE('',#5416,#5657,#5666,.T.);
#5666 = LINE('',#5667,#5668);
#5667 = CARTESIAN_POINT('',(108.75,-37.5,39.5));
#5668 = VECTOR('',#5669,1.);
#5669 = DIRECTION('',(0.,0.,-1.));
#5670 = ORIENTED_EDGE('',*,*,#5415,.T.);
#5671 = ORIENTED_EDGE('',*,*,#5665,.T.);
#5672 = CYLINDRICAL_SURFACE('',#5673,1.25);
#5673 = AXIS2_PLACEMENT_3D('',#5674,#5675,#5676);
#5674 = CARTESIAN_POINT('',(110.,-37.5,39.5));
#5675 = DIRECTION('',(0.,0.,-1.));
#5676 = DIRECTION('',(-1.,0.,0.));
#5677 = ADVANCED_FACE('',(#5678),#5697,.F.);
#5678 = FACE_BOUND('',#5679,.F.);
#5679 = EDGE_LOOP('',(#5680,#5689,#5695,#5696));
#5680 = ORIENTED_EDGE('',*,*,#5681,.F.);
#5681 = EDGE_CURVE('',#5682,#5682,#5684,.T.);
#5682 = VERTEX_POINT('',#5683);
#5683 = CARTESIAN_POINT('',(88.75,-17.5,33.5));
#5684 = CIRCLE('',#5685,1.25);
#5685 = AXIS2_PLACEMENT_3D('',#5686,#5687,#5688);
#5686 = CARTESIAN_POINT('',(90.,-17.5,33.5));
#5687 = DIRECTION('',(0.,0.,-1.));
#5688 = DIRECTION('',(-1.,0.,0.));
#5689 = ORIENTED_EDGE('',*,*,#5690,.F.);
#5690 = EDGE_CURVE('',#5427,#5682,#5691,.T.);
#5691 = LINE('',#5692,#5693);
#5692 = CARTESIAN_POINT('',(88.75,-17.5,39.5));
#5693 = VECTOR('',#5694,1.);
#5694 = DIRECTION('',(0.,0.,-1.));
#5695 = ORIENTED_EDGE('',*,*,#5426,.T.);
#5696 = ORIENTED_EDGE('',*,*,#5690,.T.);
#5697 = CYLINDRICAL_SURFACE('',#5698,1.25);
#5698 = AXIS2_PLACEMENT_3D('',#5699,#5700,#5701);
#5699 = CARTESIAN_POINT('',(90.,-17.5,39.5));
#5700 = DIRECTION('',(0.,0.,-1.));
#5701 = DIRECTION('',(-1.,0.,0.));
#5702 = ADVANCED_FACE('',(#5703),#5722,.F.);
#5703 = FACE_BOUND('',#5704,.F.);
#5704 = EDGE_LOOP('',(#5705,#5714,#5720,#5721));
#5705 = ORIENTED_EDGE('',*,*,#5706,.F.);
#5706 = EDGE_CURVE('',#5707,#5707,#5709,.T.);
#5707 = VERTEX_POINT('',#5708);
#5708 = CARTESIAN_POINT('',(108.75,-17.5,33.5));
#5709 = CIRCLE('',#5710,1.25);
#5710 = AXIS2_PLACEMENT_3D('',#5711,#5712,#5713);
#5711 = CARTESIAN_POINT('',(110.,-17.5,33.5));
#5712 = DIRECTION('',(0.,0.,-1.));
#5713 = DIRECTION('',(-1.,0.,0.));
#5714 = ORIENTED_EDGE('',*,*,#5715,.F.);
#5715 = EDGE_CURVE('',#5438,#5707,#5716,.T.);
#5716 = LINE('',#5717,#5718);
#5717 = CARTESIAN_POINT('',(108.75,-17.5,39.5));
#5718 = VECTOR('',#5719,1.);
#5719 = DIRECTION('',(0.,0.,-1.));
#5720 = ORIENTED_EDGE('',*,*,#5437,.T.);
#5721 = ORIENTED_EDGE('',*,*,#5715,.T.);
#5722 = CYLINDRICAL_SURFACE('',#5723,1.25);
#5723 = AXIS2_PLACEMENT_3D('',#5724,#5725,#5726);
#5724 = CARTESIAN_POINT('',(110.,-17.5,39.5));
#5725 = DIRECTION('',(0.,0.,-1.));
#5726 = DIRECTION('',(-1.,0.,0.));
#5727 = ADVANCED_FACE('',(#5728),#5731,.F.);
#5728 = FACE_BOUND('',#5729,.F.);
#5729 = EDGE_LOOP('',(#5730));
#5730 = ORIENTED_EDGE('',*,*,#5631,.T.);
#5731 = PLANE('',#5732);
#5732 = AXIS2_PLACEMENT_3D('',#5733,#5734,#5735);
#5733 = CARTESIAN_POINT('',(90.,-37.5,33.5));
#5734 = DIRECTION('',(0.,0.,-1.));
#5735 = DIRECTION('',(-1.,0.,0.));
#5736 = ADVANCED_FACE('',(#5737),#5740,.F.);
#5737 = FACE_BOUND('',#5738,.F.);
#5738 = EDGE_LOOP('',(#5739));
#5739 = ORIENTED_EDGE('',*,*,#5656,.T.);
#5740 = PLANE('',#5741);
#5741 = AXIS2_PLACEMENT_3D('',#5742,#5743,#5744);
#5742 = CARTESIAN_POINT('',(110.,-37.5,33.5));
#5743 = DIRECTION('',(0.,0.,-1.));
#5744 = DIRECTION('',(-1.,0.,0.));
#5745 = ADVANCED_FACE('',(#5746),#5749,.F.);
#5746 = FACE_BOUND('',#5747,.F.);
#5747 = EDGE_LOOP('',(#5748));
#5748 = ORIENTED_EDGE('',*,*,#5681,.T.);
#5749 = PLANE('',#5750);
#5750 = AXIS2_PLACEMENT_3D('',#5751,#5752,#5753);
#5751 = CARTESIAN_POINT('',(90.,-17.5,33.5));
#5752 = DIRECTION('',(0.,0.,-1.));
#5753 = DIRECTION('',(-1.,0.,0.));
#5754 = ADVANCED_FACE('',(#5755),#5758,.F.);
#5755 = FACE_BOUND('',#5756,.F.);
#5756 = EDGE_LOOP('',(#5757));
#5757 = ORIENTED_EDGE('',*,*,#5706,.T.);
#5758 = PLANE('',#5759);
#5759 = AXIS2_PLACEMENT_3D('',#5760,#5761,#5762);
#5760 = CARTESIAN_POINT('',(110.,-17.5,33.5));
#5761 = DIRECTION('',(0.,0.,-1.));
#5762 = DIRECTION('',(-1.,0.,0.));
#5763 = MANIFOLD_SOLID_BREP('',#5764);
#5764 = CLOSED_SHELL('',(#5765,#5805,#5852,#6271,#6311,#6635,#6686,#6708
    ,#6741,#6795,#6849,#6894,#6948,#7002,#7056,#7089,#7114,#7139,#7164,
    #7189,#7214,#7239,#7264,#7289,#7314,#7339,#7364,#7389,#7414,#7439,
    #7464,#7489,#7514,#7556,#7581,#7606,#7631,#7656,#7681,#7706,#7731,
    #7756,#7781,#7823,#7865,#7907,#7949,#7991,#8033,#8042,#8054,#8063,
    #8075,#8087,#8096,#8108,#8117,#8129,#8141,#8150,#8162,#8171,#8180,
    #8192,#8204,#8213,#8227,#8241,#8255,#8269,#8283,#8297,#8311,#8325,
    #8339,#8353,#8367,#8381,#8395,#8409,#8423));
#5765 = ADVANCED_FACE('',(#5766),#5800,.F.);
#5766 = FACE_BOUND('',#5767,.F.);
#5767 = EDGE_LOOP('',(#5768,#5778,#5786,#5794));
#5768 = ORIENTED_EDGE('',*,*,#5769,.F.);
#5769 = EDGE_CURVE('',#5770,#5772,#5774,.T.);
#5770 = VERTEX_POINT('',#5771);
#5771 = CARTESIAN_POINT('',(30.,-38.,39.5));
#5772 = VERTEX_POINT('',#5773);
#5773 = CARTESIAN_POINT('',(30.,-38.,51.5));
#5774 = LINE('',#5775,#5776);
#5775 = CARTESIAN_POINT('',(30.,-38.,39.5));
#5776 = VECTOR('',#5777,1.);
#5777 = DIRECTION('',(0.,0.,1.));
#5778 = ORIENTED_EDGE('',*,*,#5779,.T.);
#5779 = EDGE_CURVE('',#5770,#5780,#5782,.T.);
#5780 = VERTEX_POINT('',#5781);
#5781 = CARTESIAN_POINT('',(30.,38.,39.5));
#5782 = LINE('',#5783,#5784);
#5783 = CARTESIAN_POINT('',(30.,-38.,39.5));
#5784 = VECTOR('',#5785,1.);
#5785 = DIRECTION('',(0.,1.,0.));
#5786 = ORIENTED_EDGE('',*,*,#5787,.T.);
#5787 = EDGE_CURVE('',#5780,#5788,#5790,.T.);
#5788 = VERTEX_POINT('',#5789);
#5789 = CARTESIAN_POINT('',(30.,38.,51.5));
#5790 = LINE('',#5791,#5792);
#5791 = CARTESIAN_POINT('',(30.,38.,39.5));
#5792 = VECTOR('',#5793,1.);
#5793 = DIRECTION('',(0.,0.,1.));
#5794 = ORIENTED_EDGE('',*,*,#5795,.F.);
#5795 = EDGE_CURVE('',#5772,#5788,#5796,.T.);
#5796 = LINE('',#5797,#5798);
#5797 = CARTESIAN_POINT('',(30.,-38.,51.5));
#5798 = VECTOR('',#5799,1.);
#5799 = DIRECTION('',(0.,1.,0.));
#5800 = PLANE('',#5801);
#5801 = AXIS2_PLACEMENT_3D('',#5802,#5803,#5804);
#5802 = CARTESIAN_POINT('',(30.,-38.,39.5));
#5803 = DIRECTION('',(1.,0.,0.));
#5804 = DIRECTION('',(0.,0.,1.));
#5805 = ADVANCED_FACE('',(#5806),#5847,.F.);
#5806 = FACE_BOUND('',#5807,.F.);
#5807 = EDGE_LOOP('',(#5808,#5816,#5817,#5825,#5833,#5841));
#5808 = ORIENTED_EDGE('',*,*,#5809,.F.);
#5809 = EDGE_CURVE('',#5770,#5810,#5812,.T.);
#5810 = VERTEX_POINT('',#5811);
#5811 = CARTESIAN_POINT('',(38.322949016875,-38.,39.5));
#5812 = LINE('',#5813,#5814);
#5813 = CARTESIAN_POINT('',(30.,-38.,39.5));
#5814 = VECTOR('',#5815,1.);
#5815 = DIRECTION('',(1.,0.,0.));
#5816 = ORIENTED_EDGE('',*,*,#5769,.T.);
#5817 = ORIENTED_EDGE('',*,*,#5818,.T.);
#5818 = EDGE_CURVE('',#5772,#5819,#5821,.T.);
#5819 = VERTEX_POINT('',#5820);
#5820 = CARTESIAN_POINT('',(36.839303874144,-38.,51.5));
#5821 = LINE('',#5822,#5823);
#5822 = CARTESIAN_POINT('',(30.,-38.,51.5));
#5823 = VECTOR('',#5824,1.);
#5824 = DIRECTION('',(1.,0.,0.));
#5825 = ORIENTED_EDGE('',*,*,#5826,.T.);
#5826 = EDGE_CURVE('',#5819,#5827,#5829,.T.);
#5827 = VERTEX_POINT('',#5828);
#5828 = CARTESIAN_POINT('',(36.839303874144,-38.,47.5));
#5829 = LINE('',#5830,#5831);
#5830 = CARTESIAN_POINT('',(36.839303874144,-38.,51.5));
#5831 = VECTOR('',#5832,1.);
#5832 = DIRECTION('',(0.,0.,-1.));
#5833 = ORIENTED_EDGE('',*,*,#5834,.F.);
#5834 = EDGE_CURVE('',#5835,#5827,#5837,.T.);
#5835 = VERTEX_POINT('',#5836);
#5836 = CARTESIAN_POINT('',(38.322949016875,-38.,47.5));
#5837 = LINE('',#5838,#5839);
#5838 = CARTESIAN_POINT('',(35.,-38.,47.5));
#5839 = VECTOR('',#5840,1.);
#5840 = DIRECTION('',(-1.,0.,0.));
#5841 = ORIENTED_EDGE('',*,*,#5842,.T.);
#5842 = EDGE_CURVE('',#5835,#5810,#5843,.T.);
#5843 = LINE('',#5844,#5845);
#5844 = CARTESIAN_POINT('',(38.322949016875,-38.,51.5));
#5845 = VECTOR('',#5846,1.);
#5846 = DIRECTION('',(0.,0.,-1.));
#5847 = PLANE('',#5848);
#5848 = AXIS2_PLACEMENT_3D('',#5849,#5850,#5851);
#5849 = CARTESIAN_POINT('',(30.,-38.,39.5));
#5850 = DIRECTION('',(0.,1.,0.));
#5851 = DIRECTION('',(0.,0.,1.));
#5852 = ADVANCED_FACE('',(#5853,#6079,#6090,#6101,#6112,#6123,#6134,
    #6145,#6156,#6167,#6178,#6189,#6200,#6211,#6222,#6233,#6244,#6255),
  #6266,.T.);
#5853 = FACE_BOUND('',#5854,.T.);
#5854 = EDGE_LOOP('',(#5855,#5865,#5873,#5882,#5891,#5899,#5908,#5917,
    #5925,#5934,#5943,#5951,#5960,#5969,#5975,#5976,#5977,#5986,#5995,
    #6003,#6012,#6021,#6029,#6038,#6047,#6055,#6064,#6073));
#5855 = ORIENTED_EDGE('',*,*,#5856,.T.);
#5856 = EDGE_CURVE('',#5857,#5859,#5861,.T.);
#5857 = VERTEX_POINT('',#5858);
#5858 = CARTESIAN_POINT('',(120.,-38.,51.5));
#5859 = VERTEX_POINT('',#5860);
#5860 = CARTESIAN_POINT('',(120.,38.,51.5));
#5861 = LINE('',#5862,#5863);
#5862 = CARTESIAN_POINT('',(120.,-38.,51.5));
#5863 = VECTOR('',#5864,1.);
#5864 = DIRECTION('',(0.,1.,0.));
#5865 = ORIENTED_EDGE('',*,*,#5866,.F.);
#5866 = EDGE_CURVE('',#5867,#5859,#5869,.T.);
#5867 = VERTEX_POINT('',#5868);
#5868 = CARTESIAN_POINT('',(113.16069612585,38.,51.5));
#5869 = LINE('',#5870,#5871);
#5870 = CARTESIAN_POINT('',(30.,38.,51.5));
#5871 = VECTOR('',#5872,1.);
#5872 = DIRECTION('',(1.,0.,0.));
#5873 = ORIENTED_EDGE('',*,*,#5874,.T.);
#5874 = EDGE_CURVE('',#5867,#5875,#5877,.T.);
#5875 = VERTEX_POINT('',#5876);
#5876 = CARTESIAN_POINT('',(106.8,37.5,51.5));
#5877 = CIRCLE('',#5878,3.2);
#5878 = AXIS2_PLACEMENT_3D('',#5879,#5880,#5881);
#5879 = CARTESIAN_POINT('',(110.,37.5,51.5));
#5880 = DIRECTION('',(0.,0.,-1.));
#5881 = DIRECTION('',(-1.,0.,0.));
#5882 = ORIENTED_EDGE('',*,*,#5883,.T.);
#5883 = EDGE_CURVE('',#5875,#5884,#5886,.T.);
#5884 = VERTEX_POINT('',#5885);
#5885 = CARTESIAN_POINT('',(106.83930387414,38.,51.5));
#5886 = CIRCLE('',#5887,3.2);
#5887 = AXIS2_PLACEMENT_3D('',#5888,#5889,#5890);
#5888 = CARTESIAN_POINT('',(110.,37.5,51.5));
#5889 = DIRECTION('',(0.,0.,-1.));
#5890 = DIRECTION('',(-1.,0.,0.));
#5891 = ORIENTED_EDGE('',*,*,#5892,.F.);
#5892 = EDGE_CURVE('',#5893,#5884,#5895,.T.);
#5893 = VERTEX_POINT('',#5894);
#5894 = CARTESIAN_POINT('',(93.160696125856,38.,51.5));
#5895 = LINE('',#5896,#5897);
#5896 = CARTESIAN_POINT('',(30.,38.,51.5));
#5897 = VECTOR('',#5898,1.);
#5898 = DIRECTION('',(1.,0.,0.));
#5899 = ORIENTED_EDGE('',*,*,#5900,.T.);
#5900 = EDGE_CURVE('',#5893,#5901,#5903,.T.);
#5901 = VERTEX_POINT('',#5902);
#5902 = CARTESIAN_POINT('',(86.8,37.5,51.5));
#5903 = CIRCLE('',#5904,3.2);
#5904 = AXIS2_PLACEMENT_3D('',#5905,#5906,#5907);
#5905 = CARTESIAN_POINT('',(90.,37.5,51.5));
#5906 = DIRECTION('',(0.,0.,-1.));
#5907 = DIRECTION('',(-1.,0.,0.));
#5908 = ORIENTED_EDGE('',*,*,#5909,.T.);
#5909 = EDGE_CURVE('',#5901,#5910,#5912,.T.);
#5910 = VERTEX_POINT('',#5911);
#5911 = CARTESIAN_POINT('',(86.839303874144,38.,51.5));
#5912 = CIRCLE('',#5913,3.2);
#5913 = AXIS2_PLACEMENT_3D('',#5914,#5915,#5916);
#5914 = CARTESIAN_POINT('',(90.,37.5,51.5));
#5915 = DIRECTION('',(0.,0.,-1.));
#5916 = DIRECTION('',(-1.,0.,0.));
#5917 = ORIENTED_EDGE('',*,*,#5918,.F.);
#5918 = EDGE_CURVE('',#5919,#5910,#5921,.T.);
#5919 = VERTEX_POINT('',#5920);
#5920 = CARTESIAN_POINT('',(63.160696125856,38.,51.5));
#5921 = LINE('',#5922,#5923);
#5922 = CARTESIAN_POINT('',(30.,38.,51.5));
#5923 = VECTOR('',#5924,1.);
#5924 = DIRECTION('',(1.,0.,0.));
#5925 = ORIENTED_EDGE('',*,*,#5926,.T.);
#5926 = EDGE_CURVE('',#5919,#5927,#5929,.T.);
#5927 = VERTEX_POINT('',#5928);
#5928 = CARTESIAN_POINT('',(56.8,37.5,51.5));
#5929 = CIRCLE('',#5930,3.2);
#5930 = AXIS2_PLACEMENT_3D('',#5931,#5932,#5933);
#5931 = CARTESIAN_POINT('',(60.,37.5,51.5));
#5932 = DIRECTION('',(0.,0.,-1.));
#5933 = DIRECTION('',(-1.,0.,0.));
#5934 = ORIENTED_EDGE('',*,*,#5935,.T.);
#5935 = EDGE_CURVE('',#5927,#5936,#5938,.T.);
#5936 = VERTEX_POINT('',#5937);
#5937 = CARTESIAN_POINT('',(56.839303874144,38.,51.5));
#5938 = CIRCLE('',#5939,3.2);
#5939 = AXIS2_PLACEMENT_3D('',#5940,#5941,#5942);
#5940 = CARTESIAN_POINT('',(60.,37.5,51.5));
#5941 = DIRECTION('',(0.,0.,-1.));
#5942 = DIRECTION('',(-1.,0.,0.));
#5943 = ORIENTED_EDGE('',*,*,#5944,.F.);
#5944 = EDGE_CURVE('',#5945,#5936,#5947,.T.);
#5945 = VERTEX_POINT('',#5946);
#5946 = CARTESIAN_POINT('',(43.160696125856,38.,51.5));
#5947 = LINE('',#5948,#5949);
#5948 = CARTESIAN_POINT('',(30.,38.,51.5));
#5949 = VECTOR('',#5950,1.);
#5950 = DIRECTION('',(1.,0.,0.));
#5951 = ORIENTED_EDGE('',*,*,#5952,.T.);
#5952 = EDGE_CURVE('',#5945,#5953,#5955,.T.);
#5953 = VERTEX_POINT('',#5954);
#5954 = CARTESIAN_POINT('',(36.8,37.5,51.5));
#5955 = CIRCLE('',#5956,3.2);
#5956 = AXIS2_PLACEMENT_3D('',#5957,#5958,#5959);
#5957 = CARTESIAN_POINT('',(40.,37.5,51.5));
#5958 = DIRECTION('',(0.,0.,-1.));
#5959 = DIRECTION('',(-1.,0.,0.));
#5960 = ORIENTED_EDGE('',*,*,#5961,.T.);
#5961 = EDGE_CURVE('',#5953,#5962,#5964,.T.);
#5962 = VERTEX_POINT('',#5963);
#5963 = CARTESIAN_POINT('',(36.839303874144,38.,51.5));
#5964 = CIRCLE('',#5965,3.2);
#5965 = AXIS2_PLACEMENT_3D('',#5966,#5967,#5968);
#5966 = CARTESIAN_POINT('',(40.,37.5,51.5));
#5967 = DIRECTION('',(0.,0.,-1.));
#5968 = DIRECTION('',(-1.,0.,0.));
#5969 = ORIENTED_EDGE('',*,*,#5970,.F.);
#5970 = EDGE_CURVE('',#5788,#5962,#5971,.T.);
#5971 = LINE('',#5972,#5973);
#5972 = CARTESIAN_POINT('',(30.,38.,51.5));
#5973 = VECTOR('',#5974,1.);
#5974 = DIRECTION('',(1.,0.,0.));
#5975 = ORIENTED_EDGE('',*,*,#5795,.F.);
#5976 = ORIENTED_EDGE('',*,*,#5818,.T.);
#5977 = ORIENTED_EDGE('',*,*,#5978,.T.);
#5978 = EDGE_CURVE('',#5819,#5979,#5981,.T.);
#5979 = VERTEX_POINT('',#5980);
#5980 = CARTESIAN_POINT('',(36.8,-37.5,51.5));
#5981 = CIRCLE('',#5982,3.2);
#5982 = AXIS2_PLACEMENT_3D('',#5983,#5984,#5985);
#5983 = CARTESIAN_POINT('',(40.,-37.5,51.5));
#5984 = DIRECTION('',(0.,0.,-1.));
#5985 = DIRECTION('',(-1.,0.,0.));
#5986 = ORIENTED_EDGE('',*,*,#5987,.T.);
#5987 = EDGE_CURVE('',#5979,#5988,#5990,.T.);
#5988 = VERTEX_POINT('',#5989);
#5989 = CARTESIAN_POINT('',(43.160696125856,-38.,51.5));
#5990 = CIRCLE('',#5991,3.2);
#5991 = AXIS2_PLACEMENT_3D('',#5992,#5993,#5994);
#5992 = CARTESIAN_POINT('',(40.,-37.5,51.5));
#5993 = DIRECTION('',(0.,0.,-1.));
#5994 = DIRECTION('',(-1.,0.,0.));
#5995 = ORIENTED_EDGE('',*,*,#5996,.T.);
#5996 = EDGE_CURVE('',#5988,#5997,#5999,.T.);
#5997 = VERTEX_POINT('',#5998);
#5998 = CARTESIAN_POINT('',(56.839303874144,-38.,51.5));
#5999 = LINE('',#6000,#6001);
#6000 = CARTESIAN_POINT('',(30.,-38.,51.5));
#6001 = VECTOR('',#6002,1.);
#6002 = DIRECTION('',(1.,0.,0.));
#6003 = ORIENTED_EDGE('',*,*,#6004,.T.);
#6004 = EDGE_CURVE('',#5997,#6005,#6007,.T.);
#6005 = VERTEX_POINT('',#6006);
#6006 = CARTESIAN_POINT('',(56.8,-37.5,51.5));
#6007 = CIRCLE('',#6008,3.2);
#6008 = AXIS2_PLACEMENT_3D('',#6009,#6010,#6011);
#6009 = CARTESIAN_POINT('',(60.,-37.5,51.5));
#6010 = DIRECTION('',(0.,0.,-1.));
#6011 = DIRECTION('',(-1.,0.,0.));
#6012 = ORIENTED_EDGE('',*,*,#6013,.T.);
#6013 = EDGE_CURVE('',#6005,#6014,#6016,.T.);
#6014 = VERTEX_POINT('',#6015);
#6015 = CARTESIAN_POINT('',(63.160696125856,-38.,51.5));
#6016 = CIRCLE('',#6017,3.2);
#6017 = AXIS2_PLACEMENT_3D('',#6018,#6019,#6020);
#6018 = CARTESIAN_POINT('',(60.,-37.5,51.5));
#6019 = DIRECTION('',(0.,0.,-1.));
#6020 = DIRECTION('',(-1.,0.,0.));
#6021 = ORIENTED_EDGE('',*,*,#6022,.T.);
#6022 = EDGE_CURVE('',#6014,#6023,#6025,.T.);
#6023 = VERTEX_POINT('',#6024);
#6024 = CARTESIAN_POINT('',(86.839303874144,-38.,51.5));
#6025 = LINE('',#6026,#6027);
#6026 = CARTESIAN_POINT('',(30.,-38.,51.5));
#6027 = VECTOR('',#6028,1.);
#6028 = DIRECTION('',(1.,0.,0.));
#6029 = ORIENTED_EDGE('',*,*,#6030,.T.);
#6030 = EDGE_CURVE('',#6023,#6031,#6033,.T.);
#6031 = VERTEX_POINT('',#6032);
#6032 = CARTESIAN_POINT('',(86.8,-37.5,51.5));
#6033 = CIRCLE('',#6034,3.2);
#6034 = AXIS2_PLACEMENT_3D('',#6035,#6036,#6037);
#6035 = CARTESIAN_POINT('',(90.,-37.5,51.5));
#6036 = DIRECTION('',(0.,0.,-1.));
#6037 = DIRECTION('',(-1.,0.,0.));
#6038 = ORIENTED_EDGE('',*,*,#6039,.T.);
#6039 = EDGE_CURVE('',#6031,#6040,#6042,.T.);
#6040 = VERTEX_POINT('',#6041);
#6041 = CARTESIAN_POINT('',(93.160696125856,-38.,51.5));
#6042 = CIRCLE('',#6043,3.2);
#6043 = AXIS2_PLACEMENT_3D('',#6044,#6045,#6046);
#6044 = CARTESIAN_POINT('',(90.,-37.5,51.5));
#6045 = DIRECTION('',(0.,0.,-1.));
#6046 = DIRECTION('',(-1.,0.,0.));
#6047 = ORIENTED_EDGE('',*,*,#6048,.T.);
#6048 = EDGE_CURVE('',#6040,#6049,#6051,.T.);
#6049 = VERTEX_POINT('',#6050);
#6050 = CARTESIAN_POINT('',(106.83930387414,-38.,51.5));
#6051 = LINE('',#6052,#6053);
#6052 = CARTESIAN_POINT('',(30.,-38.,51.5));
#6053 = VECTOR('',#6054,1.);
#6054 = DIRECTION('',(1.,0.,0.));
#6055 = ORIENTED_EDGE('',*,*,#6056,.T.);
#6056 = EDGE_CURVE('',#6049,#6057,#6059,.T.);
#6057 = VERTEX_POINT('',#6058);
#6058 = CARTESIAN_POINT('',(106.8,-37.5,51.5));
#6059 = CIRCLE('',#6060,3.2);
#6060 = AXIS2_PLACEMENT_3D('',#6061,#6062,#6063);
#6061 = CARTESIAN_POINT('',(110.,-37.5,51.5));
#6062 = DIRECTION('',(0.,0.,-1.));
#6063 = DIRECTION('',(-1.,0.,0.));
#6064 = ORIENTED_EDGE('',*,*,#6065,.T.);
#6065 = EDGE_CURVE('',#6057,#6066,#6068,.T.);
#6066 = VERTEX_POINT('',#6067);
#6067 = CARTESIAN_POINT('',(113.16069612585,-38.,51.5));
#6068 = CIRCLE('',#6069,3.2);
#6069 = AXIS2_PLACEMENT_3D('',#6070,#6071,#6072);
#6070 = CARTESIAN_POINT('',(110.,-37.5,51.5));
#6071 = DIRECTION('',(0.,0.,-1.));
#6072 = DIRECTION('',(-1.,0.,0.));
#6073 = ORIENTED_EDGE('',*,*,#6074,.T.);
#6074 = EDGE_CURVE('',#6066,#5857,#6075,.T.);
#6075 = LINE('',#6076,#6077);
#6076 = CARTESIAN_POINT('',(30.,-38.,51.5));
#6077 = VECTOR('',#6078,1.);
#6078 = DIRECTION('',(1.,0.,0.));
#6079 = FACE_BOUND('',#6080,.T.);
#6080 = EDGE_LOOP('',(#6081));
#6081 = ORIENTED_EDGE('',*,*,#6082,.T.);
#6082 = EDGE_CURVE('',#6083,#6083,#6085,.T.);
#6083 = VERTEX_POINT('',#6084);
#6084 = CARTESIAN_POINT('',(42.9,-25.,51.5));
#6085 = CIRCLE('',#6086,2.1);
#6086 = AXIS2_PLACEMENT_3D('',#6087,#6088,#6089);
#6087 = CARTESIAN_POINT('',(45.,-25.,51.5));
#6088 = DIRECTION('',(0.,0.,-1.));
#6089 = DIRECTION('',(-1.,0.,0.));
#6090 = FACE_BOUND('',#6091,.T.);
#6091 = EDGE_LOOP('',(#6092));
#6092 = ORIENTED_EDGE('',*,*,#6093,.T.);
#6093 = EDGE_CURVE('',#6094,#6094,#6096,.T.);
#6094 = VERTEX_POINT('',#6095);
#6095 = CARTESIAN_POINT('',(36.8,-17.5,51.5));
#6096 = CIRCLE('',#6097,3.2);
#6097 = AXIS2_PLACEMENT_3D('',#6098,#6099,#6100);
#6098 = CARTESIAN_POINT('',(40.,-17.5,51.5));
#6099 = DIRECTION('',(0.,0.,-1.));
#6100 = DIRECTION('',(-1.,0.,0.));
#6101 = FACE_BOUND('',#6102,.T.);
#6102 = EDGE_LOOP('',(#6103));
#6103 = ORIENTED_EDGE('',*,*,#6104,.T.);
#6104 = EDGE_CURVE('',#6105,#6105,#6107,.T.);
#6105 = VERTEX_POINT('',#6106);
#6106 = CARTESIAN_POINT('',(72.9,-25.,51.5));
#6107 = CIRCLE('',#6108,2.1);
#6108 = AXIS2_PLACEMENT_3D('',#6109,#6110,#6111);
#6109 = CARTESIAN_POINT('',(75.,-25.,51.5));
#6110 = DIRECTION('',(0.,0.,-1.));
#6111 = DIRECTION('',(-1.,0.,0.));
#6112 = FACE_BOUND('',#6113,.T.);
#6113 = EDGE_LOOP('',(#6114));
#6114 = ORIENTED_EDGE('',*,*,#6115,.T.);
#6115 = EDGE_CURVE('',#6116,#6116,#6118,.T.);
#6116 = VERTEX_POINT('',#6117);
#6117 = CARTESIAN_POINT('',(56.8,-17.5,51.5));
#6118 = CIRCLE('',#6119,3.2);
#6119 = AXIS2_PLACEMENT_3D('',#6120,#6121,#6122);
#6120 = CARTESIAN_POINT('',(60.,-17.5,51.5));
#6121 = DIRECTION('',(0.,0.,-1.));
#6122 = DIRECTION('',(-1.,0.,0.));
#6123 = FACE_BOUND('',#6124,.T.);
#6124 = EDGE_LOOP('',(#6125));
#6125 = ORIENTED_EDGE('',*,*,#6126,.T.);
#6126 = EDGE_CURVE('',#6127,#6127,#6129,.T.);
#6127 = VERTEX_POINT('',#6128);
#6128 = CARTESIAN_POINT('',(86.8,-17.5,51.5));
#6129 = CIRCLE('',#6130,3.2);
#6130 = AXIS2_PLACEMENT_3D('',#6131,#6132,#6133);
#6131 = CARTESIAN_POINT('',(90.,-17.5,51.5));
#6132 = DIRECTION('',(0.,0.,-1.));
#6133 = DIRECTION('',(-1.,0.,0.));
#6134 = FACE_BOUND('',#6135,.T.);
#6135 = EDGE_LOOP('',(#6136));
#6136 = ORIENTED_EDGE('',*,*,#6137,.T.);
#6137 = EDGE_CURVE('',#6138,#6138,#6140,.T.);
#6138 = VERTEX_POINT('',#6139);
#6139 = CARTESIAN_POINT('',(102.9,-25.,51.5));
#6140 = CIRCLE('',#6141,2.1);
#6141 = AXIS2_PLACEMENT_3D('',#6142,#6143,#6144);
#6142 = CARTESIAN_POINT('',(105.,-25.,51.5));
#6143 = DIRECTION('',(0.,0.,-1.));
#6144 = DIRECTION('',(-1.,0.,0.));
#6145 = FACE_BOUND('',#6146,.T.);
#6146 = EDGE_LOOP('',(#6147));
#6147 = ORIENTED_EDGE('',*,*,#6148,.T.);
#6148 = EDGE_CURVE('',#6149,#6149,#6151,.T.);
#6149 = VERTEX_POINT('',#6150);
#6150 = CARTESIAN_POINT('',(106.8,-17.5,51.5));
#6151 = CIRCLE('',#6152,3.2);
#6152 = AXIS2_PLACEMENT_3D('',#6153,#6154,#6155);
#6153 = CARTESIAN_POINT('',(110.,-17.5,51.5));
#6154 = DIRECTION('',(0.,0.,-1.));
#6155 = DIRECTION('',(-1.,0.,0.));
#6156 = FACE_BOUND('',#6157,.T.);
#6157 = EDGE_LOOP('',(#6158));
#6158 = ORIENTED_EDGE('',*,*,#6159,.T.);
#6159 = EDGE_CURVE('',#6160,#6160,#6162,.T.);
#6160 = VERTEX_POINT('',#6161);
#6161 = CARTESIAN_POINT('',(42.9,-5.143516556419E-16,51.5));
#6162 = CIRCLE('',#6163,2.1);
#6163 = AXIS2_PLACEMENT_3D('',#6164,#6165,#6166);
#6164 = CARTESIAN_POINT('',(45.,0.,51.5));
#6165 = DIRECTION('',(0.,0.,-1.));
#6166 = DIRECTION('',(-1.,0.,0.));
#6167 = FACE_BOUND('',#6168,.T.);
#6168 = EDGE_LOOP('',(#6169));
#6169 = ORIENTED_EDGE('',*,*,#6170,.T.);
#6170 = EDGE_CURVE('',#6171,#6171,#6173,.T.);
#6171 = VERTEX_POINT('',#6172);
#6172 = CARTESIAN_POINT('',(72.9,-5.143516556419E-16,51.5));
#6173 = CIRCLE('',#6174,2.1);
#6174 = AXIS2_PLACEMENT_3D('',#6175,#6176,#6177);
#6175 = CARTESIAN_POINT('',(75.,0.,51.5));
#6176 = DIRECTION('',(0.,0.,-1.));
#6177 = DIRECTION('',(-1.,0.,0.));
#6178 = FACE_BOUND('',#6179,.T.);
#6179 = EDGE_LOOP('',(#6180));
#6180 = ORIENTED_EDGE('',*,*,#6181,.T.);
#6181 = EDGE_CURVE('',#6182,#6182,#6184,.T.);
#6182 = VERTEX_POINT('',#6183);
#6183 = CARTESIAN_POINT('',(36.8,17.5,51.5));
#6184 = CIRCLE('',#6185,3.2);
#6185 = AXIS2_PLACEMENT_3D('',#6186,#6187,#6188);
#6186 = CARTESIAN_POINT('',(40.,17.5,51.5));
#6187 = DIRECTION('',(0.,0.,-1.));
#6188 = DIRECTION('',(-1.,0.,0.));
#6189 = FACE_BOUND('',#6190,.T.);
#6190 = EDGE_LOOP('',(#6191));
#6191 = ORIENTED_EDGE('',*,*,#6192,.T.);
#6192 = EDGE_CURVE('',#6193,#6193,#6195,.T.);
#6193 = VERTEX_POINT('',#6194);
#6194 = CARTESIAN_POINT('',(42.9,25.,51.5));
#6195 = CIRCLE('',#6196,2.1);
#6196 = AXIS2_PLACEMENT_3D('',#6197,#6198,#6199);
#6197 = CARTESIAN_POINT('',(45.,25.,51.5));
#6198 = DIRECTION('',(0.,0.,-1.));
#6199 = DIRECTION('',(-1.,0.,0.));
#6200 = FACE_BOUND('',#6201,.T.);
#6201 = EDGE_LOOP('',(#6202));
#6202 = ORIENTED_EDGE('',*,*,#6203,.T.);
#6203 = EDGE_CURVE('',#6204,#6204,#6206,.T.);
#6204 = VERTEX_POINT('',#6205);
#6205 = CARTESIAN_POINT('',(56.8,17.5,51.5));
#6206 = CIRCLE('',#6207,3.2);
#6207 = AXIS2_PLACEMENT_3D('',#6208,#6209,#6210);
#6208 = CARTESIAN_POINT('',(60.,17.5,51.5));
#6209 = DIRECTION('',(0.,0.,-1.));
#6210 = DIRECTION('',(-1.,0.,0.));
#6211 = FACE_BOUND('',#6212,.T.);
#6212 = EDGE_LOOP('',(#6213));
#6213 = ORIENTED_EDGE('',*,*,#6214,.T.);
#6214 = EDGE_CURVE('',#6215,#6215,#6217,.T.);
#6215 = VERTEX_POINT('',#6216);
#6216 = CARTESIAN_POINT('',(72.9,25.,51.5));
#6217 = CIRCLE('',#6218,2.1);
#6218 = AXIS2_PLACEMENT_3D('',#6219,#6220,#6221);
#6219 = CARTESIAN_POINT('',(75.,25.,51.5));
#6220 = DIRECTION('',(0.,0.,-1.));
#6221 = DIRECTION('',(-1.,0.,0.));
#6222 = FACE_BOUND('',#6223,.T.);
#6223 = EDGE_LOOP('',(#6224));
#6224 = ORIENTED_EDGE('',*,*,#6225,.T.);
#6225 = EDGE_CURVE('',#6226,#6226,#6228,.T.);
#6226 = VERTEX_POINT('',#6227);
#6227 = CARTESIAN_POINT('',(102.9,-5.143516556419E-16,51.5));
#6228 = CIRCLE('',#6229,2.1);
#6229 = AXIS2_PLACEMENT_3D('',#6230,#6231,#6232);
#6230 = CARTESIAN_POINT('',(105.,0.,51.5));
#6231 = DIRECTION('',(0.,0.,-1.));
#6232 = DIRECTION('',(-1.,0.,0.));
#6233 = FACE_BOUND('',#6234,.T.);
#6234 = EDGE_LOOP('',(#6235));
#6235 = ORIENTED_EDGE('',*,*,#6236,.T.);
#6236 = EDGE_CURVE('',#6237,#6237,#6239,.T.);
#6237 = VERTEX_POINT('',#6238);
#6238 = CARTESIAN_POINT('',(86.8,17.5,51.5));
#6239 = CIRCLE('',#6240,3.2);
#6240 = AXIS2_PLACEMENT_3D('',#6241,#6242,#6243);
#6241 = CARTESIAN_POINT('',(90.,17.5,51.5));
#6242 = DIRECTION('',(0.,0.,-1.));
#6243 = DIRECTION('',(-1.,0.,0.));
#6244 = FACE_BOUND('',#6245,.T.);
#6245 = EDGE_LOOP('',(#6246));
#6246 = ORIENTED_EDGE('',*,*,#6247,.T.);
#6247 = EDGE_CURVE('',#6248,#6248,#6250,.T.);
#6248 = VERTEX_POINT('',#6249);
#6249 = CARTESIAN_POINT('',(106.8,17.5,51.5));
#6250 = CIRCLE('',#6251,3.2);
#6251 = AXIS2_PLACEMENT_3D('',#6252,#6253,#6254);
#6252 = CARTESIAN_POINT('',(110.,17.5,51.5));
#6253 = DIRECTION('',(0.,0.,-1.));
#6254 = DIRECTION('',(-1.,0.,0.));
#6255 = FACE_BOUND('',#6256,.T.);
#6256 = EDGE_LOOP('',(#6257));
#6257 = ORIENTED_EDGE('',*,*,#6258,.T.);
#6258 = EDGE_CURVE('',#6259,#6259,#6261,.T.);
#6259 = VERTEX_POINT('',#6260);
#6260 = CARTESIAN_POINT('',(102.9,25.,51.5));
#6261 = CIRCLE('',#6262,2.1);
#6262 = AXIS2_PLACEMENT_3D('',#6263,#6264,#6265);
#6263 = CARTESIAN_POINT('',(105.,25.,51.5));
#6264 = DIRECTION('',(0.,0.,-1.));
#6265 = DIRECTION('',(-1.,0.,0.));
#6266 = PLANE('',#6267);
#6267 = AXIS2_PLACEMENT_3D('',#6268,#6269,#6270);
#6268 = CARTESIAN_POINT('',(30.,-38.,51.5));
#6269 = DIRECTION('',(0.,0.,1.));
#6270 = DIRECTION('',(1.,0.,0.));
#6271 = ADVANCED_FACE('',(#6272),#6306,.T.);
#6272 = FACE_BOUND('',#6273,.T.);
#6273 = EDGE_LOOP('',(#6274,#6282,#6283,#6284,#6292,#6300));
#6274 = ORIENTED_EDGE('',*,*,#6275,.F.);
#6275 = EDGE_CURVE('',#5780,#6276,#6278,.T.);
#6276 = VERTEX_POINT('',#6277);
#6277 = CARTESIAN_POINT('',(38.322949016875,38.,39.5));
#6278 = LINE('',#6279,#6280);
#6279 = CARTESIAN_POINT('',(30.,38.,39.5));
#6280 = VECTOR('',#6281,1.);
#6281 = DIRECTION('',(1.,0.,0.));
#6282 = ORIENTED_EDGE('',*,*,#5787,.T.);
#6283 = ORIENTED_EDGE('',*,*,#5970,.T.);
#6284 = ORIENTED_EDGE('',*,*,#6285,.T.);
#6285 = EDGE_CURVE('',#5962,#6286,#6288,.T.);
#6286 = VERTEX_POINT('',#6287);
#6287 = CARTESIAN_POINT('',(36.839303874144,38.,47.5));
#6288 = LINE('',#6289,#6290);
#6289 = CARTESIAN_POINT('',(36.839303874144,38.,51.5));
#6290 = VECTOR('',#6291,1.);
#6291 = DIRECTION('',(0.,0.,-1.));
#6292 = ORIENTED_EDGE('',*,*,#6293,.F.);
#6293 = EDGE_CURVE('',#6294,#6286,#6296,.T.);
#6294 = VERTEX_POINT('',#6295);
#6295 = CARTESIAN_POINT('',(38.322949016875,38.,47.5));
#6296 = LINE('',#6297,#6298);
#6297 = CARTESIAN_POINT('',(35.,38.,47.5));
#6298 = VECTOR('',#6299,1.);
#6299 = DIRECTION('',(-1.,0.,0.));
#6300 = ORIENTED_EDGE('',*,*,#6301,.T.);
#6301 = EDGE_CURVE('',#6294,#6276,#6302,.T.);
#6302 = LINE('',#6303,#6304);
#6303 = CARTESIAN_POINT('',(38.322949016875,38.,51.5));
#6304 = VECTOR('',#6305,1.);
#6305 = DIRECTION('',(0.,0.,-1.));
#6306 = PLANE('',#6307);
#6307 = AXIS2_PLACEMENT_3D('',#6308,#6309,#6310);
#6308 = CARTESIAN_POINT('',(30.,38.,39.5));
#6309 = DIRECTION('',(0.,1.,0.));
#6310 = DIRECTION('',(0.,0.,1.));
#6311 = ADVANCED_FACE('',(#6312,#6531,#6542,#6553,#6564,#6575,#6586,
    #6597,#6608,#6619),#6630,.F.);
#6312 = FACE_BOUND('',#6313,.F.);
#6313 = EDGE_LOOP('',(#6314,#6324,#6332,#6341,#6350,#6358,#6367,#6376,
    #6384,#6393,#6402,#6410,#6419,#6426,#6427,#6428,#6429,#6438,#6447,
    #6455,#6464,#6473,#6481,#6490,#6499,#6507,#6516,#6525));
#6314 = ORIENTED_EDGE('',*,*,#6315,.T.);
#6315 = EDGE_CURVE('',#6316,#6318,#6320,.T.);
#6316 = VERTEX_POINT('',#6317);
#6317 = CARTESIAN_POINT('',(120.,-38.,39.5));
#6318 = VERTEX_POINT('',#6319);
#6319 = CARTESIAN_POINT('',(120.,38.,39.5));
#6320 = LINE('',#6321,#6322);
#6321 = CARTESIAN_POINT('',(120.,-38.,39.5));
#6322 = VECTOR('',#6323,1.);
#6323 = DIRECTION('',(0.,1.,0.));
#6324 = ORIENTED_EDGE('',*,*,#6325,.F.);
#6325 = EDGE_CURVE('',#6326,#6318,#6328,.T.);
#6326 = VERTEX_POINT('',#6327);
#6327 = CARTESIAN_POINT('',(111.67705098312,38.,39.5));
#6328 = LINE('',#6329,#6330);
#6329 = CARTESIAN_POINT('',(30.,38.,39.5));
#6330 = VECTOR('',#6331,1.);
#6331 = DIRECTION('',(1.,0.,0.));
#6332 = ORIENTED_EDGE('',*,*,#6333,.T.);
#6333 = EDGE_CURVE('',#6326,#6334,#6336,.T.);
#6334 = VERTEX_POINT('',#6335);
#6335 = CARTESIAN_POINT('',(108.25,37.5,39.5));
#6336 = CIRCLE('',#6337,1.75);
#6337 = AXIS2_PLACEMENT_3D('',#6338,#6339,#6340);
#6338 = CARTESIAN_POINT('',(110.,37.5,39.5));
#6339 = DIRECTION('',(0.,0.,-1.));
#6340 = DIRECTION('',(-1.,0.,0.));
#6341 = ORIENTED_EDGE('',*,*,#6342,.T.);
#6342 = EDGE_CURVE('',#6334,#6343,#6345,.T.);
#6343 = VERTEX_POINT('',#6344);
#6344 = CARTESIAN_POINT('',(108.32294901687,38.,39.5));
#6345 = CIRCLE('',#6346,1.75);
#6346 = AXIS2_PLACEMENT_3D('',#6347,#6348,#6349);
#6347 = CARTESIAN_POINT('',(110.,37.5,39.5));
#6348 = DIRECTION('',(0.,0.,-1.));
#6349 = DIRECTION('',(-1.,0.,0.));
#6350 = ORIENTED_EDGE('',*,*,#6351,.F.);
#6351 = EDGE_CURVE('',#6352,#6343,#6354,.T.);
#6352 = VERTEX_POINT('',#6353);
#6353 = CARTESIAN_POINT('',(91.677050983125,38.,39.5));
#6354 = LINE('',#6355,#6356);
#6355 = CARTESIAN_POINT('',(30.,38.,39.5));
#6356 = VECTOR('',#6357,1.);
#6357 = DIRECTION('',(1.,0.,0.));
#6358 = ORIENTED_EDGE('',*,*,#6359,.T.);
#6359 = EDGE_CURVE('',#6352,#6360,#6362,.T.);
#6360 = VERTEX_POINT('',#6361);
#6361 = CARTESIAN_POINT('',(88.25,37.5,39.5));
#6362 = CIRCLE('',#6363,1.75);
#6363 = AXIS2_PLACEMENT_3D('',#6364,#6365,#6366);
#6364 = CARTESIAN_POINT('',(90.,37.5,39.5));
#6365 = DIRECTION('',(0.,0.,-1.));
#6366 = DIRECTION('',(-1.,0.,0.));
#6367 = ORIENTED_EDGE('',*,*,#6368,.T.);
#6368 = EDGE_CURVE('',#6360,#6369,#6371,.T.);
#6369 = VERTEX_POINT('',#6370);
#6370 = CARTESIAN_POINT('',(88.322949016875,38.,39.5));
#6371 = CIRCLE('',#6372,1.75);
#6372 = AXIS2_PLACEMENT_3D('',#6373,#6374,#6375);
#6373 = CARTESIAN_POINT('',(90.,37.5,39.5));
#6374 = DIRECTION('',(0.,0.,-1.));
#6375 = DIRECTION('',(-1.,0.,0.));
#6376 = ORIENTED_EDGE('',*,*,#6377,.F.);
#6377 = EDGE_CURVE('',#6378,#6369,#6380,.T.);
#6378 = VERTEX_POINT('',#6379);
#6379 = CARTESIAN_POINT('',(61.677050983125,38.,39.5));
#6380 = LINE('',#6381,#6382);
#6381 = CARTESIAN_POINT('',(30.,38.,39.5));
#6382 = VECTOR('',#6383,1.);
#6383 = DIRECTION('',(1.,0.,0.));
#6384 = ORIENTED_EDGE('',*,*,#6385,.T.);
#6385 = EDGE_CURVE('',#6378,#6386,#6388,.T.);
#6386 = VERTEX_POINT('',#6387);
#6387 = CARTESIAN_POINT('',(58.25,37.5,39.5));
#6388 = CIRCLE('',#6389,1.75);
#6389 = AXIS2_PLACEMENT_3D('',#6390,#6391,#6392);
#6390 = CARTESIAN_POINT('',(60.,37.5,39.5));
#6391 = DIRECTION('',(0.,0.,-1.));
#6392 = DIRECTION('',(-1.,0.,0.));
#6393 = ORIENTED_EDGE('',*,*,#6394,.T.);
#6394 = EDGE_CURVE('',#6386,#6395,#6397,.T.);
#6395 = VERTEX_POINT('',#6396);
#6396 = CARTESIAN_POINT('',(58.322949016875,38.,39.5));
#6397 = CIRCLE('',#6398,1.75);
#6398 = AXIS2_PLACEMENT_3D('',#6399,#6400,#6401);
#6399 = CARTESIAN_POINT('',(60.,37.5,39.5));
#6400 = DIRECTION('',(0.,0.,-1.));
#6401 = DIRECTION('',(-1.,0.,0.));
#6402 = ORIENTED_EDGE('',*,*,#6403,.F.);
#6403 = EDGE_CURVE('',#6404,#6395,#6406,.T.);
#6404 = VERTEX_POINT('',#6405);
#6405 = CARTESIAN_POINT('',(41.677050983125,38.,39.5));
#6406 = LINE('',#6407,#6408);
#6407 = CARTESIAN_POINT('',(30.,38.,39.5));
#6408 = VECTOR('',#6409,1.);
#6409 = DIRECTION('',(1.,0.,0.));
#6410 = ORIENTED_EDGE('',*,*,#6411,.T.);
#6411 = EDGE_CURVE('',#6404,#6412,#6414,.T.);
#6412 = VERTEX_POINT('',#6413);
#6413 = CARTESIAN_POINT('',(38.25,37.5,39.5));
#6414 = CIRCLE('',#6415,1.75);
#6415 = AXIS2_PLACEMENT_3D('',#6416,#6417,#6418);
#6416 = CARTESIAN_POINT('',(40.,37.5,39.5));
#6417 = DIRECTION('',(0.,0.,-1.));
#6418 = DIRECTION('',(-1.,0.,0.));
#6419 = ORIENTED_EDGE('',*,*,#6420,.T.);
#6420 = EDGE_CURVE('',#6412,#6276,#6421,.T.);
#6421 = CIRCLE('',#6422,1.75);
#6422 = AXIS2_PLACEMENT_3D('',#6423,#6424,#6425);
#6423 = CARTESIAN_POINT('',(40.,37.5,39.5));
#6424 = DIRECTION('',(0.,0.,-1.));
#6425 = DIRECTION('',(-1.,0.,0.));
#6426 = ORIENTED_EDGE('',*,*,#6275,.F.);
#6427 = ORIENTED_EDGE('',*,*,#5779,.F.);
#6428 = ORIENTED_EDGE('',*,*,#5809,.T.);
#6429 = ORIENTED_EDGE('',*,*,#6430,.T.);
#6430 = EDGE_CURVE('',#5810,#6431,#6433,.T.);
#6431 = VERTEX_POINT('',#6432);
#6432 = CARTESIAN_POINT('',(38.25,-37.5,39.5));
#6433 = CIRCLE('',#6434,1.75);
#6434 = AXIS2_PLACEMENT_3D('',#6435,#6436,#6437);
#6435 = CARTESIAN_POINT('',(40.,-37.5,39.5));
#6436 = DIRECTION('',(0.,0.,-1.));
#6437 = DIRECTION('',(-1.,0.,0.));
#6438 = ORIENTED_EDGE('',*,*,#6439,.T.);
#6439 = EDGE_CURVE('',#6431,#6440,#6442,.T.);
#6440 = VERTEX_POINT('',#6441);
#6441 = CARTESIAN_POINT('',(41.677050983125,-38.,39.5));
#6442 = CIRCLE('',#6443,1.75);
#6443 = AXIS2_PLACEMENT_3D('',#6444,#6445,#6446);
#6444 = CARTESIAN_POINT('',(40.,-37.5,39.5));
#6445 = DIRECTION('',(0.,0.,-1.));
#6446 = DIRECTION('',(-1.,0.,0.));
#6447 = ORIENTED_EDGE('',*,*,#6448,.T.);
#6448 = EDGE_CURVE('',#6440,#6449,#6451,.T.);
#6449 = VERTEX_POINT('',#6450);
#6450 = CARTESIAN_POINT('',(58.322949016875,-38.,39.5));
#6451 = LINE('',#6452,#6453);
#6452 = CARTESIAN_POINT('',(30.,-38.,39.5));
#6453 = VECTOR('',#6454,1.);
#6454 = DIRECTION('',(1.,0.,0.));
#6455 = ORIENTED_EDGE('',*,*,#6456,.T.);
#6456 = EDGE_CURVE('',#6449,#6457,#6459,.T.);
#6457 = VERTEX_POINT('',#6458);
#6458 = CARTESIAN_POINT('',(58.25,-37.5,39.5));
#6459 = CIRCLE('',#6460,1.75);
#6460 = AXIS2_PLACEMENT_3D('',#6461,#6462,#6463);
#6461 = CARTESIAN_POINT('',(60.,-37.5,39.5));
#6462 = DIRECTION('',(0.,0.,-1.));
#6463 = DIRECTION('',(-1.,0.,0.));
#6464 = ORIENTED_EDGE('',*,*,#6465,.T.);
#6465 = EDGE_CURVE('',#6457,#6466,#6468,.T.);
#6466 = VERTEX_POINT('',#6467);
#6467 = CARTESIAN_POINT('',(61.677050983125,-38.,39.5));
#6468 = CIRCLE('',#6469,1.75);
#6469 = AXIS2_PLACEMENT_3D('',#6470,#6471,#6472);
#6470 = CARTESIAN_POINT('',(60.,-37.5,39.5));
#6471 = DIRECTION('',(0.,0.,-1.));
#6472 = DIRECTION('',(-1.,0.,0.));
#6473 = ORIENTED_EDGE('',*,*,#6474,.T.);
#6474 = EDGE_CURVE('',#6466,#6475,#6477,.T.);
#6475 = VERTEX_POINT('',#6476);
#6476 = CARTESIAN_POINT('',(88.322949016875,-38.,39.5));
#6477 = LINE('',#6478,#6479);
#6478 = CARTESIAN_POINT('',(30.,-38.,39.5));
#6479 = VECTOR('',#6480,1.);
#6480 = DIRECTION('',(1.,0.,0.));
#6481 = ORIENTED_EDGE('',*,*,#6482,.T.);
#6482 = EDGE_CURVE('',#6475,#6483,#6485,.T.);
#6483 = VERTEX_POINT('',#6484);
#6484 = CARTESIAN_POINT('',(88.25,-37.5,39.5));
#6485 = CIRCLE('',#6486,1.75);
#6486 = AXIS2_PLACEMENT_3D('',#6487,#6488,#6489);
#6487 = CARTESIAN_POINT('',(90.,-37.5,39.5));
#6488 = DIRECTION('',(0.,0.,-1.));
#6489 = DIRECTION('',(-1.,0.,0.));
#6490 = ORIENTED_EDGE('',*,*,#6491,.T.);
#6491 = EDGE_CURVE('',#6483,#6492,#6494,.T.);
#6492 = VERTEX_POINT('',#6493);
#6493 = CARTESIAN_POINT('',(91.677050983125,-38.,39.5));
#6494 = CIRCLE('',#6495,1.75);
#6495 = AXIS2_PLACEMENT_3D('',#6496,#6497,#6498);
#6496 = CARTESIAN_POINT('',(90.,-37.5,39.5));
#6497 = DIRECTION('',(0.,0.,-1.));
#6498 = DIRECTION('',(-1.,0.,0.));
#6499 = ORIENTED_EDGE('',*,*,#6500,.T.);
#6500 = EDGE_CURVE('',#6492,#6501,#6503,.T.);
#6501 = VERTEX_POINT('',#6502);
#6502 = CARTESIAN_POINT('',(108.32294901687,-38.,39.5));
#6503 = LINE('',#6504,#6505);
#6504 = CARTESIAN_POINT('',(30.,-38.,39.5));
#6505 = VECTOR('',#6506,1.);
#6506 = DIRECTION('',(1.,0.,0.));
#6507 = ORIENTED_EDGE('',*,*,#6508,.T.);
#6508 = EDGE_CURVE('',#6501,#6509,#6511,.T.);
#6509 = VERTEX_POINT('',#6510);
#6510 = CARTESIAN_POINT('',(108.25,-37.5,39.5));
#6511 = CIRCLE('',#6512,1.75);
#6512 = AXIS2_PLACEMENT_3D('',#6513,#6514,#6515);
#6513 = CARTESIAN_POINT('',(110.,-37.5,39.5));
#6514 = DIRECTION('',(0.,0.,-1.));
#6515 = DIRECTION('',(-1.,0.,0.));
#6516 = ORIENTED_EDGE('',*,*,#6517,.T.);
#6517 = EDGE_CURVE('',#6509,#6518,#6520,.T.);
#6518 = VERTEX_POINT('',#6519);
#6519 = CARTESIAN_POINT('',(111.67705098312,-38.,39.5));
#6520 = CIRCLE('',#6521,1.75);
#6521 = AXIS2_PLACEMENT_3D('',#6522,#6523,#6524);
#6522 = CARTESIAN_POINT('',(110.,-37.5,39.5));
#6523 = DIRECTION('',(0.,0.,-1.));
#6524 = DIRECTION('',(-1.,0.,0.));
#6525 = ORIENTED_EDGE('',*,*,#6526,.T.);
#6526 = EDGE_CURVE('',#6518,#6316,#6527,.T.);
#6527 = LINE('',#6528,#6529);
#6528 = CARTESIAN_POINT('',(30.,-38.,39.5));
#6529 = VECTOR('',#6530,1.);
#6530 = DIRECTION('',(1.,0.,0.));
#6531 = FACE_BOUND('',#6532,.F.);
#6532 = EDGE_LOOP('',(#6533));
#6533 = ORIENTED_EDGE('',*,*,#6534,.T.);
#6534 = EDGE_CURVE('',#6535,#6535,#6537,.T.);
#6535 = VERTEX_POINT('',#6536);
#6536 = CARTESIAN_POINT('',(38.25,-17.5,39.5));
#6537 = CIRCLE('',#6538,1.75);
#6538 = AXIS2_PLACEMENT_3D('',#6539,#6540,#6541);
#6539 = CARTESIAN_POINT('',(40.,-17.5,39.5));
#6540 = DIRECTION('',(0.,0.,-1.));
#6541 = DIRECTION('',(-1.,0.,0.));
#6542 = FACE_BOUND('',#6543,.F.);
#6543 = EDGE_LOOP('',(#6544));
#6544 = ORIENTED_EDGE('',*,*,#6545,.T.);
#6545 = EDGE_CURVE('',#6546,#6546,#6548,.T.);
#6546 = VERTEX_POINT('',#6547);
#6547 = CARTESIAN_POINT('',(58.25,-17.5,39.5));
#6548 = CIRCLE('',#6549,1.75);
#6549 = AXIS2_PLACEMENT_3D('',#6550,#6551,#6552);
#6550 = CARTESIAN_POINT('',(60.,-17.5,39.5));
#6551 = DIRECTION('',(0.,0.,-1.));
#6552 = DIRECTION('',(-1.,0.,0.));
#6553 = FACE_BOUND('',#6554,.F.);
#6554 = EDGE_LOOP('',(#6555));
#6555 = ORIENTED_EDGE('',*,*,#6556,.T.);
#6556 = EDGE_CURVE('',#6557,#6557,#6559,.T.);
#6557 = VERTEX_POINT('',#6558);
#6558 = CARTESIAN_POINT('',(88.25,-17.5,39.5));
#6559 = CIRCLE('',#6560,1.75);
#6560 = AXIS2_PLACEMENT_3D('',#6561,#6562,#6563);
#6561 = CARTESIAN_POINT('',(90.,-17.5,39.5));
#6562 = DIRECTION('',(0.,0.,-1.));
#6563 = DIRECTION('',(-1.,0.,0.));
#6564 = FACE_BOUND('',#6565,.F.);
#6565 = EDGE_LOOP('',(#6566));
#6566 = ORIENTED_EDGE('',*,*,#6567,.T.);
#6567 = EDGE_CURVE('',#6568,#6568,#6570,.T.);
#6568 = VERTEX_POINT('',#6569);
#6569 = CARTESIAN_POINT('',(108.25,-17.5,39.5));
#6570 = CIRCLE('',#6571,1.75);
#6571 = AXIS2_PLACEMENT_3D('',#6572,#6573,#6574);
#6572 = CARTESIAN_POINT('',(110.,-17.5,39.5));
#6573 = DIRECTION('',(0.,0.,-1.));
#6574 = DIRECTION('',(-1.,0.,0.));
#6575 = FACE_BOUND('',#6576,.F.);
#6576 = EDGE_LOOP('',(#6577));
#6577 = ORIENTED_EDGE('',*,*,#6578,.T.);
#6578 = EDGE_CURVE('',#6579,#6579,#6581,.T.);
#6579 = VERTEX_POINT('',#6580);
#6580 = CARTESIAN_POINT('',(38.25,17.5,39.5));
#6581 = CIRCLE('',#6582,1.75);
#6582 = AXIS2_PLACEMENT_3D('',#6583,#6584,#6585);
#6583 = CARTESIAN_POINT('',(40.,17.5,39.5));
#6584 = DIRECTION('',(0.,0.,-1.));
#6585 = DIRECTION('',(-1.,0.,0.));
#6586 = FACE_BOUND('',#6587,.F.);
#6587 = EDGE_LOOP('',(#6588));
#6588 = ORIENTED_EDGE('',*,*,#6589,.T.);
#6589 = EDGE_CURVE('',#6590,#6590,#6592,.T.);
#6590 = VERTEX_POINT('',#6591);
#6591 = CARTESIAN_POINT('',(58.25,17.5,39.5));
#6592 = CIRCLE('',#6593,1.75);
#6593 = AXIS2_PLACEMENT_3D('',#6594,#6595,#6596);
#6594 = CARTESIAN_POINT('',(60.,17.5,39.5));
#6595 = DIRECTION('',(0.,0.,-1.));
#6596 = DIRECTION('',(-1.,0.,0.));
#6597 = FACE_BOUND('',#6598,.F.);
#6598 = EDGE_LOOP('',(#6599));
#6599 = ORIENTED_EDGE('',*,*,#6600,.F.);
#6600 = EDGE_CURVE('',#6601,#6601,#6603,.T.);
#6601 = VERTEX_POINT('',#6602);
#6602 = CARTESIAN_POINT('',(94.5,-4.776122516675E-15,39.5));
#6603 = CIRCLE('',#6604,19.5);
#6604 = AXIS2_PLACEMENT_3D('',#6605,#6606,#6607);
#6605 = CARTESIAN_POINT('',(75.,0.,39.5));
#6606 = DIRECTION('',(0.,0.,1.));
#6607 = DIRECTION('',(1.,0.,0.));
#6608 = FACE_BOUND('',#6609,.F.);
#6609 = EDGE_LOOP('',(#6610));
#6610 = ORIENTED_EDGE('',*,*,#6611,.T.);
#6611 = EDGE_CURVE('',#6612,#6612,#6614,.T.);
#6612 = VERTEX_POINT('',#6613);
#6613 = CARTESIAN_POINT('',(88.25,17.5,39.5));
#6614 = CIRCLE('',#6615,1.75);
#6615 = AXIS2_PLACEMENT_3D('',#6616,#6617,#6618);
#6616 = CARTESIAN_POINT('',(90.,17.5,39.5));
#6617 = DIRECTION('',(0.,0.,-1.));
#6618 = DIRECTION('',(-1.,0.,0.));
#6619 = FACE_BOUND('',#6620,.F.);
#6620 = EDGE_LOOP('',(#6621));
#6621 = ORIENTED_EDGE('',*,*,#6622,.T.);
#6622 = EDGE_CURVE('',#6623,#6623,#6625,.T.);
#6623 = VERTEX_POINT('',#6624);
#6624 = CARTESIAN_POINT('',(108.25,17.5,39.5));
#6625 = CIRCLE('',#6626,1.75);
#6626 = AXIS2_PLACEMENT_3D('',#6627,#6628,#6629);
#6627 = CARTESIAN_POINT('',(110.,17.5,39.5));
#6628 = DIRECTION('',(0.,0.,-1.));
#6629 = DIRECTION('',(-1.,0.,0.));
#6630 = PLANE('',#6631);
#6631 = AXIS2_PLACEMENT_3D('',#6632,#6633,#6634);
#6632 = CARTESIAN_POINT('',(30.,-38.,39.5));
#6633 = DIRECTION('',(0.,0.,1.));
#6634 = DIRECTION('',(1.,0.,0.));
#6635 = ADVANCED_FACE('',(#6636),#6681,.F.);
#6636 = FACE_BOUND('',#6637,.F.);
#6637 = EDGE_LOOP('',(#6638,#6647,#6656,#6664,#6673,#6680));
#6638 = ORIENTED_EDGE('',*,*,#6639,.T.);
#6639 = EDGE_CURVE('',#5827,#6640,#6642,.T.);
#6640 = VERTEX_POINT('',#6641);
#6641 = CARTESIAN_POINT('',(36.8,-37.5,47.5));
#6642 = CIRCLE('',#6643,3.2);
#6643 = AXIS2_PLACEMENT_3D('',#6644,#6645,#6646);
#6644 = CARTESIAN_POINT('',(40.,-37.5,47.5));
#6645 = DIRECTION('',(0.,0.,-1.));
#6646 = DIRECTION('',(-1.,0.,0.));
#6647 = ORIENTED_EDGE('',*,*,#6648,.T.);
#6648 = EDGE_CURVE('',#6640,#6649,#6651,.T.);
#6649 = VERTEX_POINT('',#6650);
#6650 = CARTESIAN_POINT('',(43.160696125856,-38.,47.5));
#6651 = CIRCLE('',#6652,3.2);
#6652 = AXIS2_PLACEMENT_3D('',#6653,#6654,#6655);
#6653 = CARTESIAN_POINT('',(40.,-37.5,47.5));
#6654 = DIRECTION('',(0.,0.,-1.));
#6655 = DIRECTION('',(-1.,0.,0.));
#6656 = ORIENTED_EDGE('',*,*,#6657,.T.);
#6657 = EDGE_CURVE('',#6649,#6658,#6660,.T.);
#6658 = VERTEX_POINT('',#6659);
#6659 = CARTESIAN_POINT('',(41.677050983125,-38.,47.5));
#6660 = LINE('',#6661,#6662);
#6661 = CARTESIAN_POINT('',(35.,-38.,47.5));
#6662 = VECTOR('',#6663,1.);
#6663 = DIRECTION('',(-1.,0.,0.));
#6664 = ORIENTED_EDGE('',*,*,#6665,.F.);
#6665 = EDGE_CURVE('',#6666,#6658,#6668,.T.);
#6666 = VERTEX_POINT('',#6667);
#6667 = CARTESIAN_POINT('',(38.25,-37.5,47.5));
#6668 = CIRCLE('',#6669,1.75);
#6669 = AXIS2_PLACEMENT_3D('',#6670,#6671,#6672);
#6670 = CARTESIAN_POINT('',(40.,-37.5,47.5));
#6671 = DIRECTION('',(0.,0.,-1.));
#6672 = DIRECTION('',(-1.,0.,0.));
#6673 = ORIENTED_EDGE('',*,*,#6674,.F.);
#6674 = EDGE_CURVE('',#5835,#6666,#6675,.T.);
#6675 = CIRCLE('',#6676,1.75);
#6676 = AXIS2_PLACEMENT_3D('',#6677,#6678,#6679);
#6677 = CARTESIAN_POINT('',(40.,-37.5,47.5));
#6678 = DIRECTION('',(0.,0.,-1.));
#6679 = DIRECTION('',(-1.,0.,0.));
#6680 = ORIENTED_EDGE('',*,*,#5834,.T.);
#6681 = PLANE('',#6682);
#6682 = AXIS2_PLACEMENT_3D('',#6683,#6684,#6685);
#6683 = CARTESIAN_POINT('',(40.,-37.5,47.5));
#6684 = DIRECTION('',(0.,0.,-1.));
#6685 = DIRECTION('',(-1.,0.,0.));
#6686 = ADVANCED_FACE('',(#6687),#6703,.T.);
#6687 = FACE_BOUND('',#6688,.T.);
#6688 = EDGE_LOOP('',(#6689,#6695,#6696,#6702));
#6689 = ORIENTED_EDGE('',*,*,#6690,.F.);
#6690 = EDGE_CURVE('',#6316,#5857,#6691,.T.);
#6691 = LINE('',#6692,#6693);
#6692 = CARTESIAN_POINT('',(120.,-38.,39.5));
#6693 = VECTOR('',#6694,1.);
#6694 = DIRECTION('',(0.,0.,1.));
#6695 = ORIENTED_EDGE('',*,*,#6315,.T.);
#6696 = ORIENTED_EDGE('',*,*,#6697,.T.);
#6697 = EDGE_CURVE('',#6318,#5859,#6698,.T.);
#6698 = LINE('',#6699,#6700);
#6699 = CARTESIAN_POINT('',(120.,38.,39.5));
#6700 = VECTOR('',#6701,1.);
#6701 = DIRECTION('',(0.,0.,1.));
#6702 = ORIENTED_EDGE('',*,*,#5856,.F.);
#6703 = PLANE('',#6704);
#6704 = AXIS2_PLACEMENT_3D('',#6705,#6706,#6707);
#6705 = CARTESIAN_POINT('',(120.,-38.,39.5));
#6706 = DIRECTION('',(1.,0.,0.));
#6707 = DIRECTION('',(0.,0.,1.));
#6708 = ADVANCED_FACE('',(#6709),#6736,.F.);
#6709 = FACE_BOUND('',#6710,.F.);
#6710 = EDGE_LOOP('',(#6711,#6712,#6720,#6728,#6734,#6735));
#6711 = ORIENTED_EDGE('',*,*,#6526,.F.);
#6712 = ORIENTED_EDGE('',*,*,#6713,.F.);
#6713 = EDGE_CURVE('',#6714,#6518,#6716,.T.);
#6714 = VERTEX_POINT('',#6715);
#6715 = CARTESIAN_POINT('',(111.67705098312,-38.,47.5));
#6716 = LINE('',#6717,#6718);
#6717 = CARTESIAN_POINT('',(111.67705098312,-38.,51.5));
#6718 = VECTOR('',#6719,1.);
#6719 = DIRECTION('',(0.,0.,-1.));
#6720 = ORIENTED_EDGE('',*,*,#6721,.F.);
#6721 = EDGE_CURVE('',#6722,#6714,#6724,.T.);
#6722 = VERTEX_POINT('',#6723);
#6723 = CARTESIAN_POINT('',(113.16069612585,-38.,47.5));
#6724 = LINE('',#6725,#6726);
#6725 = CARTESIAN_POINT('',(70.,-38.,47.5));
#6726 = VECTOR('',#6727,1.);
#6727 = DIRECTION('',(-1.,0.,0.));
#6728 = ORIENTED_EDGE('',*,*,#6729,.F.);
#6729 = EDGE_CURVE('',#6066,#6722,#6730,.T.);
#6730 = LINE('',#6731,#6732);
#6731 = CARTESIAN_POINT('',(113.16069612585,-38.,51.5));
#6732 = VECTOR('',#6733,1.);
#6733 = DIRECTION('',(0.,0.,-1.));
#6734 = ORIENTED_EDGE('',*,*,#6074,.T.);
#6735 = ORIENTED_EDGE('',*,*,#6690,.F.);
#6736 = PLANE('',#6737);
#6737 = AXIS2_PLACEMENT_3D('',#6738,#6739,#6740);
#6738 = CARTESIAN_POINT('',(30.,-38.,39.5));
#6739 = DIRECTION('',(0.,1.,0.));
#6740 = DIRECTION('',(0.,0.,1.));
#6741 = ADVANCED_FACE('',(#6742),#6790,.F.);
#6742 = FACE_BOUND('',#6743,.F.);
#6743 = EDGE_LOOP('',(#6744,#6745,#6753,#6761,#6767,#6768,#6776,#6784));
#6744 = ORIENTED_EDGE('',*,*,#6500,.F.);
#6745 = ORIENTED_EDGE('',*,*,#6746,.F.);
#6746 = EDGE_CURVE('',#6747,#6492,#6749,.T.);
#6747 = VERTEX_POINT('',#6748);
#6748 = CARTESIAN_POINT('',(91.677050983125,-38.,47.5));
#6749 = LINE('',#6750,#6751);
#6750 = CARTESIAN_POINT('',(91.677050983125,-38.,51.5));
#6751 = VECTOR('',#6752,1.);
#6752 = DIRECTION('',(0.,0.,-1.));
#6753 = ORIENTED_EDGE('',*,*,#6754,.F.);
#6754 = EDGE_CURVE('',#6755,#6747,#6757,.T.);
#6755 = VERTEX_POINT('',#6756);
#6756 = CARTESIAN_POINT('',(93.160696125856,-38.,47.5));
#6757 = LINE('',#6758,#6759);
#6758 = CARTESIAN_POINT('',(60.,-38.,47.5));
#6759 = VECTOR('',#6760,1.);
#6760 = DIRECTION('',(-1.,0.,0.));
#6761 = ORIENTED_EDGE('',*,*,#6762,.F.);
#6762 = EDGE_CURVE('',#6040,#6755,#6763,.T.);
#6763 = LINE('',#6764,#6765);
#6764 = CARTESIAN_POINT('',(93.160696125856,-38.,51.5));
#6765 = VECTOR('',#6766,1.);
#6766 = DIRECTION('',(0.,0.,-1.));
#6767 = ORIENTED_EDGE('',*,*,#6048,.T.);
#6768 = ORIENTED_EDGE('',*,*,#6769,.T.);
#6769 = EDGE_CURVE('',#6049,#6770,#6772,.T.);
#6770 = VERTEX_POINT('',#6771);
#6771 = CARTESIAN_POINT('',(106.83930387414,-38.,47.5));
#6772 = LINE('',#6773,#6774);
#6773 = CARTESIAN_POINT('',(106.83930387414,-38.,51.5));
#6774 = VECTOR('',#6775,1.);
#6775 = DIRECTION('',(0.,0.,-1.));
#6776 = ORIENTED_EDGE('',*,*,#6777,.F.);
#6777 = EDGE_CURVE('',#6778,#6770,#6780,.T.);
#6778 = VERTEX_POINT('',#6779);
#6779 = CARTESIAN_POINT('',(108.32294901687,-38.,47.5));
#6780 = LINE('',#6781,#6782);
#6781 = CARTESIAN_POINT('',(70.,-38.,47.5));
#6782 = VECTOR('',#6783,1.);
#6783 = DIRECTION('',(-1.,0.,0.));
#6784 = ORIENTED_EDGE('',*,*,#6785,.T.);
#6785 = EDGE_CURVE('',#6778,#6501,#6786,.T.);
#6786 = LINE('',#6787,#6788);
#6787 = CARTESIAN_POINT('',(108.32294901687,-38.,51.5));
#6788 = VECTOR('',#6789,1.);
#6789 = DIRECTION('',(0.,0.,-1.));
#6790 = PLANE('',#6791);
#6791 = AXIS2_PLACEMENT_3D('',#6792,#6793,#6794);
#6792 = CARTESIAN_POINT('',(30.,-38.,39.5));
#6793 = DIRECTION('',(0.,1.,0.));
#6794 = DIRECTION('',(0.,0.,1.));
#6795 = ADVANCED_FACE('',(#6796),#6844,.F.);
#6796 = FACE_BOUND('',#6797,.F.);
#6797 = EDGE_LOOP('',(#6798,#6799,#6807,#6815,#6821,#6822,#6830,#6838));
#6798 = ORIENTED_EDGE('',*,*,#6474,.F.);
#6799 = ORIENTED_EDGE('',*,*,#6800,.F.);
#6800 = EDGE_CURVE('',#6801,#6466,#6803,.T.);
#6801 = VERTEX_POINT('',#6802);
#6802 = CARTESIAN_POINT('',(61.677050983125,-38.,47.5));
#6803 = LINE('',#6804,#6805);
#6804 = CARTESIAN_POINT('',(61.677050983125,-38.,51.5));
#6805 = VECTOR('',#6806,1.);
#6806 = DIRECTION('',(0.,0.,-1.));
#6807 = ORIENTED_EDGE('',*,*,#6808,.F.);
#6808 = EDGE_CURVE('',#6809,#6801,#6811,.T.);
#6809 = VERTEX_POINT('',#6810);
#6810 = CARTESIAN_POINT('',(63.160696125856,-38.,47.5));
#6811 = LINE('',#6812,#6813);
#6812 = CARTESIAN_POINT('',(45.,-38.,47.5));
#6813 = VECTOR('',#6814,1.);
#6814 = DIRECTION('',(-1.,0.,0.));
#6815 = ORIENTED_EDGE('',*,*,#6816,.F.);
#6816 = EDGE_CURVE('',#6014,#6809,#6817,.T.);
#6817 = LINE('',#6818,#6819);
#6818 = CARTESIAN_POINT('',(63.160696125856,-38.,51.5));
#6819 = VECTOR('',#6820,1.);
#6820 = DIRECTION('',(0.,0.,-1.));
#6821 = ORIENTED_EDGE('',*,*,#6022,.T.);
#6822 = ORIENTED_EDGE('',*,*,#6823,.T.);
#6823 = EDGE_CURVE('',#6023,#6824,#6826,.T.);
#6824 = VERTEX_POINT('',#6825);
#6825 = CARTESIAN_POINT('',(86.839303874144,-38.,47.5));
#6826 = LINE('',#6827,#6828);
#6827 = CARTESIAN_POINT('',(86.839303874144,-38.,51.5));
#6828 = VECTOR('',#6829,1.);
#6829 = DIRECTION('',(0.,0.,-1.));
#6830 = ORIENTED_EDGE('',*,*,#6831,.F.);
#6831 = EDGE_CURVE('',#6832,#6824,#6834,.T.);
#6832 = VERTEX_POINT('',#6833);
#6833 = CARTESIAN_POINT('',(88.322949016875,-38.,47.5));
#6834 = LINE('',#6835,#6836);
#6835 = CARTESIAN_POINT('',(60.,-38.,47.5));
#6836 = VECTOR('',#6837,1.);
#6837 = DIRECTION('',(-1.,0.,0.));
#6838 = ORIENTED_EDGE('',*,*,#6839,.T.);
#6839 = EDGE_CURVE('',#6832,#6475,#6840,.T.);
#6840 = LINE('',#6841,#6842);
#6841 = CARTESIAN_POINT('',(88.322949016875,-38.,51.5));
#6842 = VECTOR('',#6843,1.);
#6843 = DIRECTION('',(0.,0.,-1.));
#6844 = PLANE('',#6845);
#6845 = AXIS2_PLACEMENT_3D('',#6846,#6847,#6848);
#6846 = CARTESIAN_POINT('',(30.,-38.,39.5));
#6847 = DIRECTION('',(0.,1.,0.));
#6848 = DIRECTION('',(0.,0.,1.));
#6849 = ADVANCED_FACE('',(#6850),#6889,.F.);
#6850 = FACE_BOUND('',#6851,.F.);
#6851 = EDGE_LOOP('',(#6852,#6853,#6859,#6860,#6866,#6867,#6875,#6883));
#6852 = ORIENTED_EDGE('',*,*,#6448,.F.);
#6853 = ORIENTED_EDGE('',*,*,#6854,.F.);
#6854 = EDGE_CURVE('',#6658,#6440,#6855,.T.);
#6855 = LINE('',#6856,#6857);
#6856 = CARTESIAN_POINT('',(41.677050983125,-38.,51.5));
#6857 = VECTOR('',#6858,1.);
#6858 = DIRECTION('',(0.,0.,-1.));
#6859 = ORIENTED_EDGE('',*,*,#6657,.F.);
#6860 = ORIENTED_EDGE('',*,*,#6861,.F.);
#6861 = EDGE_CURVE('',#5988,#6649,#6862,.T.);
#6862 = LINE('',#6863,#6864);
#6863 = CARTESIAN_POINT('',(43.160696125856,-38.,51.5));
#6864 = VECTOR('',#6865,1.);
#6865 = DIRECTION('',(0.,0.,-1.));
#6866 = ORIENTED_EDGE('',*,*,#5996,.T.);
#6867 = ORIENTED_EDGE('',*,*,#6868,.T.);
#6868 = EDGE_CURVE('',#5997,#6869,#6871,.T.);
#6869 = VERTEX_POINT('',#6870);
#6870 = CARTESIAN_POINT('',(56.839303874144,-38.,47.5));
#6871 = LINE('',#6872,#6873);
#6872 = CARTESIAN_POINT('',(56.839303874144,-38.,51.5));
#6873 = VECTOR('',#6874,1.);
#6874 = DIRECTION('',(0.,0.,-1.));
#6875 = ORIENTED_EDGE('',*,*,#6876,.F.);
#6876 = EDGE_CURVE('',#6877,#6869,#6879,.T.);
#6877 = VERTEX_POINT('',#6878);
#6878 = CARTESIAN_POINT('',(58.322949016875,-38.,47.5));
#6879 = LINE('',#6880,#6881);
#6880 = CARTESIAN_POINT('',(45.,-38.,47.5));
#6881 = VECTOR('',#6882,1.);
#6882 = DIRECTION('',(-1.,0.,0.));
#6883 = ORIENTED_EDGE('',*,*,#6884,.T.);
#6884 = EDGE_CURVE('',#6877,#6449,#6885,.T.);
#6885 = LINE('',#6886,#6887);
#6886 = CARTESIAN_POINT('',(58.322949016875,-38.,51.5));
#6887 = VECTOR('',#6888,1.);
#6888 = DIRECTION('',(0.,0.,-1.));
#6889 = PLANE('',#6890);
#6890 = AXIS2_PLACEMENT_3D('',#6891,#6892,#6893);
#6891 = CARTESIAN_POINT('',(30.,-38.,39.5));
#6892 = DIRECTION('',(0.,1.,0.));
#6893 = DIRECTION('',(0.,0.,1.));
#6894 = ADVANCED_FACE('',(#6895),#6943,.T.);
#6895 = FACE_BOUND('',#6896,.T.);
#6896 = EDGE_LOOP('',(#6897,#6898,#6906,#6914,#6920,#6921,#6929,#6937));
#6897 = ORIENTED_EDGE('',*,*,#6403,.F.);
#6898 = ORIENTED_EDGE('',*,*,#6899,.F.);
#6899 = EDGE_CURVE('',#6900,#6404,#6902,.T.);
#6900 = VERTEX_POINT('',#6901);
#6901 = CARTESIAN_POINT('',(41.677050983125,38.,47.5));
#6902 = LINE('',#6903,#6904);
#6903 = CARTESIAN_POINT('',(41.677050983125,38.,51.5));
#6904 = VECTOR('',#6905,1.);
#6905 = DIRECTION('',(0.,0.,-1.));
#6906 = ORIENTED_EDGE('',*,*,#6907,.F.);
#6907 = EDGE_CURVE('',#6908,#6900,#6910,.T.);
#6908 = VERTEX_POINT('',#6909);
#6909 = CARTESIAN_POINT('',(43.160696125856,38.,47.5));
#6910 = LINE('',#6911,#6912);
#6911 = CARTESIAN_POINT('',(35.,38.,47.5));
#6912 = VECTOR('',#6913,1.);
#6913 = DIRECTION('',(-1.,0.,0.));
#6914 = ORIENTED_EDGE('',*,*,#6915,.F.);
#6915 = EDGE_CURVE('',#5945,#6908,#6916,.T.);
#6916 = LINE('',#6917,#6918);
#6917 = CARTESIAN_POINT('',(43.160696125856,38.,51.5));
#6918 = VECTOR('',#6919,1.);
#6919 = DIRECTION('',(0.,0.,-1.));
#6920 = ORIENTED_EDGE('',*,*,#5944,.T.);
#6921 = ORIENTED_EDGE('',*,*,#6922,.T.);
#6922 = EDGE_CURVE('',#5936,#6923,#6925,.T.);
#6923 = VERTEX_POINT('',#6924);
#6924 = CARTESIAN_POINT('',(56.839303874144,38.,47.5));
#6925 = LINE('',#6926,#6927);
#6926 = CARTESIAN_POINT('',(56.839303874144,38.,51.5));
#6927 = VECTOR('',#6928,1.);
#6928 = DIRECTION('',(0.,0.,-1.));
#6929 = ORIENTED_EDGE('',*,*,#6930,.F.);
#6930 = EDGE_CURVE('',#6931,#6923,#6933,.T.);
#6931 = VERTEX_POINT('',#6932);
#6932 = CARTESIAN_POINT('',(58.322949016875,38.,47.5));
#6933 = LINE('',#6934,#6935);
#6934 = CARTESIAN_POINT('',(45.,38.,47.5));
#6935 = VECTOR('',#6936,1.);
#6936 = DIRECTION('',(-1.,0.,0.));
#6937 = ORIENTED_EDGE('',*,*,#6938,.T.);
#6938 = EDGE_CURVE('',#6931,#6395,#6939,.T.);
#6939 = LINE('',#6940,#6941);
#6940 = CARTESIAN_POINT('',(58.322949016875,38.,51.5));
#6941 = VECTOR('',#6942,1.);
#6942 = DIRECTION('',(0.,0.,-1.));
#6943 = PLANE('',#6944);
#6944 = AXIS2_PLACEMENT_3D('',#6945,#6946,#6947);
#6945 = CARTESIAN_POINT('',(30.,38.,39.5));
#6946 = DIRECTION('',(0.,1.,0.));
#6947 = DIRECTION('',(0.,0.,1.));
#6948 = ADVANCED_FACE('',(#6949),#6997,.T.);
#6949 = FACE_BOUND('',#6950,.T.);
#6950 = EDGE_LOOP('',(#6951,#6952,#6960,#6968,#6974,#6975,#6983,#6991));
#6951 = ORIENTED_EDGE('',*,*,#6377,.F.);
#6952 = ORIENTED_EDGE('',*,*,#6953,.F.);
#6953 = EDGE_CURVE('',#6954,#6378,#6956,.T.);
#6954 = VERTEX_POINT('',#6955);
#6955 = CARTESIAN_POINT('',(61.677050983125,38.,47.5));
#6956 = LINE('',#6957,#6958);
#6957 = CARTESIAN_POINT('',(61.677050983125,38.,51.5));
#6958 = VECTOR('',#6959,1.);
#6959 = DIRECTION('',(0.,0.,-1.));
#6960 = ORIENTED_EDGE('',*,*,#6961,.F.);
#6961 = EDGE_CURVE('',#6962,#6954,#6964,.T.);
#6962 = VERTEX_POINT('',#6963);
#6963 = CARTESIAN_POINT('',(63.160696125856,38.,47.5));
#6964 = LINE('',#6965,#6966);
#6965 = CARTESIAN_POINT('',(45.,38.,47.5));
#6966 = VECTOR('',#6967,1.);
#6967 = DIRECTION('',(-1.,0.,0.));
#6968 = ORIENTED_EDGE('',*,*,#6969,.F.);
#6969 = EDGE_CURVE('',#5919,#6962,#6970,.T.);
#6970 = LINE('',#6971,#6972);
#6971 = CARTESIAN_POINT('',(63.160696125856,38.,51.5));
#6972 = VECTOR('',#6973,1.);
#6973 = DIRECTION('',(0.,0.,-1.));
#6974 = ORIENTED_EDGE('',*,*,#5918,.T.);
#6975 = ORIENTED_EDGE('',*,*,#6976,.T.);
#6976 = EDGE_CURVE('',#5910,#6977,#6979,.T.);
#6977 = VERTEX_POINT('',#6978);
#6978 = CARTESIAN_POINT('',(86.839303874144,38.,47.5));
#6979 = LINE('',#6980,#6981);
#6980 = CARTESIAN_POINT('',(86.839303874144,38.,51.5));
#6981 = VECTOR('',#6982,1.);
#6982 = DIRECTION('',(0.,0.,-1.));
#6983 = ORIENTED_EDGE('',*,*,#6984,.F.);
#6984 = EDGE_CURVE('',#6985,#6977,#6987,.T.);
#6985 = VERTEX_POINT('',#6986);
#6986 = CARTESIAN_POINT('',(88.322949016875,38.,47.5));
#6987 = LINE('',#6988,#6989);
#6988 = CARTESIAN_POINT('',(60.,38.,47.5));
#6989 = VECTOR('',#6990,1.);
#6990 = DIRECTION('',(-1.,0.,0.));
#6991 = ORIENTED_EDGE('',*,*,#6992,.T.);
#6992 = EDGE_CURVE('',#6985,#6369,#6993,.T.);
#6993 = LINE('',#6994,#6995);
#6994 = CARTESIAN_POINT('',(88.322949016875,38.,51.5));
#6995 = VECTOR('',#6996,1.);
#6996 = DIRECTION('',(0.,0.,-1.));
#6997 = PLANE('',#6998);
#6998 = AXIS2_PLACEMENT_3D('',#6999,#7000,#7001);
#6999 = CARTESIAN_POINT('',(30.,38.,39.5));
#7000 = DIRECTION('',(0.,1.,0.));
#7001 = DIRECTION('',(0.,0.,1.));
#7002 = ADVANCED_FACE('',(#7003),#7051,.T.);
#7003 = FACE_BOUND('',#7004,.T.);
#7004 = EDGE_LOOP('',(#7005,#7006,#7014,#7022,#7028,#7029,#7037,#7045));
#7005 = ORIENTED_EDGE('',*,*,#6351,.F.);
#7006 = ORIENTED_EDGE('',*,*,#7007,.F.);
#7007 = EDGE_CURVE('',#7008,#6352,#7010,.T.);
#7008 = VERTEX_POINT('',#7009);
#7009 = CARTESIAN_POINT('',(91.677050983125,38.,47.5));
#7010 = LINE('',#7011,#7012);
#7011 = CARTESIAN_POINT('',(91.677050983125,38.,51.5));
#7012 = VECTOR('',#7013,1.);
#7013 = DIRECTION('',(0.,0.,-1.));
#7014 = ORIENTED_EDGE('',*,*,#7015,.F.);
#7015 = EDGE_CURVE('',#7016,#7008,#7018,.T.);
#7016 = VERTEX_POINT('',#7017);
#7017 = CARTESIAN_POINT('',(93.160696125856,38.,47.5));
#7018 = LINE('',#7019,#7020);
#7019 = CARTESIAN_POINT('',(60.,38.,47.5));
#7020 = VECTOR('',#7021,1.);
#7021 = DIRECTION('',(-1.,0.,0.));
#7022 = ORIENTED_EDGE('',*,*,#7023,.F.);
#7023 = EDGE_CURVE('',#5893,#7016,#7024,.T.);
#7024 = LINE('',#7025,#7026);
#7025 = CARTESIAN_POINT('',(93.160696125856,38.,51.5));
#7026 = VECTOR('',#7027,1.);
#7027 = DIRECTION('',(0.,0.,-1.));
#7028 = ORIENTED_EDGE('',*,*,#5892,.T.);
#7029 = ORIENTED_EDGE('',*,*,#7030,.T.);
#7030 = EDGE_CURVE('',#5884,#7031,#7033,.T.);
#7031 = VERTEX_POINT('',#7032);
#7032 = CARTESIAN_POINT('',(106.83930387414,38.,47.5));
#7033 = LINE('',#7034,#7035);
#7034 = CARTESIAN_POINT('',(106.83930387414,38.,51.5));
#7035 = VECTOR('',#7036,1.);
#7036 = DIRECTION('',(0.,0.,-1.));
#7037 = ORIENTED_EDGE('',*,*,#7038,.F.);
#7038 = EDGE_CURVE('',#7039,#7031,#7041,.T.);
#7039 = VERTEX_POINT('',#7040);
#7040 = CARTESIAN_POINT('',(108.32294901687,38.,47.5));
#7041 = LINE('',#7042,#7043);
#7042 = CARTESIAN_POINT('',(70.,38.,47.5));
#7043 = VECTOR('',#7044,1.);
#7044 = DIRECTION('',(-1.,0.,0.));
#7045 = ORIENTED_EDGE('',*,*,#7046,.T.);
#7046 = EDGE_CURVE('',#7039,#6343,#7047,.T.);
#7047 = LINE('',#7048,#7049);
#7048 = CARTESIAN_POINT('',(108.32294901687,38.,51.5));
#7049 = VECTOR('',#7050,1.);
#7050 = DIRECTION('',(0.,0.,-1.));
#7051 = PLANE('',#7052);
#7052 = AXIS2_PLACEMENT_3D('',#7053,#7054,#7055);
#7053 = CARTESIAN_POINT('',(30.,38.,39.5));
#7054 = DIRECTION('',(0.,1.,0.));
#7055 = DIRECTION('',(0.,0.,1.));
#7056 = ADVANCED_FACE('',(#7057),#7084,.T.);
#7057 = FACE_BOUND('',#7058,.T.);
#7058 = EDGE_LOOP('',(#7059,#7060,#7068,#7076,#7082,#7083));
#7059 = ORIENTED_EDGE('',*,*,#6325,.F.);
#7060 = ORIENTED_EDGE('',*,*,#7061,.F.);
#7061 = EDGE_CURVE('',#7062,#6326,#7064,.T.);
#7062 = VERTEX_POINT('',#7063);
#7063 = CARTESIAN_POINT('',(111.67705098312,38.,47.5));
#7064 = LINE('',#7065,#7066);
#7065 = CARTESIAN_POINT('',(111.67705098312,38.,51.5));
#7066 = VECTOR('',#7067,1.);
#7067 = DIRECTION('',(0.,0.,-1.));
#7068 = ORIENTED_EDGE('',*,*,#7069,.F.);
#7069 = EDGE_CURVE('',#7070,#7062,#7072,.T.);
#7070 = VERTEX_POINT('',#7071);
#7071 = CARTESIAN_POINT('',(113.16069612585,38.,47.5));
#7072 = LINE('',#7073,#7074);
#7073 = CARTESIAN_POINT('',(70.,38.,47.5));
#7074 = VECTOR('',#7075,1.);
#7075 = DIRECTION('',(-1.,0.,0.));
#7076 = ORIENTED_EDGE('',*,*,#7077,.F.);
#7077 = EDGE_CURVE('',#5867,#7070,#7078,.T.);
#7078 = LINE('',#7079,#7080);
#7079 = CARTESIAN_POINT('',(113.16069612585,38.,51.5));
#7080 = VECTOR('',#7081,1.);
#7081 = DIRECTION('',(0.,0.,-1.));
#7082 = ORIENTED_EDGE('',*,*,#5866,.T.);
#7083 = ORIENTED_EDGE('',*,*,#6697,.F.);
#7084 = PLANE('',#7085);
#7085 = AXIS2_PLACEMENT_3D('',#7086,#7087,#7088);
#7086 = CARTESIAN_POINT('',(30.,38.,39.5));
#7087 = DIRECTION('',(0.,1.,0.));
#7088 = DIRECTION('',(0.,0.,1.));
#7089 = ADVANCED_FACE('',(#7090),#7109,.F.);
#7090 = FACE_BOUND('',#7091,.F.);
#7091 = EDGE_LOOP('',(#7092,#7101,#7107,#7108));
#7092 = ORIENTED_EDGE('',*,*,#7093,.F.);
#7093 = EDGE_CURVE('',#7094,#7094,#7096,.T.);
#7094 = VERTEX_POINT('',#7095);
#7095 = CARTESIAN_POINT('',(42.9,-25.,43.5));
#7096 = CIRCLE('',#7097,2.1);
#7097 = AXIS2_PLACEMENT_3D('',#7098,#7099,#7100);
#7098 = CARTESIAN_POINT('',(45.,-25.,43.5));
#7099 = DIRECTION('',(0.,0.,-1.));
#7100 = DIRECTION('',(-1.,0.,0.));
#7101 = ORIENTED_EDGE('',*,*,#7102,.F.);
#7102 = EDGE_CURVE('',#6083,#7094,#7103,.T.);
#7103 = LINE('',#7104,#7105);
#7104 = CARTESIAN_POINT('',(42.9,-25.,51.5));
#7105 = VECTOR('',#7106,1.);
#7106 = DIRECTION('',(0.,0.,-1.));
#7107 = ORIENTED_EDGE('',*,*,#6082,.T.);
#7108 = ORIENTED_EDGE('',*,*,#7102,.T.);
#7109 = CYLINDRICAL_SURFACE('',#7110,2.1);
#7110 = AXIS2_PLACEMENT_3D('',#7111,#7112,#7113);
#7111 = CARTESIAN_POINT('',(45.,-25.,51.5));
#7112 = DIRECTION('',(0.,0.,-1.));
#7113 = DIRECTION('',(-1.,0.,0.));
#7114 = ADVANCED_FACE('',(#7115),#7134,.F.);
#7115 = FACE_BOUND('',#7116,.F.);
#7116 = EDGE_LOOP('',(#7117,#7126,#7132,#7133));
#7117 = ORIENTED_EDGE('',*,*,#7118,.F.);
#7118 = EDGE_CURVE('',#7119,#7119,#7121,.T.);
#7119 = VERTEX_POINT('',#7120);
#7120 = CARTESIAN_POINT('',(36.8,-17.5,47.5));
#7121 = CIRCLE('',#7122,3.2);
#7122 = AXIS2_PLACEMENT_3D('',#7123,#7124,#7125);
#7123 = CARTESIAN_POINT('',(40.,-17.5,47.5));
#7124 = DIRECTION('',(0.,0.,-1.));
#7125 = DIRECTION('',(-1.,0.,0.));
#7126 = ORIENTED_EDGE('',*,*,#7127,.F.);
#7127 = EDGE_CURVE('',#6094,#7119,#7128,.T.);
#7128 = LINE('',#7129,#7130);
#7129 = CARTESIAN_POINT('',(36.8,-17.5,51.5));
#7130 = VECTOR('',#7131,1.);
#7131 = DIRECTION('',(0.,0.,-1.));
#7132 = ORIENTED_EDGE('',*,*,#6093,.T.);
#7133 = ORIENTED_EDGE('',*,*,#7127,.T.);
#7134 = CYLINDRICAL_SURFACE('',#7135,3.2);
#7135 = AXIS2_PLACEMENT_3D('',#7136,#7137,#7138);
#7136 = CARTESIAN_POINT('',(40.,-17.5,51.5));
#7137 = DIRECTION('',(0.,0.,-1.));
#7138 = DIRECTION('',(-1.,0.,0.));
#7139 = ADVANCED_FACE('',(#7140),#7159,.F.);
#7140 = FACE_BOUND('',#7141,.F.);
#7141 = EDGE_LOOP('',(#7142,#7151,#7157,#7158));
#7142 = ORIENTED_EDGE('',*,*,#7143,.F.);
#7143 = EDGE_CURVE('',#7144,#7144,#7146,.T.);
#7144 = VERTEX_POINT('',#7145);
#7145 = CARTESIAN_POINT('',(72.9,-25.,43.5));
#7146 = CIRCLE('',#7147,2.1);
#7147 = AXIS2_PLACEMENT_3D('',#7148,#7149,#7150);
#7148 = CARTESIAN_POINT('',(75.,-25.,43.5));
#7149 = DIRECTION('',(0.,0.,-1.));
#7150 = DIRECTION('',(-1.,0.,0.));
#7151 = ORIENTED_EDGE('',*,*,#7152,.F.);
#7152 = EDGE_CURVE('',#6105,#7144,#7153,.T.);
#7153 = LINE('',#7154,#7155);
#7154 = CARTESIAN_POINT('',(72.9,-25.,51.5));
#7155 = VECTOR('',#7156,1.);
#7156 = DIRECTION('',(0.,0.,-1.));
#7157 = ORIENTED_EDGE('',*,*,#6104,.T.);
#7158 = ORIENTED_EDGE('',*,*,#7152,.T.);
#7159 = CYLINDRICAL_SURFACE('',#7160,2.1);
#7160 = AXIS2_PLACEMENT_3D('',#7161,#7162,#7163);
#7161 = CARTESIAN_POINT('',(75.,-25.,51.5));
#7162 = DIRECTION('',(0.,0.,-1.));
#7163 = DIRECTION('',(-1.,0.,0.));
#7164 = ADVANCED_FACE('',(#7165),#7184,.F.);
#7165 = FACE_BOUND('',#7166,.F.);
#7166 = EDGE_LOOP('',(#7167,#7176,#7182,#7183));
#7167 = ORIENTED_EDGE('',*,*,#7168,.F.);
#7168 = EDGE_CURVE('',#7169,#7169,#7171,.T.);
#7169 = VERTEX_POINT('',#7170);
#7170 = CARTESIAN_POINT('',(56.8,-17.5,47.5));
#7171 = CIRCLE('',#7172,3.2);
#7172 = AXIS2_PLACEMENT_3D('',#7173,#7174,#7175);
#7173 = CARTESIAN_POINT('',(60.,-17.5,47.5));
#7174 = DIRECTION('',(0.,0.,-1.));
#7175 = DIRECTION('',(-1.,0.,0.));
#7176 = ORIENTED_EDGE('',*,*,#7177,.F.);
#7177 = EDGE_CURVE('',#6116,#7169,#7178,.T.);
#7178 = LINE('',#7179,#7180);
#7179 = CARTESIAN_POINT('',(56.8,-17.5,51.5));
#7180 = VECTOR('',#7181,1.);
#7181 = DIRECTION('',(0.,0.,-1.));
#7182 = ORIENTED_EDGE('',*,*,#6115,.T.);
#7183 = ORIENTED_EDGE('',*,*,#7177,.T.);
#7184 = CYLINDRICAL_SURFACE('',#7185,3.2);
#7185 = AXIS2_PLACEMENT_3D('',#7186,#7187,#7188);
#7186 = CARTESIAN_POINT('',(60.,-17.5,51.5));
#7187 = DIRECTION('',(0.,0.,-1.));
#7188 = DIRECTION('',(-1.,0.,0.));
#7189 = ADVANCED_FACE('',(#7190),#7209,.F.);
#7190 = FACE_BOUND('',#7191,.F.);
#7191 = EDGE_LOOP('',(#7192,#7201,#7207,#7208));
#7192 = ORIENTED_EDGE('',*,*,#7193,.F.);
#7193 = EDGE_CURVE('',#7194,#7194,#7196,.T.);
#7194 = VERTEX_POINT('',#7195);
#7195 = CARTESIAN_POINT('',(86.8,-17.5,47.5));
#7196 = CIRCLE('',#7197,3.2);
#7197 = AXIS2_PLACEMENT_3D('',#7198,#7199,#7200);
#7198 = CARTESIAN_POINT('',(90.,-17.5,47.5));
#7199 = DIRECTION('',(0.,0.,-1.));
#7200 = DIRECTION('',(-1.,0.,0.));
#7201 = ORIENTED_EDGE('',*,*,#7202,.F.);
#7202 = EDGE_CURVE('',#6127,#7194,#7203,.T.);
#7203 = LINE('',#7204,#7205);
#7204 = CARTESIAN_POINT('',(86.8,-17.5,51.5));
#7205 = VECTOR('',#7206,1.);
#7206 = DIRECTION('',(0.,0.,-1.));
#7207 = ORIENTED_EDGE('',*,*,#6126,.T.);
#7208 = ORIENTED_EDGE('',*,*,#7202,.T.);
#7209 = CYLINDRICAL_SURFACE('',#7210,3.2);
#7210 = AXIS2_PLACEMENT_3D('',#7211,#7212,#7213);
#7211 = CARTESIAN_POINT('',(90.,-17.5,51.5));
#7212 = DIRECTION('',(0.,0.,-1.));
#7213 = DIRECTION('',(-1.,0.,0.));
#7214 = ADVANCED_FACE('',(#7215),#7234,.F.);
#7215 = FACE_BOUND('',#7216,.F.);
#7216 = EDGE_LOOP('',(#7217,#7226,#7232,#7233));
#7217 = ORIENTED_EDGE('',*,*,#7218,.F.);
#7218 = EDGE_CURVE('',#7219,#7219,#7221,.T.);
#7219 = VERTEX_POINT('',#7220);
#7220 = CARTESIAN_POINT('',(102.9,-25.,43.5));
#7221 = CIRCLE('',#7222,2.1);
#7222 = AXIS2_PLACEMENT_3D('',#7223,#7224,#7225);
#7223 = CARTESIAN_POINT('',(105.,-25.,43.5));
#7224 = DIRECTION('',(0.,0.,-1.));
#7225 = DIRECTION('',(-1.,0.,0.));
#7226 = ORIENTED_EDGE('',*,*,#7227,.F.);
#7227 = EDGE_CURVE('',#6138,#7219,#7228,.T.);
#7228 = LINE('',#7229,#7230);
#7229 = CARTESIAN_POINT('',(102.9,-25.,51.5));
#7230 = VECTOR('',#7231,1.);
#7231 = DIRECTION('',(0.,0.,-1.));
#7232 = ORIENTED_EDGE('',*,*,#6137,.T.);
#7233 = ORIENTED_EDGE('',*,*,#7227,.T.);
#7234 = CYLINDRICAL_SURFACE('',#7235,2.1);
#7235 = AXIS2_PLACEMENT_3D('',#7236,#7237,#7238);
#7236 = CARTESIAN_POINT('',(105.,-25.,51.5));
#7237 = DIRECTION('',(0.,0.,-1.));
#7238 = DIRECTION('',(-1.,0.,0.));
#7239 = ADVANCED_FACE('',(#7240),#7259,.F.);
#7240 = FACE_BOUND('',#7241,.F.);
#7241 = EDGE_LOOP('',(#7242,#7251,#7257,#7258));
#7242 = ORIENTED_EDGE('',*,*,#7243,.F.);
#7243 = EDGE_CURVE('',#7244,#7244,#7246,.T.);
#7244 = VERTEX_POINT('',#7245);
#7245 = CARTESIAN_POINT('',(106.8,-17.5,47.5));
#7246 = CIRCLE('',#7247,3.2);
#7247 = AXIS2_PLACEMENT_3D('',#7248,#7249,#7250);
#7248 = CARTESIAN_POINT('',(110.,-17.5,47.5));
#7249 = DIRECTION('',(0.,0.,-1.));
#7250 = DIRECTION('',(-1.,0.,0.));
#7251 = ORIENTED_EDGE('',*,*,#7252,.F.);
#7252 = EDGE_CURVE('',#6149,#7244,#7253,.T.);
#7253 = LINE('',#7254,#7255);
#7254 = CARTESIAN_POINT('',(106.8,-17.5,51.5));
#7255 = VECTOR('',#7256,1.);
#7256 = DIRECTION('',(0.,0.,-1.));
#7257 = ORIENTED_EDGE('',*,*,#6148,.T.);
#7258 = ORIENTED_EDGE('',*,*,#7252,.T.);
#7259 = CYLINDRICAL_SURFACE('',#7260,3.2);
#7260 = AXIS2_PLACEMENT_3D('',#7261,#7262,#7263);
#7261 = CARTESIAN_POINT('',(110.,-17.5,51.5));
#7262 = DIRECTION('',(0.,0.,-1.));
#7263 = DIRECTION('',(-1.,0.,0.));
#7264 = ADVANCED_FACE('',(#7265),#7284,.F.);
#7265 = FACE_BOUND('',#7266,.F.);
#7266 = EDGE_LOOP('',(#7267,#7276,#7282,#7283));
#7267 = ORIENTED_EDGE('',*,*,#7268,.F.);
#7268 = EDGE_CURVE('',#7269,#7269,#7271,.T.);
#7269 = VERTEX_POINT('',#7270);
#7270 = CARTESIAN_POINT('',(42.9,-5.143516556419E-16,43.5));
#7271 = CIRCLE('',#7272,2.1);
#7272 = AXIS2_PLACEMENT_3D('',#7273,#7274,#7275);
#7273 = CARTESIAN_POINT('',(45.,0.,43.5));
#7274 = DIRECTION('',(0.,0.,-1.));
#7275 = DIRECTION('',(-1.,0.,0.));
#7276 = ORIENTED_EDGE('',*,*,#7277,.F.);
#7277 = EDGE_CURVE('',#6160,#7269,#7278,.T.);
#7278 = LINE('',#7279,#7280);
#7279 = CARTESIAN_POINT('',(42.9,-5.143516556419E-16,51.5));
#7280 = VECTOR('',#7281,1.);
#7281 = DIRECTION('',(0.,0.,-1.));
#7282 = ORIENTED_EDGE('',*,*,#6159,.T.);
#7283 = ORIENTED_EDGE('',*,*,#7277,.T.);
#7284 = CYLINDRICAL_SURFACE('',#7285,2.1);
#7285 = AXIS2_PLACEMENT_3D('',#7286,#7287,#7288);
#7286 = CARTESIAN_POINT('',(45.,0.,51.5));
#7287 = DIRECTION('',(0.,0.,-1.));
#7288 = DIRECTION('',(-1.,0.,0.));
#7289 = ADVANCED_FACE('',(#7290),#7309,.F.);
#7290 = FACE_BOUND('',#7291,.F.);
#7291 = EDGE_LOOP('',(#7292,#7301,#7307,#7308));
#7292 = ORIENTED_EDGE('',*,*,#7293,.F.);
#7293 = EDGE_CURVE('',#7294,#7294,#7296,.T.);
#7294 = VERTEX_POINT('',#7295);
#7295 = CARTESIAN_POINT('',(72.9,-5.143516556419E-16,45.5));
#7296 = CIRCLE('',#7297,2.1);
#7297 = AXIS2_PLACEMENT_3D('',#7298,#7299,#7300);
#7298 = CARTESIAN_POINT('',(75.,0.,45.5));
#7299 = DIRECTION('',(0.,0.,-1.));
#7300 = DIRECTION('',(-1.,0.,0.));
#7301 = ORIENTED_EDGE('',*,*,#7302,.F.);
#7302 = EDGE_CURVE('',#6171,#7294,#7303,.T.);
#7303 = LINE('',#7304,#7305);
#7304 = CARTESIAN_POINT('',(72.9,-5.143516556419E-16,51.5));
#7305 = VECTOR('',#7306,1.);
#7306 = DIRECTION('',(0.,0.,-1.));
#7307 = ORIENTED_EDGE('',*,*,#6170,.T.);
#7308 = ORIENTED_EDGE('',*,*,#7302,.T.);
#7309 = CYLINDRICAL_SURFACE('',#7310,2.1);
#7310 = AXIS2_PLACEMENT_3D('',#7311,#7312,#7313);
#7311 = CARTESIAN_POINT('',(75.,0.,51.5));
#7312 = DIRECTION('',(0.,0.,-1.));
#7313 = DIRECTION('',(-1.,0.,0.));
#7314 = ADVANCED_FACE('',(#7315),#7334,.F.);
#7315 = FACE_BOUND('',#7316,.F.);
#7316 = EDGE_LOOP('',(#7317,#7326,#7332,#7333));
#7317 = ORIENTED_EDGE('',*,*,#7318,.F.);
#7318 = EDGE_CURVE('',#7319,#7319,#7321,.T.);
#7319 = VERTEX_POINT('',#7320);
#7320 = CARTESIAN_POINT('',(36.8,17.5,47.5));
#7321 = CIRCLE('',#7322,3.2);
#7322 = AXIS2_PLACEMENT_3D('',#7323,#7324,#7325);
#7323 = CARTESIAN_POINT('',(40.,17.5,47.5));
#7324 = DIRECTION('',(0.,0.,-1.));
#7325 = DIRECTION('',(-1.,0.,0.));
#7326 = ORIENTED_EDGE('',*,*,#7327,.F.);
#7327 = EDGE_CURVE('',#6182,#7319,#7328,.T.);
#7328 = LINE('',#7329,#7330);
#7329 = CARTESIAN_POINT('',(36.8,17.5,51.5));
#7330 = VECTOR('',#7331,1.);
#7331 = DIRECTION('',(0.,0.,-1.));
#7332 = ORIENTED_EDGE('',*,*,#6181,.T.);
#7333 = ORIENTED_EDGE('',*,*,#7327,.T.);
#7334 = CYLINDRICAL_SURFACE('',#7335,3.2);
#7335 = AXIS2_PLACEMENT_3D('',#7336,#7337,#7338);
#7336 = CARTESIAN_POINT('',(40.,17.5,51.5));
#7337 = DIRECTION('',(0.,0.,-1.));
#7338 = DIRECTION('',(-1.,0.,0.));
#7339 = ADVANCED_FACE('',(#7340),#7359,.F.);
#7340 = FACE_BOUND('',#7341,.F.);
#7341 = EDGE_LOOP('',(#7342,#7351,#7357,#7358));
#7342 = ORIENTED_EDGE('',*,*,#7343,.F.);
#7343 = EDGE_CURVE('',#7344,#7344,#7346,.T.);
#7344 = VERTEX_POINT('',#7345);
#7345 = CARTESIAN_POINT('',(42.9,25.,43.5));
#7346 = CIRCLE('',#7347,2.1);
#7347 = AXIS2_PLACEMENT_3D('',#7348,#7349,#7350);
#7348 = CARTESIAN_POINT('',(45.,25.,43.5));
#7349 = DIRECTION('',(0.,0.,-1.));
#7350 = DIRECTION('',(-1.,0.,0.));
#7351 = ORIENTED_EDGE('',*,*,#7352,.F.);
#7352 = EDGE_CURVE('',#6193,#7344,#7353,.T.);
#7353 = LINE('',#7354,#7355);
#7354 = CARTESIAN_POINT('',(42.9,25.,51.5));
#7355 = VECTOR('',#7356,1.);
#7356 = DIRECTION('',(0.,0.,-1.));
#7357 = ORIENTED_EDGE('',*,*,#6192,.T.);
#7358 = ORIENTED_EDGE('',*,*,#7352,.T.);
#7359 = CYLINDRICAL_SURFACE('',#7360,2.1);
#7360 = AXIS2_PLACEMENT_3D('',#7361,#7362,#7363);
#7361 = CARTESIAN_POINT('',(45.,25.,51.5));
#7362 = DIRECTION('',(0.,0.,-1.));
#7363 = DIRECTION('',(-1.,0.,0.));
#7364 = ADVANCED_FACE('',(#7365),#7384,.F.);
#7365 = FACE_BOUND('',#7366,.F.);
#7366 = EDGE_LOOP('',(#7367,#7376,#7382,#7383));
#7367 = ORIENTED_EDGE('',*,*,#7368,.F.);
#7368 = EDGE_CURVE('',#7369,#7369,#7371,.T.);
#7369 = VERTEX_POINT('',#7370);
#7370 = CARTESIAN_POINT('',(56.8,17.5,47.5));
#7371 = CIRCLE('',#7372,3.2);
#7372 = AXIS2_PLACEMENT_3D('',#7373,#7374,#7375);
#7373 = CARTESIAN_POINT('',(60.,17.5,47.5));
#7374 = DIRECTION('',(0.,0.,-1.));
#7375 = DIRECTION('',(-1.,0.,0.));
#7376 = ORIENTED_EDGE('',*,*,#7377,.F.);
#7377 = EDGE_CURVE('',#6204,#7369,#7378,.T.);
#7378 = LINE('',#7379,#7380);
#7379 = CARTESIAN_POINT('',(56.8,17.5,51.5));
#7380 = VECTOR('',#7381,1.);
#7381 = DIRECTION('',(0.,0.,-1.));
#7382 = ORIENTED_EDGE('',*,*,#6203,.T.);
#7383 = ORIENTED_EDGE('',*,*,#7377,.T.);
#7384 = CYLINDRICAL_SURFACE('',#7385,3.2);
#7385 = AXIS2_PLACEMENT_3D('',#7386,#7387,#7388);
#7386 = CARTESIAN_POINT('',(60.,17.5,51.5));
#7387 = DIRECTION('',(0.,0.,-1.));
#7388 = DIRECTION('',(-1.,0.,0.));
#7389 = ADVANCED_FACE('',(#7390),#7409,.F.);
#7390 = FACE_BOUND('',#7391,.F.);
#7391 = EDGE_LOOP('',(#7392,#7401,#7407,#7408));
#7392 = ORIENTED_EDGE('',*,*,#7393,.F.);
#7393 = EDGE_CURVE('',#7394,#7394,#7396,.T.);
#7394 = VERTEX_POINT('',#7395);
#7395 = CARTESIAN_POINT('',(72.9,25.,43.5));
#7396 = CIRCLE('',#7397,2.1);
#7397 = AXIS2_PLACEMENT_3D('',#7398,#7399,#7400);
#7398 = CARTESIAN_POINT('',(75.,25.,43.5));
#7399 = DIRECTION('',(0.,0.,-1.));
#7400 = DIRECTION('',(-1.,0.,0.));
#7401 = ORIENTED_EDGE('',*,*,#7402,.F.);
#7402 = EDGE_CURVE('',#6215,#7394,#7403,.T.);
#7403 = LINE('',#7404,#7405);
#7404 = CARTESIAN_POINT('',(72.9,25.,51.5));
#7405 = VECTOR('',#7406,1.);
#7406 = DIRECTION('',(0.,0.,-1.));
#7407 = ORIENTED_EDGE('',*,*,#6214,.T.);
#7408 = ORIENTED_EDGE('',*,*,#7402,.T.);
#7409 = CYLINDRICAL_SURFACE('',#7410,2.1);
#7410 = AXIS2_PLACEMENT_3D('',#7411,#7412,#7413);
#7411 = CARTESIAN_POINT('',(75.,25.,51.5));
#7412 = DIRECTION('',(0.,0.,-1.));
#7413 = DIRECTION('',(-1.,0.,0.));
#7414 = ADVANCED_FACE('',(#7415),#7434,.F.);
#7415 = FACE_BOUND('',#7416,.F.);
#7416 = EDGE_LOOP('',(#7417,#7426,#7432,#7433));
#7417 = ORIENTED_EDGE('',*,*,#7418,.F.);
#7418 = EDGE_CURVE('',#7419,#7419,#7421,.T.);
#7419 = VERTEX_POINT('',#7420);
#7420 = CARTESIAN_POINT('',(102.9,-5.143516556419E-16,43.5));
#7421 = CIRCLE('',#7422,2.1);
#7422 = AXIS2_PLACEMENT_3D('',#7423,#7424,#7425);
#7423 = CARTESIAN_POINT('',(105.,0.,43.5));
#7424 = DIRECTION('',(0.,0.,-1.));
#7425 = DIRECTION('',(-1.,0.,0.));
#7426 = ORIENTED_EDGE('',*,*,#7427,.F.);
#7427 = EDGE_CURVE('',#6226,#7419,#7428,.T.);
#7428 = LINE('',#7429,#7430);
#7429 = CARTESIAN_POINT('',(102.9,-5.143516556419E-16,51.5));
#7430 = VECTOR('',#7431,1.);
#7431 = DIRECTION('',(0.,0.,-1.));
#7432 = ORIENTED_EDGE('',*,*,#6225,.T.);
#7433 = ORIENTED_EDGE('',*,*,#7427,.T.);
#7434 = CYLINDRICAL_SURFACE('',#7435,2.1);
#7435 = AXIS2_PLACEMENT_3D('',#7436,#7437,#7438);
#7436 = CARTESIAN_POINT('',(105.,0.,51.5));
#7437 = DIRECTION('',(0.,0.,-1.));
#7438 = DIRECTION('',(-1.,0.,0.));
#7439 = ADVANCED_FACE('',(#7440),#7459,.F.);
#7440 = FACE_BOUND('',#7441,.F.);
#7441 = EDGE_LOOP('',(#7442,#7451,#7457,#7458));
#7442 = ORIENTED_EDGE('',*,*,#7443,.F.);
#7443 = EDGE_CURVE('',#7444,#7444,#7446,.T.);
#7444 = VERTEX_POINT('',#7445);
#7445 = CARTESIAN_POINT('',(86.8,17.5,47.5));
#7446 = CIRCLE('',#7447,3.2);
#7447 = AXIS2_PLACEMENT_3D('',#7448,#7449,#7450);
#7448 = CARTESIAN_POINT('',(90.,17.5,47.5));
#7449 = DIRECTION('',(0.,0.,-1.));
#7450 = DIRECTION('',(-1.,0.,0.));
#7451 = ORIENTED_EDGE('',*,*,#7452,.F.);
#7452 = EDGE_CURVE('',#6237,#7444,#7453,.T.);
#7453 = LINE('',#7454,#7455);
#7454 = CARTESIAN_POINT('',(86.8,17.5,51.5));
#7455 = VECTOR('',#7456,1.);
#7456 = DIRECTION('',(0.,0.,-1.));
#7457 = ORIENTED_EDGE('',*,*,#6236,.T.);
#7458 = ORIENTED_EDGE('',*,*,#7452,.T.);
#7459 = CYLINDRICAL_SURFACE('',#7460,3.2);
#7460 = AXIS2_PLACEMENT_3D('',#7461,#7462,#7463);
#7461 = CARTESIAN_POINT('',(90.,17.5,51.5));
#7462 = DIRECTION('',(0.,0.,-1.));
#7463 = DIRECTION('',(-1.,0.,0.));
#7464 = ADVANCED_FACE('',(#7465),#7484,.F.);
#7465 = FACE_BOUND('',#7466,.F.);
#7466 = EDGE_LOOP('',(#7467,#7476,#7482,#7483));
#7467 = ORIENTED_EDGE('',*,*,#7468,.F.);
#7468 = EDGE_CURVE('',#7469,#7469,#7471,.T.);
#7469 = VERTEX_POINT('',#7470);
#7470 = CARTESIAN_POINT('',(106.8,17.5,47.5));
#7471 = CIRCLE('',#7472,3.2);
#7472 = AXIS2_PLACEMENT_3D('',#7473,#7474,#7475);
#7473 = CARTESIAN_POINT('',(110.,17.5,47.5));
#7474 = DIRECTION('',(0.,0.,-1.));
#7475 = DIRECTION('',(-1.,0.,0.));
#7476 = ORIENTED_EDGE('',*,*,#7477,.F.);
#7477 = EDGE_CURVE('',#6248,#7469,#7478,.T.);
#7478 = LINE('',#7479,#7480);
#7479 = CARTESIAN_POINT('',(106.8,17.5,51.5));
#7480 = VECTOR('',#7481,1.);
#7481 = DIRECTION('',(0.,0.,-1.));
#7482 = ORIENTED_EDGE('',*,*,#6247,.T.);
#7483 = ORIENTED_EDGE('',*,*,#7477,.T.);
#7484 = CYLINDRICAL_SURFACE('',#7485,3.2);
#7485 = AXIS2_PLACEMENT_3D('',#7486,#7487,#7488);
#7486 = CARTESIAN_POINT('',(110.,17.5,51.5));
#7487 = DIRECTION('',(0.,0.,-1.));
#7488 = DIRECTION('',(-1.,0.,0.));
#7489 = ADVANCED_FACE('',(#7490),#7509,.F.);
#7490 = FACE_BOUND('',#7491,.F.);
#7491 = EDGE_LOOP('',(#7492,#7501,#7507,#7508));
#7492 = ORIENTED_EDGE('',*,*,#7493,.F.);
#7493 = EDGE_CURVE('',#7494,#7494,#7496,.T.);
#7494 = VERTEX_POINT('',#7495);
#7495 = CARTESIAN_POINT('',(102.9,25.,43.5));
#7496 = CIRCLE('',#7497,2.1);
#7497 = AXIS2_PLACEMENT_3D('',#7498,#7499,#7500);
#7498 = CARTESIAN_POINT('',(105.,25.,43.5));
#7499 = DIRECTION('',(0.,0.,-1.));
#7500 = DIRECTION('',(-1.,0.,0.));
#7501 = ORIENTED_EDGE('',*,*,#7502,.F.);
#7502 = EDGE_CURVE('',#6259,#7494,#7503,.T.);
#7503 = LINE('',#7504,#7505);
#7504 = CARTESIAN_POINT('',(102.9,25.,51.5));
#7505 = VECTOR('',#7506,1.);
#7506 = DIRECTION('',(0.,0.,-1.));
#7507 = ORIENTED_EDGE('',*,*,#6258,.T.);
#7508 = ORIENTED_EDGE('',*,*,#7502,.T.);
#7509 = CYLINDRICAL_SURFACE('',#7510,2.1);
#7510 = AXIS2_PLACEMENT_3D('',#7511,#7512,#7513);
#7511 = CARTESIAN_POINT('',(105.,25.,51.5));
#7512 = DIRECTION('',(0.,0.,-1.));
#7513 = DIRECTION('',(-1.,0.,0.));
#7514 = ADVANCED_FACE('',(#7515),#7551,.F.);
#7515 = FACE_BOUND('',#7516,.F.);
#7516 = EDGE_LOOP('',(#7517,#7526,#7533,#7534,#7543,#7550));
#7517 = ORIENTED_EDGE('',*,*,#7518,.T.);
#7518 = EDGE_CURVE('',#6908,#7519,#7521,.T.);
#7519 = VERTEX_POINT('',#7520);
#7520 = CARTESIAN_POINT('',(36.8,37.5,47.5));
#7521 = CIRCLE('',#7522,3.2);
#7522 = AXIS2_PLACEMENT_3D('',#7523,#7524,#7525);
#7523 = CARTESIAN_POINT('',(40.,37.5,47.5));
#7524 = DIRECTION('',(0.,0.,-1.));
#7525 = DIRECTION('',(-1.,0.,0.));
#7526 = ORIENTED_EDGE('',*,*,#7527,.T.);
#7527 = EDGE_CURVE('',#7519,#6286,#7528,.T.);
#7528 = CIRCLE('',#7529,3.2);
#7529 = AXIS2_PLACEMENT_3D('',#7530,#7531,#7532);
#7530 = CARTESIAN_POINT('',(40.,37.5,47.5));
#7531 = DIRECTION('',(0.,0.,-1.));
#7532 = DIRECTION('',(-1.,0.,0.));
#7533 = ORIENTED_EDGE('',*,*,#6293,.F.);
#7534 = ORIENTED_EDGE('',*,*,#7535,.F.);
#7535 = EDGE_CURVE('',#7536,#6294,#7538,.T.);
#7536 = VERTEX_POINT('',#7537);
#7537 = CARTESIAN_POINT('',(38.25,37.5,47.5));
#7538 = CIRCLE('',#7539,1.75);
#7539 = AXIS2_PLACEMENT_3D('',#7540,#7541,#7542);
#7540 = CARTESIAN_POINT('',(40.,37.5,47.5));
#7541 = DIRECTION('',(0.,0.,-1.));
#7542 = DIRECTION('',(-1.,0.,0.));
#7543 = ORIENTED_EDGE('',*,*,#7544,.F.);
#7544 = EDGE_CURVE('',#6900,#7536,#7545,.T.);
#7545 = CIRCLE('',#7546,1.75);
#7546 = AXIS2_PLACEMENT_3D('',#7547,#7548,#7549);
#7547 = CARTESIAN_POINT('',(40.,37.5,47.5));
#7548 = DIRECTION('',(0.,0.,-1.));
#7549 = DIRECTION('',(-1.,0.,0.));
#7550 = ORIENTED_EDGE('',*,*,#6907,.F.);
#7551 = PLANE('',#7552);
#7552 = AXIS2_PLACEMENT_3D('',#7553,#7554,#7555);
#7553 = CARTESIAN_POINT('',(40.,37.5,47.5));
#7554 = DIRECTION('',(0.,0.,-1.));
#7555 = DIRECTION('',(-1.,0.,0.));
#7556 = ADVANCED_FACE('',(#7557),#7576,.F.);
#7557 = FACE_BOUND('',#7558,.F.);
#7558 = EDGE_LOOP('',(#7559,#7567,#7568,#7569));
#7559 = ORIENTED_EDGE('',*,*,#7560,.T.);
#7560 = EDGE_CURVE('',#7561,#6535,#7563,.T.);
#7561 = VERTEX_POINT('',#7562);
#7562 = CARTESIAN_POINT('',(38.25,-17.5,47.5));
#7563 = LINE('',#7564,#7565);
#7564 = CARTESIAN_POINT('',(38.25,-17.5,51.5));
#7565 = VECTOR('',#7566,1.);
#7566 = DIRECTION('',(0.,0.,-1.));
#7567 = ORIENTED_EDGE('',*,*,#6534,.F.);
#7568 = ORIENTED_EDGE('',*,*,#7560,.F.);
#7569 = ORIENTED_EDGE('',*,*,#7570,.T.);
#7570 = EDGE_CURVE('',#7561,#7561,#7571,.T.);
#7571 = CIRCLE('',#7572,1.75);
#7572 = AXIS2_PLACEMENT_3D('',#7573,#7574,#7575);
#7573 = CARTESIAN_POINT('',(40.,-17.5,47.5));
#7574 = DIRECTION('',(0.,0.,-1.));
#7575 = DIRECTION('',(-1.,0.,0.));
#7576 = CYLINDRICAL_SURFACE('',#7577,1.75);
#7577 = AXIS2_PLACEMENT_3D('',#7578,#7579,#7580);
#7578 = CARTESIAN_POINT('',(40.,-17.5,51.5));
#7579 = DIRECTION('',(0.,0.,-1.));
#7580 = DIRECTION('',(-1.,0.,0.));
#7581 = ADVANCED_FACE('',(#7582),#7601,.F.);
#7582 = FACE_BOUND('',#7583,.F.);
#7583 = EDGE_LOOP('',(#7584,#7592,#7593,#7594));
#7584 = ORIENTED_EDGE('',*,*,#7585,.T.);
#7585 = EDGE_CURVE('',#7586,#6546,#7588,.T.);
#7586 = VERTEX_POINT('',#7587);
#7587 = CARTESIAN_POINT('',(58.25,-17.5,47.5));
#7588 = LINE('',#7589,#7590);
#7589 = CARTESIAN_POINT('',(58.25,-17.5,51.5));
#7590 = VECTOR('',#7591,1.);
#7591 = DIRECTION('',(0.,0.,-1.));
#7592 = ORIENTED_EDGE('',*,*,#6545,.F.);
#7593 = ORIENTED_EDGE('',*,*,#7585,.F.);
#7594 = ORIENTED_EDGE('',*,*,#7595,.T.);
#7595 = EDGE_CURVE('',#7586,#7586,#7596,.T.);
#7596 = CIRCLE('',#7597,1.75);
#7597 = AXIS2_PLACEMENT_3D('',#7598,#7599,#7600);
#7598 = CARTESIAN_POINT('',(60.,-17.5,47.5));
#7599 = DIRECTION('',(0.,0.,-1.));
#7600 = DIRECTION('',(-1.,0.,0.));
#7601 = CYLINDRICAL_SURFACE('',#7602,1.75);
#7602 = AXIS2_PLACEMENT_3D('',#7603,#7604,#7605);
#7603 = CARTESIAN_POINT('',(60.,-17.5,51.5));
#7604 = DIRECTION('',(0.,0.,-1.));
#7605 = DIRECTION('',(-1.,0.,0.));
#7606 = ADVANCED_FACE('',(#7607),#7626,.F.);
#7607 = FACE_BOUND('',#7608,.F.);
#7608 = EDGE_LOOP('',(#7609,#7617,#7618,#7619));
#7609 = ORIENTED_EDGE('',*,*,#7610,.T.);
#7610 = EDGE_CURVE('',#7611,#6557,#7613,.T.);
#7611 = VERTEX_POINT('',#7612);
#7612 = CARTESIAN_POINT('',(88.25,-17.5,47.5));
#7613 = LINE('',#7614,#7615);
#7614 = CARTESIAN_POINT('',(88.25,-17.5,51.5));
#7615 = VECTOR('',#7616,1.);
#7616 = DIRECTION('',(0.,0.,-1.));
#7617 = ORIENTED_EDGE('',*,*,#6556,.F.);
#7618 = ORIENTED_EDGE('',*,*,#7610,.F.);
#7619 = ORIENTED_EDGE('',*,*,#7620,.T.);
#7620 = EDGE_CURVE('',#7611,#7611,#7621,.T.);
#7621 = CIRCLE('',#7622,1.75);
#7622 = AXIS2_PLACEMENT_3D('',#7623,#7624,#7625);
#7623 = CARTESIAN_POINT('',(90.,-17.5,47.5));
#7624 = DIRECTION('',(0.,0.,-1.));
#7625 = DIRECTION('',(-1.,0.,0.));
#7626 = CYLINDRICAL_SURFACE('',#7627,1.75);
#7627 = AXIS2_PLACEMENT_3D('',#7628,#7629,#7630);
#7628 = CARTESIAN_POINT('',(90.,-17.5,51.5));
#7629 = DIRECTION('',(0.,0.,-1.));
#7630 = DIRECTION('',(-1.,0.,0.));
#7631 = ADVANCED_FACE('',(#7632),#7651,.F.);
#7632 = FACE_BOUND('',#7633,.F.);
#7633 = EDGE_LOOP('',(#7634,#7642,#7643,#7644));
#7634 = ORIENTED_EDGE('',*,*,#7635,.T.);
#7635 = EDGE_CURVE('',#7636,#6568,#7638,.T.);
#7636 = VERTEX_POINT('',#7637);
#7637 = CARTESIAN_POINT('',(108.25,-17.5,47.5));
#7638 = LINE('',#7639,#7640);
#7639 = CARTESIAN_POINT('',(108.25,-17.5,51.5));
#7640 = VECTOR('',#7641,1.);
#7641 = DIRECTION('',(0.,0.,-1.));
#7642 = ORIENTED_EDGE('',*,*,#6567,.F.);
#7643 = ORIENTED_EDGE('',*,*,#7635,.F.);
#7644 = ORIENTED_EDGE('',*,*,#7645,.T.);
#7645 = EDGE_CURVE('',#7636,#7636,#7646,.T.);
#7646 = CIRCLE('',#7647,1.75);
#7647 = AXIS2_PLACEMENT_3D('',#7648,#7649,#7650);
#7648 = CARTESIAN_POINT('',(110.,-17.5,47.5));
#7649 = DIRECTION('',(0.,0.,-1.));
#7650 = DIRECTION('',(-1.,0.,0.));
#7651 = CYLINDRICAL_SURFACE('',#7652,1.75);
#7652 = AXIS2_PLACEMENT_3D('',#7653,#7654,#7655);
#7653 = CARTESIAN_POINT('',(110.,-17.5,51.5));
#7654 = DIRECTION('',(0.,0.,-1.));
#7655 = DIRECTION('',(-1.,0.,0.));
#7656 = ADVANCED_FACE('',(#7657),#7676,.F.);
#7657 = FACE_BOUND('',#7658,.F.);
#7658 = EDGE_LOOP('',(#7659,#7667,#7668,#7669));
#7659 = ORIENTED_EDGE('',*,*,#7660,.T.);
#7660 = EDGE_CURVE('',#7661,#6579,#7663,.T.);
#7661 = VERTEX_POINT('',#7662);
#7662 = CARTESIAN_POINT('',(38.25,17.5,47.5));
#7663 = LINE('',#7664,#7665);
#7664 = CARTESIAN_POINT('',(38.25,17.5,51.5));
#7665 = VECTOR('',#7666,1.);
#7666 = DIRECTION('',(0.,0.,-1.));
#7667 = ORIENTED_EDGE('',*,*,#6578,.F.);
#7668 = ORIENTED_EDGE('',*,*,#7660,.F.);
#7669 = ORIENTED_EDGE('',*,*,#7670,.T.);
#7670 = EDGE_CURVE('',#7661,#7661,#7671,.T.);
#7671 = CIRCLE('',#7672,1.75);
#7672 = AXIS2_PLACEMENT_3D('',#7673,#7674,#7675);
#7673 = CARTESIAN_POINT('',(40.,17.5,47.5));
#7674 = DIRECTION('',(0.,0.,-1.));
#7675 = DIRECTION('',(-1.,0.,0.));
#7676 = CYLINDRICAL_SURFACE('',#7677,1.75);
#7677 = AXIS2_PLACEMENT_3D('',#7678,#7679,#7680);
#7678 = CARTESIAN_POINT('',(40.,17.5,51.5));
#7679 = DIRECTION('',(0.,0.,-1.));
#7680 = DIRECTION('',(-1.,0.,0.));
#7681 = ADVANCED_FACE('',(#7682),#7701,.F.);
#7682 = FACE_BOUND('',#7683,.F.);
#7683 = EDGE_LOOP('',(#7684,#7692,#7693,#7694));
#7684 = ORIENTED_EDGE('',*,*,#7685,.T.);
#7685 = EDGE_CURVE('',#7686,#6590,#7688,.T.);
#7686 = VERTEX_POINT('',#7687);
#7687 = CARTESIAN_POINT('',(58.25,17.5,47.5));
#7688 = LINE('',#7689,#7690);
#7689 = CARTESIAN_POINT('',(58.25,17.5,51.5));
#7690 = VECTOR('',#7691,1.);
#7691 = DIRECTION('',(0.,0.,-1.));
#7692 = ORIENTED_EDGE('',*,*,#6589,.F.);
#7693 = ORIENTED_EDGE('',*,*,#7685,.F.);
#7694 = ORIENTED_EDGE('',*,*,#7695,.T.);
#7695 = EDGE_CURVE('',#7686,#7686,#7696,.T.);
#7696 = CIRCLE('',#7697,1.75);
#7697 = AXIS2_PLACEMENT_3D('',#7698,#7699,#7700);
#7698 = CARTESIAN_POINT('',(60.,17.5,47.5));
#7699 = DIRECTION('',(0.,0.,-1.));
#7700 = DIRECTION('',(-1.,0.,0.));
#7701 = CYLINDRICAL_SURFACE('',#7702,1.75);
#7702 = AXIS2_PLACEMENT_3D('',#7703,#7704,#7705);
#7703 = CARTESIAN_POINT('',(60.,17.5,51.5));
#7704 = DIRECTION('',(0.,0.,-1.));
#7705 = DIRECTION('',(-1.,0.,0.));
#7706 = ADVANCED_FACE('',(#7707),#7726,.F.);
#7707 = FACE_BOUND('',#7708,.F.);
#7708 = EDGE_LOOP('',(#7709,#7718,#7724,#7725));
#7709 = ORIENTED_EDGE('',*,*,#7710,.F.);
#7710 = EDGE_CURVE('',#7711,#7711,#7713,.T.);
#7711 = VERTEX_POINT('',#7712);
#7712 = CARTESIAN_POINT('',(94.5,-4.776122516675E-15,45.5));
#7713 = CIRCLE('',#7714,19.5);
#7714 = AXIS2_PLACEMENT_3D('',#7715,#7716,#7717);
#7715 = CARTESIAN_POINT('',(75.,0.,45.5));
#7716 = DIRECTION('',(0.,0.,1.));
#7717 = DIRECTION('',(1.,0.,0.));
#7718 = ORIENTED_EDGE('',*,*,#7719,.F.);
#7719 = EDGE_CURVE('',#6601,#7711,#7720,.T.);
#7720 = LINE('',#7721,#7722);
#7721 = CARTESIAN_POINT('',(94.5,-4.776122516675E-15,39.5));
#7722 = VECTOR('',#7723,1.);
#7723 = DIRECTION('',(0.,0.,1.));
#7724 = ORIENTED_EDGE('',*,*,#6600,.T.);
#7725 = ORIENTED_EDGE('',*,*,#7719,.T.);
#7726 = CYLINDRICAL_SURFACE('',#7727,19.5);
#7727 = AXIS2_PLACEMENT_3D('',#7728,#7729,#7730);
#7728 = CARTESIAN_POINT('',(75.,0.,39.5));
#7729 = DIRECTION('',(0.,0.,1.));
#7730 = DIRECTION('',(1.,0.,0.));
#7731 = ADVANCED_FACE('',(#7732),#7751,.F.);
#7732 = FACE_BOUND('',#7733,.F.);
#7733 = EDGE_LOOP('',(#7734,#7742,#7743,#7744));
#7734 = ORIENTED_EDGE('',*,*,#7735,.T.);
#7735 = EDGE_CURVE('',#7736,#6612,#7738,.T.);
#7736 = VERTEX_POINT('',#7737);
#7737 = CARTESIAN_POINT('',(88.25,17.5,47.5));
#7738 = LINE('',#7739,#7740);
#7739 = CARTESIAN_POINT('',(88.25,17.5,51.5));
#7740 = VECTOR('',#7741,1.);
#7741 = DIRECTION('',(0.,0.,-1.));
#7742 = ORIENTED_EDGE('',*,*,#6611,.F.);
#7743 = ORIENTED_EDGE('',*,*,#7735,.F.);
#7744 = ORIENTED_EDGE('',*,*,#7745,.T.);
#7745 = EDGE_CURVE('',#7736,#7736,#7746,.T.);
#7746 = CIRCLE('',#7747,1.75);
#7747 = AXIS2_PLACEMENT_3D('',#7748,#7749,#7750);
#7748 = CARTESIAN_POINT('',(90.,17.5,47.5));
#7749 = DIRECTION('',(0.,0.,-1.));
#7750 = DIRECTION('',(-1.,0.,0.));
#7751 = CYLINDRICAL_SURFACE('',#7752,1.75);
#7752 = AXIS2_PLACEMENT_3D('',#7753,#7754,#7755);
#7753 = CARTESIAN_POINT('',(90.,17.5,51.5));
#7754 = DIRECTION('',(0.,0.,-1.));
#7755 = DIRECTION('',(-1.,0.,0.));
#7756 = ADVANCED_FACE('',(#7757),#7776,.F.);
#7757 = FACE_BOUND('',#7758,.F.);
#7758 = EDGE_LOOP('',(#7759,#7767,#7768,#7769));
#7759 = ORIENTED_EDGE('',*,*,#7760,.T.);
#7760 = EDGE_CURVE('',#7761,#6623,#7763,.T.);
#7761 = VERTEX_POINT('',#7762);
#7762 = CARTESIAN_POINT('',(108.25,17.5,47.5));
#7763 = LINE('',#7764,#7765);
#7764 = CARTESIAN_POINT('',(108.25,17.5,51.5));
#7765 = VECTOR('',#7766,1.);
#7766 = DIRECTION('',(0.,0.,-1.));
#7767 = ORIENTED_EDGE('',*,*,#6622,.F.);
#7768 = ORIENTED_EDGE('',*,*,#7760,.F.);
#7769 = ORIENTED_EDGE('',*,*,#7770,.T.);
#7770 = EDGE_CURVE('',#7761,#7761,#7771,.T.);
#7771 = CIRCLE('',#7772,1.75);
#7772 = AXIS2_PLACEMENT_3D('',#7773,#7774,#7775);
#7773 = CARTESIAN_POINT('',(110.,17.5,47.5));
#7774 = DIRECTION('',(0.,0.,-1.));
#7775 = DIRECTION('',(-1.,0.,0.));
#7776 = CYLINDRICAL_SURFACE('',#7777,1.75);
#7777 = AXIS2_PLACEMENT_3D('',#7778,#7779,#7780);
#7778 = CARTESIAN_POINT('',(110.,17.5,51.5));
#7779 = DIRECTION('',(0.,0.,-1.));
#7780 = DIRECTION('',(-1.,0.,0.));
#7781 = ADVANCED_FACE('',(#7782),#7818,.F.);
#7782 = FACE_BOUND('',#7783,.F.);
#7783 = EDGE_LOOP('',(#7784,#7793,#7800,#7801,#7810,#7817));
#7784 = ORIENTED_EDGE('',*,*,#7785,.T.);
#7785 = EDGE_CURVE('',#6770,#7786,#7788,.T.);
#7786 = VERTEX_POINT('',#7787);
#7787 = CARTESIAN_POINT('',(106.8,-37.5,47.5));
#7788 = CIRCLE('',#7789,3.2);
#7789 = AXIS2_PLACEMENT_3D('',#7790,#7791,#7792);
#7790 = CARTESIAN_POINT('',(110.,-37.5,47.5));
#7791 = DIRECTION('',(0.,0.,-1.));
#7792 = DIRECTION('',(-1.,0.,0.));
#7793 = ORIENTED_EDGE('',*,*,#7794,.T.);
#7794 = EDGE_CURVE('',#7786,#6722,#7795,.T.);
#7795 = CIRCLE('',#7796,3.2);
#7796 = AXIS2_PLACEMENT_3D('',#7797,#7798,#7799);
#7797 = CARTESIAN_POINT('',(110.,-37.5,47.5));
#7798 = DIRECTION('',(0.,0.,-1.));
#7799 = DIRECTION('',(-1.,0.,0.));
#7800 = ORIENTED_EDGE('',*,*,#6721,.T.);
#7801 = ORIENTED_EDGE('',*,*,#7802,.F.);
#7802 = EDGE_CURVE('',#7803,#6714,#7805,.T.);
#7803 = VERTEX_POINT('',#7804);
#7804 = CARTESIAN_POINT('',(108.25,-37.5,47.5));
#7805 = CIRCLE('',#7806,1.75);
#7806 = AXIS2_PLACEMENT_3D('',#7807,#7808,#7809);
#7807 = CARTESIAN_POINT('',(110.,-37.5,47.5));
#7808 = DIRECTION('',(0.,0.,-1.));
#7809 = DIRECTION('',(-1.,0.,0.));
#7810 = ORIENTED_EDGE('',*,*,#7811,.F.);
#7811 = EDGE_CURVE('',#6778,#7803,#7812,.T.);
#7812 = CIRCLE('',#7813,1.75);
#7813 = AXIS2_PLACEMENT_3D('',#7814,#7815,#7816);
#7814 = CARTESIAN_POINT('',(110.,-37.5,47.5));
#7815 = DIRECTION('',(0.,0.,-1.));
#7816 = DIRECTION('',(-1.,0.,0.));
#7817 = ORIENTED_EDGE('',*,*,#6777,.T.);
#7818 = PLANE('',#7819);
#7819 = AXIS2_PLACEMENT_3D('',#7820,#7821,#7822);
#7820 = CARTESIAN_POINT('',(110.,-37.5,47.5));
#7821 = DIRECTION('',(0.,0.,-1.));
#7822 = DIRECTION('',(-1.,0.,0.));
#7823 = ADVANCED_FACE('',(#7824),#7860,.F.);
#7824 = FACE_BOUND('',#7825,.F.);
#7825 = EDGE_LOOP('',(#7826,#7835,#7842,#7843,#7852,#7859));
#7826 = ORIENTED_EDGE('',*,*,#7827,.T.);
#7827 = EDGE_CURVE('',#6824,#7828,#7830,.T.);
#7828 = VERTEX_POINT('',#7829);
#7829 = CARTESIAN_POINT('',(86.8,-37.5,47.5));
#7830 = CIRCLE('',#7831,3.2);
#7831 = AXIS2_PLACEMENT_3D('',#7832,#7833,#7834);
#7832 = CARTESIAN_POINT('',(90.,-37.5,47.5));
#7833 = DIRECTION('',(0.,0.,-1.));
#7834 = DIRECTION('',(-1.,0.,0.));
#7835 = ORIENTED_EDGE('',*,*,#7836,.T.);
#7836 = EDGE_CURVE('',#7828,#6755,#7837,.T.);
#7837 = CIRCLE('',#7838,3.2);
#7838 = AXIS2_PLACEMENT_3D('',#7839,#7840,#7841);
#7839 = CARTESIAN_POINT('',(90.,-37.5,47.5));
#7840 = DIRECTION('',(0.,0.,-1.));
#7841 = DIRECTION('',(-1.,0.,0.));
#7842 = ORIENTED_EDGE('',*,*,#6754,.T.);
#7843 = ORIENTED_EDGE('',*,*,#7844,.F.);
#7844 = EDGE_CURVE('',#7845,#6747,#7847,.T.);
#7845 = VERTEX_POINT('',#7846);
#7846 = CARTESIAN_POINT('',(88.25,-37.5,47.5));
#7847 = CIRCLE('',#7848,1.75);
#7848 = AXIS2_PLACEMENT_3D('',#7849,#7850,#7851);
#7849 = CARTESIAN_POINT('',(90.,-37.5,47.5));
#7850 = DIRECTION('',(0.,0.,-1.));
#7851 = DIRECTION('',(-1.,0.,0.));
#7852 = ORIENTED_EDGE('',*,*,#7853,.F.);
#7853 = EDGE_CURVE('',#6832,#7845,#7854,.T.);
#7854 = CIRCLE('',#7855,1.75);
#7855 = AXIS2_PLACEMENT_3D('',#7856,#7857,#7858);
#7856 = CARTESIAN_POINT('',(90.,-37.5,47.5));
#7857 = DIRECTION('',(0.,0.,-1.));
#7858 = DIRECTION('',(-1.,0.,0.));
#7859 = ORIENTED_EDGE('',*,*,#6831,.T.);
#7860 = PLANE('',#7861);
#7861 = AXIS2_PLACEMENT_3D('',#7862,#7863,#7864);
#7862 = CARTESIAN_POINT('',(90.,-37.5,47.5));
#7863 = DIRECTION('',(0.,0.,-1.));
#7864 = DIRECTION('',(-1.,0.,0.));
#7865 = ADVANCED_FACE('',(#7866),#7902,.F.);
#7866 = FACE_BOUND('',#7867,.F.);
#7867 = EDGE_LOOP('',(#7868,#7877,#7884,#7885,#7894,#7901));
#7868 = ORIENTED_EDGE('',*,*,#7869,.T.);
#7869 = EDGE_CURVE('',#6869,#7870,#7872,.T.);
#7870 = VERTEX_POINT('',#7871);
#7871 = CARTESIAN_POINT('',(56.8,-37.5,47.5));
#7872 = CIRCLE('',#7873,3.2);
#7873 = AXIS2_PLACEMENT_3D('',#7874,#7875,#7876);
#7874 = CARTESIAN_POINT('',(60.,-37.5,47.5));
#7875 = DIRECTION('',(0.,0.,-1.));
#7876 = DIRECTION('',(-1.,0.,0.));
#7877 = ORIENTED_EDGE('',*,*,#7878,.T.);
#7878 = EDGE_CURVE('',#7870,#6809,#7879,.T.);
#7879 = CIRCLE('',#7880,3.2);
#7880 = AXIS2_PLACEMENT_3D('',#7881,#7882,#7883);
#7881 = CARTESIAN_POINT('',(60.,-37.5,47.5));
#7882 = DIRECTION('',(0.,0.,-1.));
#7883 = DIRECTION('',(-1.,0.,0.));
#7884 = ORIENTED_EDGE('',*,*,#6808,.T.);
#7885 = ORIENTED_EDGE('',*,*,#7886,.F.);
#7886 = EDGE_CURVE('',#7887,#6801,#7889,.T.);
#7887 = VERTEX_POINT('',#7888);
#7888 = CARTESIAN_POINT('',(58.25,-37.5,47.5));
#7889 = CIRCLE('',#7890,1.75);
#7890 = AXIS2_PLACEMENT_3D('',#7891,#7892,#7893);
#7891 = CARTESIAN_POINT('',(60.,-37.5,47.5));
#7892 = DIRECTION('',(0.,0.,-1.));
#7893 = DIRECTION('',(-1.,0.,0.));
#7894 = ORIENTED_EDGE('',*,*,#7895,.F.);
#7895 = EDGE_CURVE('',#6877,#7887,#7896,.T.);
#7896 = CIRCLE('',#7897,1.75);
#7897 = AXIS2_PLACEMENT_3D('',#7898,#7899,#7900);
#7898 = CARTESIAN_POINT('',(60.,-37.5,47.5));
#7899 = DIRECTION('',(0.,0.,-1.));
#7900 = DIRECTION('',(-1.,0.,0.));
#7901 = ORIENTED_EDGE('',*,*,#6876,.T.);
#7902 = PLANE('',#7903);
#7903 = AXIS2_PLACEMENT_3D('',#7904,#7905,#7906);
#7904 = CARTESIAN_POINT('',(60.,-37.5,47.5));
#7905 = DIRECTION('',(0.,0.,-1.));
#7906 = DIRECTION('',(-1.,0.,0.));
#7907 = ADVANCED_FACE('',(#7908),#7944,.F.);
#7908 = FACE_BOUND('',#7909,.F.);
#7909 = EDGE_LOOP('',(#7910,#7919,#7926,#7927,#7936,#7943));
#7910 = ORIENTED_EDGE('',*,*,#7911,.T.);
#7911 = EDGE_CURVE('',#6962,#7912,#7914,.T.);
#7912 = VERTEX_POINT('',#7913);
#7913 = CARTESIAN_POINT('',(56.8,37.5,47.5));
#7914 = CIRCLE('',#7915,3.2);
#7915 = AXIS2_PLACEMENT_3D('',#7916,#7917,#7918);
#7916 = CARTESIAN_POINT('',(60.,37.5,47.5));
#7917 = DIRECTION('',(0.,0.,-1.));
#7918 = DIRECTION('',(-1.,0.,0.));
#7919 = ORIENTED_EDGE('',*,*,#7920,.T.);
#7920 = EDGE_CURVE('',#7912,#6923,#7921,.T.);
#7921 = CIRCLE('',#7922,3.2);
#7922 = AXIS2_PLACEMENT_3D('',#7923,#7924,#7925);
#7923 = CARTESIAN_POINT('',(60.,37.5,47.5));
#7924 = DIRECTION('',(0.,0.,-1.));
#7925 = DIRECTION('',(-1.,0.,0.));
#7926 = ORIENTED_EDGE('',*,*,#6930,.F.);
#7927 = ORIENTED_EDGE('',*,*,#7928,.F.);
#7928 = EDGE_CURVE('',#7929,#6931,#7931,.T.);
#7929 = VERTEX_POINT('',#7930);
#7930 = CARTESIAN_POINT('',(58.25,37.5,47.5));
#7931 = CIRCLE('',#7932,1.75);
#7932 = AXIS2_PLACEMENT_3D('',#7933,#7934,#7935);
#7933 = CARTESIAN_POINT('',(60.,37.5,47.5));
#7934 = DIRECTION('',(0.,0.,-1.));
#7935 = DIRECTION('',(-1.,0.,0.));
#7936 = ORIENTED_EDGE('',*,*,#7937,.F.);
#7937 = EDGE_CURVE('',#6954,#7929,#7938,.T.);
#7938 = CIRCLE('',#7939,1.75);
#7939 = AXIS2_PLACEMENT_3D('',#7940,#7941,#7942);
#7940 = CARTESIAN_POINT('',(60.,37.5,47.5));
#7941 = DIRECTION('',(0.,0.,-1.));
#7942 = DIRECTION('',(-1.,0.,0.));
#7943 = ORIENTED_EDGE('',*,*,#6961,.F.);
#7944 = PLANE('',#7945);
#7945 = AXIS2_PLACEMENT_3D('',#7946,#7947,#7948);
#7946 = CARTESIAN_POINT('',(60.,37.5,47.5));
#7947 = DIRECTION('',(0.,0.,-1.));
#7948 = DIRECTION('',(-1.,0.,0.));
#7949 = ADVANCED_FACE('',(#7950),#7986,.F.);
#7950 = FACE_BOUND('',#7951,.F.);
#7951 = EDGE_LOOP('',(#7952,#7961,#7968,#7969,#7978,#7985));
#7952 = ORIENTED_EDGE('',*,*,#7953,.T.);
#7953 = EDGE_CURVE('',#7016,#7954,#7956,.T.);
#7954 = VERTEX_POINT('',#7955);
#7955 = CARTESIAN_POINT('',(86.8,37.5,47.5));
#7956 = CIRCLE('',#7957,3.2);
#7957 = AXIS2_PLACEMENT_3D('',#7958,#7959,#7960);
#7958 = CARTESIAN_POINT('',(90.,37.5,47.5));
#7959 = DIRECTION('',(0.,0.,-1.));
#7960 = DIRECTION('',(-1.,0.,0.));
#7961 = ORIENTED_EDGE('',*,*,#7962,.T.);
#7962 = EDGE_CURVE('',#7954,#6977,#7963,.T.);
#7963 = CIRCLE('',#7964,3.2);
#7964 = AXIS2_PLACEMENT_3D('',#7965,#7966,#7967);
#7965 = CARTESIAN_POINT('',(90.,37.5,47.5));
#7966 = DIRECTION('',(0.,0.,-1.));
#7967 = DIRECTION('',(-1.,0.,0.));
#7968 = ORIENTED_EDGE('',*,*,#6984,.F.);
#7969 = ORIENTED_EDGE('',*,*,#7970,.F.);
#7970 = EDGE_CURVE('',#7971,#6985,#7973,.T.);
#7971 = VERTEX_POINT('',#7972);
#7972 = CARTESIAN_POINT('',(88.25,37.5,47.5));
#7973 = CIRCLE('',#7974,1.75);
#7974 = AXIS2_PLACEMENT_3D('',#7975,#7976,#7977);
#7975 = CARTESIAN_POINT('',(90.,37.5,47.5));
#7976 = DIRECTION('',(0.,0.,-1.));
#7977 = DIRECTION('',(-1.,0.,0.));
#7978 = ORIENTED_EDGE('',*,*,#7979,.F.);
#7979 = EDGE_CURVE('',#7008,#7971,#7980,.T.);
#7980 = CIRCLE('',#7981,1.75);
#7981 = AXIS2_PLACEMENT_3D('',#7982,#7983,#7984);
#7982 = CARTESIAN_POINT('',(90.,37.5,47.5));
#7983 = DIRECTION('',(0.,0.,-1.));
#7984 = DIRECTION('',(-1.,0.,0.));
#7985 = ORIENTED_EDGE('',*,*,#7015,.F.);
#7986 = PLANE('',#7987);
#7987 = AXIS2_PLACEMENT_3D('',#7988,#7989,#7990);
#7988 = CARTESIAN_POINT('',(90.,37.5,47.5));
#7989 = DIRECTION('',(0.,0.,-1.));
#7990 = DIRECTION('',(-1.,0.,0.));
#7991 = ADVANCED_FACE('',(#7992),#8028,.F.);
#7992 = FACE_BOUND('',#7993,.F.);
#7993 = EDGE_LOOP('',(#7994,#8003,#8010,#8011,#8020,#8027));
#7994 = ORIENTED_EDGE('',*,*,#7995,.T.);
#7995 = EDGE_CURVE('',#7070,#7996,#7998,.T.);
#7996 = VERTEX_POINT('',#7997);
#7997 = CARTESIAN_POINT('',(106.8,37.5,47.5));
#7998 = CIRCLE('',#7999,3.2);
#7999 = AXIS2_PLACEMENT_3D('',#8000,#8001,#8002);
#8000 = CARTESIAN_POINT('',(110.,37.5,47.5));
#8001 = DIRECTION('',(0.,0.,-1.));
#8002 = DIRECTION('',(-1.,0.,0.));
#8003 = ORIENTED_EDGE('',*,*,#8004,.T.);
#8004 = EDGE_CURVE('',#7996,#7031,#8005,.T.);
#8005 = CIRCLE('',#8006,3.2);
#8006 = AXIS2_PLACEMENT_3D('',#8007,#8008,#8009);
#8007 = CARTESIAN_POINT('',(110.,37.5,47.5));
#8008 = DIRECTION('',(0.,0.,-1.));
#8009 = DIRECTION('',(-1.,0.,0.));
#8010 = ORIENTED_EDGE('',*,*,#7038,.F.);
#8011 = ORIENTED_EDGE('',*,*,#8012,.F.);
#8012 = EDGE_CURVE('',#8013,#7039,#8015,.T.);
#8013 = VERTEX_POINT('',#8014);
#8014 = CARTESIAN_POINT('',(108.25,37.5,47.5));
#8015 = CIRCLE('',#8016,1.75);
#8016 = AXIS2_PLACEMENT_3D('',#8017,#8018,#8019);
#8017 = CARTESIAN_POINT('',(110.,37.5,47.5));
#8018 = DIRECTION('',(0.,0.,-1.));
#8019 = DIRECTION('',(-1.,0.,0.));
#8020 = ORIENTED_EDGE('',*,*,#8021,.F.);
#8021 = EDGE_CURVE('',#7062,#8013,#8022,.T.);
#8022 = CIRCLE('',#8023,1.75);
#8023 = AXIS2_PLACEMENT_3D('',#8024,#8025,#8026);
#8024 = CARTESIAN_POINT('',(110.,37.5,47.5));
#8025 = DIRECTION('',(0.,0.,-1.));
#8026 = DIRECTION('',(-1.,0.,0.));
#8027 = ORIENTED_EDGE('',*,*,#7069,.F.);
#8028 = PLANE('',#8029);
#8029 = AXIS2_PLACEMENT_3D('',#8030,#8031,#8032);
#8030 = CARTESIAN_POINT('',(110.,37.5,47.5));
#8031 = DIRECTION('',(0.,0.,-1.));
#8032 = DIRECTION('',(-1.,0.,0.));
#8033 = ADVANCED_FACE('',(#8034),#8037,.F.);
#8034 = FACE_BOUND('',#8035,.F.);
#8035 = EDGE_LOOP('',(#8036));
#8036 = ORIENTED_EDGE('',*,*,#7093,.T.);
#8037 = PLANE('',#8038);
#8038 = AXIS2_PLACEMENT_3D('',#8039,#8040,#8041);
#8039 = CARTESIAN_POINT('',(45.,-25.,43.5));
#8040 = DIRECTION('',(0.,0.,-1.));
#8041 = DIRECTION('',(-1.,0.,0.));
#8042 = ADVANCED_FACE('',(#8043,#8046),#8049,.F.);
#8043 = FACE_BOUND('',#8044,.F.);
#8044 = EDGE_LOOP('',(#8045));
#8045 = ORIENTED_EDGE('',*,*,#7118,.T.);
#8046 = FACE_BOUND('',#8047,.F.);
#8047 = EDGE_LOOP('',(#8048));
#8048 = ORIENTED_EDGE('',*,*,#7570,.F.);
#8049 = PLANE('',#8050);
#8050 = AXIS2_PLACEMENT_3D('',#8051,#8052,#8053);
#8051 = CARTESIAN_POINT('',(40.,-17.5,47.5));
#8052 = DIRECTION('',(0.,0.,-1.));
#8053 = DIRECTION('',(-1.,0.,0.));
#8054 = ADVANCED_FACE('',(#8055),#8058,.F.);
#8055 = FACE_BOUND('',#8056,.F.);
#8056 = EDGE_LOOP('',(#8057));
#8057 = ORIENTED_EDGE('',*,*,#7143,.T.);
#8058 = PLANE('',#8059);
#8059 = AXIS2_PLACEMENT_3D('',#8060,#8061,#8062);
#8060 = CARTESIAN_POINT('',(75.,-25.,43.5));
#8061 = DIRECTION('',(0.,0.,-1.));
#8062 = DIRECTION('',(-1.,0.,0.));
#8063 = ADVANCED_FACE('',(#8064,#8067),#8070,.F.);
#8064 = FACE_BOUND('',#8065,.F.);
#8065 = EDGE_LOOP('',(#8066));
#8066 = ORIENTED_EDGE('',*,*,#7168,.T.);
#8067 = FACE_BOUND('',#8068,.F.);
#8068 = EDGE_LOOP('',(#8069));
#8069 = ORIENTED_EDGE('',*,*,#7595,.F.);
#8070 = PLANE('',#8071);
#8071 = AXIS2_PLACEMENT_3D('',#8072,#8073,#8074);
#8072 = CARTESIAN_POINT('',(60.,-17.5,47.5));
#8073 = DIRECTION('',(0.,0.,-1.));
#8074 = DIRECTION('',(-1.,0.,0.));
#8075 = ADVANCED_FACE('',(#8076,#8079),#8082,.F.);
#8076 = FACE_BOUND('',#8077,.F.);
#8077 = EDGE_LOOP('',(#8078));
#8078 = ORIENTED_EDGE('',*,*,#7193,.T.);
#8079 = FACE_BOUND('',#8080,.F.);
#8080 = EDGE_LOOP('',(#8081));
#8081 = ORIENTED_EDGE('',*,*,#7620,.F.);
#8082 = PLANE('',#8083);
#8083 = AXIS2_PLACEMENT_3D('',#8084,#8085,#8086);
#8084 = CARTESIAN_POINT('',(90.,-17.5,47.5));
#8085 = DIRECTION('',(0.,0.,-1.));
#8086 = DIRECTION('',(-1.,0.,0.));
#8087 = ADVANCED_FACE('',(#8088),#8091,.F.);
#8088 = FACE_BOUND('',#8089,.F.);
#8089 = EDGE_LOOP('',(#8090));
#8090 = ORIENTED_EDGE('',*,*,#7218,.T.);
#8091 = PLANE('',#8092);
#8092 = AXIS2_PLACEMENT_3D('',#8093,#8094,#8095);
#8093 = CARTESIAN_POINT('',(105.,-25.,43.5));
#8094 = DIRECTION('',(0.,0.,-1.));
#8095 = DIRECTION('',(-1.,0.,0.));
#8096 = ADVANCED_FACE('',(#8097,#8100),#8103,.F.);
#8097 = FACE_BOUND('',#8098,.F.);
#8098 = EDGE_LOOP('',(#8099));
#8099 = ORIENTED_EDGE('',*,*,#7243,.T.);
#8100 = FACE_BOUND('',#8101,.F.);
#8101 = EDGE_LOOP('',(#8102));
#8102 = ORIENTED_EDGE('',*,*,#7645,.F.);
#8103 = PLANE('',#8104);
#8104 = AXIS2_PLACEMENT_3D('',#8105,#8106,#8107);
#8105 = CARTESIAN_POINT('',(110.,-17.5,47.5));
#8106 = DIRECTION('',(0.,0.,-1.));
#8107 = DIRECTION('',(-1.,0.,0.));
#8108 = ADVANCED_FACE('',(#8109),#8112,.F.);
#8109 = FACE_BOUND('',#8110,.F.);
#8110 = EDGE_LOOP('',(#8111));
#8111 = ORIENTED_EDGE('',*,*,#7268,.T.);
#8112 = PLANE('',#8113);
#8113 = AXIS2_PLACEMENT_3D('',#8114,#8115,#8116);
#8114 = CARTESIAN_POINT('',(45.,0.,43.5));
#8115 = DIRECTION('',(0.,0.,-1.));
#8116 = DIRECTION('',(-1.,0.,0.));
#8117 = ADVANCED_FACE('',(#8118,#8121),#8124,.F.);
#8118 = FACE_BOUND('',#8119,.F.);
#8119 = EDGE_LOOP('',(#8120));
#8120 = ORIENTED_EDGE('',*,*,#7710,.T.);
#8121 = FACE_BOUND('',#8122,.F.);
#8122 = EDGE_LOOP('',(#8123));
#8123 = ORIENTED_EDGE('',*,*,#7293,.T.);
#8124 = PLANE('',#8125);
#8125 = AXIS2_PLACEMENT_3D('',#8126,#8127,#8128);
#8126 = CARTESIAN_POINT('',(75.,0.,45.5));
#8127 = DIRECTION('',(0.,0.,1.));
#8128 = DIRECTION('',(1.,0.,0.));
#8129 = ADVANCED_FACE('',(#8130,#8133),#8136,.F.);
#8130 = FACE_BOUND('',#8131,.F.);
#8131 = EDGE_LOOP('',(#8132));
#8132 = ORIENTED_EDGE('',*,*,#7318,.T.);
#8133 = FACE_BOUND('',#8134,.F.);
#8134 = EDGE_LOOP('',(#8135));
#8135 = ORIENTED_EDGE('',*,*,#7670,.F.);
#8136 = PLANE('',#8137);
#8137 = AXIS2_PLACEMENT_3D('',#8138,#8139,#8140);
#8138 = CARTESIAN_POINT('',(40.,17.5,47.5));
#8139 = DIRECTION('',(0.,0.,-1.));
#8140 = DIRECTION('',(-1.,0.,0.));
#8141 = ADVANCED_FACE('',(#8142),#8145,.F.);
#8142 = FACE_BOUND('',#8143,.F.);
#8143 = EDGE_LOOP('',(#8144));
#8144 = ORIENTED_EDGE('',*,*,#7343,.T.);
#8145 = PLANE('',#8146);
#8146 = AXIS2_PLACEMENT_3D('',#8147,#8148,#8149);
#8147 = CARTESIAN_POINT('',(45.,25.,43.5));
#8148 = DIRECTION('',(0.,0.,-1.));
#8149 = DIRECTION('',(-1.,0.,0.));
#8150 = ADVANCED_FACE('',(#8151,#8154),#8157,.F.);
#8151 = FACE_BOUND('',#8152,.F.);
#8152 = EDGE_LOOP('',(#8153));
#8153 = ORIENTED_EDGE('',*,*,#7368,.T.);
#8154 = FACE_BOUND('',#8155,.F.);
#8155 = EDGE_LOOP('',(#8156));
#8156 = ORIENTED_EDGE('',*,*,#7695,.F.);
#8157 = PLANE('',#8158);
#8158 = AXIS2_PLACEMENT_3D('',#8159,#8160,#8161);
#8159 = CARTESIAN_POINT('',(60.,17.5,47.5));
#8160 = DIRECTION('',(0.,0.,-1.));
#8161 = DIRECTION('',(-1.,0.,0.));
#8162 = ADVANCED_FACE('',(#8163),#8166,.F.);
#8163 = FACE_BOUND('',#8164,.F.);
#8164 = EDGE_LOOP('',(#8165));
#8165 = ORIENTED_EDGE('',*,*,#7393,.T.);
#8166 = PLANE('',#8167);
#8167 = AXIS2_PLACEMENT_3D('',#8168,#8169,#8170);
#8168 = CARTESIAN_POINT('',(75.,25.,43.5));
#8169 = DIRECTION('',(0.,0.,-1.));
#8170 = DIRECTION('',(-1.,0.,0.));
#8171 = ADVANCED_FACE('',(#8172),#8175,.F.);
#8172 = FACE_BOUND('',#8173,.F.);
#8173 = EDGE_LOOP('',(#8174));
#8174 = ORIENTED_EDGE('',*,*,#7418,.T.);
#8175 = PLANE('',#8176);
#8176 = AXIS2_PLACEMENT_3D('',#8177,#8178,#8179);
#8177 = CARTESIAN_POINT('',(105.,0.,43.5));
#8178 = DIRECTION('',(0.,0.,-1.));
#8179 = DIRECTION('',(-1.,0.,0.));
#8180 = ADVANCED_FACE('',(#8181,#8184),#8187,.F.);
#8181 = FACE_BOUND('',#8182,.F.);
#8182 = EDGE_LOOP('',(#8183));
#8183 = ORIENTED_EDGE('',*,*,#7443,.T.);
#8184 = FACE_BOUND('',#8185,.F.);
#8185 = EDGE_LOOP('',(#8186));
#8186 = ORIENTED_EDGE('',*,*,#7745,.F.);
#8187 = PLANE('',#8188);
#8188 = AXIS2_PLACEMENT_3D('',#8189,#8190,#8191);
#8189 = CARTESIAN_POINT('',(90.,17.5,47.5));
#8190 = DIRECTION('',(0.,0.,-1.));
#8191 = DIRECTION('',(-1.,0.,0.));
#8192 = ADVANCED_FACE('',(#8193,#8196),#8199,.F.);
#8193 = FACE_BOUND('',#8194,.F.);
#8194 = EDGE_LOOP('',(#8195));
#8195 = ORIENTED_EDGE('',*,*,#7468,.T.);
#8196 = FACE_BOUND('',#8197,.F.);
#8197 = EDGE_LOOP('',(#8198));
#8198 = ORIENTED_EDGE('',*,*,#7770,.F.);
#8199 = PLANE('',#8200);
#8200 = AXIS2_PLACEMENT_3D('',#8201,#8202,#8203);
#8201 = CARTESIAN_POINT('',(110.,17.5,47.5));
#8202 = DIRECTION('',(0.,0.,-1.));
#8203 = DIRECTION('',(-1.,0.,0.));
#8204 = ADVANCED_FACE('',(#8205),#8208,.F.);
#8205 = FACE_BOUND('',#8206,.F.);
#8206 = EDGE_LOOP('',(#8207));
#8207 = ORIENTED_EDGE('',*,*,#7493,.T.);
#8208 = PLANE('',#8209);
#8209 = AXIS2_PLACEMENT_3D('',#8210,#8211,#8212);
#8210 = CARTESIAN_POINT('',(105.,25.,43.5));
#8211 = DIRECTION('',(0.,0.,-1.));
#8212 = DIRECTION('',(-1.,0.,0.));
#8213 = ADVANCED_FACE('',(#8214),#8222,.F.);
#8214 = FACE_BOUND('',#8215,.F.);
#8215 = EDGE_LOOP('',(#8216,#8217,#8218,#8219,#8220,#8221));
#8216 = ORIENTED_EDGE('',*,*,#6854,.T.);
#8217 = ORIENTED_EDGE('',*,*,#6439,.F.);
#8218 = ORIENTED_EDGE('',*,*,#6430,.F.);
#8219 = ORIENTED_EDGE('',*,*,#5842,.F.);
#8220 = ORIENTED_EDGE('',*,*,#6674,.T.);
#8221 = ORIENTED_EDGE('',*,*,#6665,.T.);
#8222 = CYLINDRICAL_SURFACE('',#8223,1.75);
#8223 = AXIS2_PLACEMENT_3D('',#8224,#8225,#8226);
#8224 = CARTESIAN_POINT('',(40.,-37.5,51.5));
#8225 = DIRECTION('',(0.,0.,-1.));
#8226 = DIRECTION('',(-1.,0.,0.));
#8227 = ADVANCED_FACE('',(#8228),#8236,.F.);
#8228 = FACE_BOUND('',#8229,.F.);
#8229 = EDGE_LOOP('',(#8230,#8231,#8232,#8233,#8234,#8235));
#8230 = ORIENTED_EDGE('',*,*,#6861,.T.);
#8231 = ORIENTED_EDGE('',*,*,#6648,.F.);
#8232 = ORIENTED_EDGE('',*,*,#6639,.F.);
#8233 = ORIENTED_EDGE('',*,*,#5826,.F.);
#8234 = ORIENTED_EDGE('',*,*,#5978,.T.);
#8235 = ORIENTED_EDGE('',*,*,#5987,.T.);
#8236 = CYLINDRICAL_SURFACE('',#8237,3.2);
#8237 = AXIS2_PLACEMENT_3D('',#8238,#8239,#8240);
#8238 = CARTESIAN_POINT('',(40.,-37.5,51.5));
#8239 = DIRECTION('',(0.,0.,-1.));
#8240 = DIRECTION('',(-1.,0.,0.));
#8241 = ADVANCED_FACE('',(#8242),#8250,.F.);
#8242 = FACE_BOUND('',#8243,.F.);
#8243 = EDGE_LOOP('',(#8244,#8245,#8246,#8247,#8248,#8249));
#8244 = ORIENTED_EDGE('',*,*,#6769,.F.);
#8245 = ORIENTED_EDGE('',*,*,#6056,.T.);
#8246 = ORIENTED_EDGE('',*,*,#6065,.T.);
#8247 = ORIENTED_EDGE('',*,*,#6729,.T.);
#8248 = ORIENTED_EDGE('',*,*,#7794,.F.);
#8249 = ORIENTED_EDGE('',*,*,#7785,.F.);
#8250 = CYLINDRICAL_SURFACE('',#8251,3.2);
#8251 = AXIS2_PLACEMENT_3D('',#8252,#8253,#8254);
#8252 = CARTESIAN_POINT('',(110.,-37.5,51.5));
#8253 = DIRECTION('',(0.,0.,-1.));
#8254 = DIRECTION('',(-1.,0.,0.));
#8255 = ADVANCED_FACE('',(#8256),#8264,.F.);
#8256 = FACE_BOUND('',#8257,.F.);
#8257 = EDGE_LOOP('',(#8258,#8259,#8260,#8261,#8262,#8263));
#8258 = ORIENTED_EDGE('',*,*,#6823,.F.);
#8259 = ORIENTED_EDGE('',*,*,#6030,.T.);
#8260 = ORIENTED_EDGE('',*,*,#6039,.T.);
#8261 = ORIENTED_EDGE('',*,*,#6762,.T.);
#8262 = ORIENTED_EDGE('',*,*,#7836,.F.);
#8263 = ORIENTED_EDGE('',*,*,#7827,.F.);
#8264 = CYLINDRICAL_SURFACE('',#8265,3.2);
#8265 = AXIS2_PLACEMENT_3D('',#8266,#8267,#8268);
#8266 = CARTESIAN_POINT('',(90.,-37.5,51.5));
#8267 = DIRECTION('',(0.,0.,-1.));
#8268 = DIRECTION('',(-1.,0.,0.));
#8269 = ADVANCED_FACE('',(#8270),#8278,.F.);
#8270 = FACE_BOUND('',#8271,.F.);
#8271 = EDGE_LOOP('',(#8272,#8273,#8274,#8275,#8276,#8277));
#8272 = ORIENTED_EDGE('',*,*,#6868,.F.);
#8273 = ORIENTED_EDGE('',*,*,#6004,.T.);
#8274 = ORIENTED_EDGE('',*,*,#6013,.T.);
#8275 = ORIENTED_EDGE('',*,*,#6816,.T.);
#8276 = ORIENTED_EDGE('',*,*,#7878,.F.);
#8277 = ORIENTED_EDGE('',*,*,#7869,.F.);
#8278 = CYLINDRICAL_SURFACE('',#8279,3.2);
#8279 = AXIS2_PLACEMENT_3D('',#8280,#8281,#8282);
#8280 = CARTESIAN_POINT('',(60.,-37.5,51.5));
#8281 = DIRECTION('',(0.,0.,-1.));
#8282 = DIRECTION('',(-1.,0.,0.));
#8283 = ADVANCED_FACE('',(#8284),#8292,.F.);
#8284 = FACE_BOUND('',#8285,.F.);
#8285 = EDGE_LOOP('',(#8286,#8287,#8288,#8289,#8290,#8291));
#8286 = ORIENTED_EDGE('',*,*,#6915,.F.);
#8287 = ORIENTED_EDGE('',*,*,#5952,.T.);
#8288 = ORIENTED_EDGE('',*,*,#5961,.T.);
#8289 = ORIENTED_EDGE('',*,*,#6285,.T.);
#8290 = ORIENTED_EDGE('',*,*,#7527,.F.);
#8291 = ORIENTED_EDGE('',*,*,#7518,.F.);
#8292 = CYLINDRICAL_SURFACE('',#8293,3.2);
#8293 = AXIS2_PLACEMENT_3D('',#8294,#8295,#8296);
#8294 = CARTESIAN_POINT('',(40.,37.5,51.5));
#8295 = DIRECTION('',(0.,0.,-1.));
#8296 = DIRECTION('',(-1.,0.,0.));
#8297 = ADVANCED_FACE('',(#8298),#8306,.F.);
#8298 = FACE_BOUND('',#8299,.F.);
#8299 = EDGE_LOOP('',(#8300,#8301,#8302,#8303,#8304,#8305));
#8300 = ORIENTED_EDGE('',*,*,#6969,.F.);
#8301 = ORIENTED_EDGE('',*,*,#5926,.T.);
#8302 = ORIENTED_EDGE('',*,*,#5935,.T.);
#8303 = ORIENTED_EDGE('',*,*,#6922,.T.);
#8304 = ORIENTED_EDGE('',*,*,#7920,.F.);
#8305 = ORIENTED_EDGE('',*,*,#7911,.F.);
#8306 = CYLINDRICAL_SURFACE('',#8307,3.2);
#8307 = AXIS2_PLACEMENT_3D('',#8308,#8309,#8310);
#8308 = CARTESIAN_POINT('',(60.,37.5,51.5));
#8309 = DIRECTION('',(0.,0.,-1.));
#8310 = DIRECTION('',(-1.,0.,0.));
#8311 = ADVANCED_FACE('',(#8312),#8320,.F.);
#8312 = FACE_BOUND('',#8313,.F.);
#8313 = EDGE_LOOP('',(#8314,#8315,#8316,#8317,#8318,#8319));
#8314 = ORIENTED_EDGE('',*,*,#7023,.F.);
#8315 = ORIENTED_EDGE('',*,*,#5900,.T.);
#8316 = ORIENTED_EDGE('',*,*,#5909,.T.);
#8317 = ORIENTED_EDGE('',*,*,#6976,.T.);
#8318 = ORIENTED_EDGE('',*,*,#7962,.F.);
#8319 = ORIENTED_EDGE('',*,*,#7953,.F.);
#8320 = CYLINDRICAL_SURFACE('',#8321,3.2);
#8321 = AXIS2_PLACEMENT_3D('',#8322,#8323,#8324);
#8322 = CARTESIAN_POINT('',(90.,37.5,51.5));
#8323 = DIRECTION('',(0.,0.,-1.));
#8324 = DIRECTION('',(-1.,0.,0.));
#8325 = ADVANCED_FACE('',(#8326),#8334,.F.);
#8326 = FACE_BOUND('',#8327,.F.);
#8327 = EDGE_LOOP('',(#8328,#8329,#8330,#8331,#8332,#8333));
#8328 = ORIENTED_EDGE('',*,*,#7077,.F.);
#8329 = ORIENTED_EDGE('',*,*,#5874,.T.);
#8330 = ORIENTED_EDGE('',*,*,#5883,.T.);
#8331 = ORIENTED_EDGE('',*,*,#7030,.T.);
#8332 = ORIENTED_EDGE('',*,*,#8004,.F.);
#8333 = ORIENTED_EDGE('',*,*,#7995,.F.);
#8334 = CYLINDRICAL_SURFACE('',#8335,3.2);
#8335 = AXIS2_PLACEMENT_3D('',#8336,#8337,#8338);
#8336 = CARTESIAN_POINT('',(110.,37.5,51.5));
#8337 = DIRECTION('',(0.,0.,-1.));
#8338 = DIRECTION('',(-1.,0.,0.));
#8339 = ADVANCED_FACE('',(#8340),#8348,.F.);
#8340 = FACE_BOUND('',#8341,.F.);
#8341 = EDGE_LOOP('',(#8342,#8343,#8344,#8345,#8346,#8347));
#8342 = ORIENTED_EDGE('',*,*,#6899,.F.);
#8343 = ORIENTED_EDGE('',*,*,#7544,.T.);
#8344 = ORIENTED_EDGE('',*,*,#7535,.T.);
#8345 = ORIENTED_EDGE('',*,*,#6301,.T.);
#8346 = ORIENTED_EDGE('',*,*,#6420,.F.);
#8347 = ORIENTED_EDGE('',*,*,#6411,.F.);
#8348 = CYLINDRICAL_SURFACE('',#8349,1.75);
#8349 = AXIS2_PLACEMENT_3D('',#8350,#8351,#8352);
#8350 = CARTESIAN_POINT('',(40.,37.5,51.5));
#8351 = DIRECTION('',(0.,0.,-1.));
#8352 = DIRECTION('',(-1.,0.,0.));
#8353 = ADVANCED_FACE('',(#8354),#8362,.F.);
#8354 = FACE_BOUND('',#8355,.F.);
#8355 = EDGE_LOOP('',(#8356,#8357,#8358,#8359,#8360,#8361));
#8356 = ORIENTED_EDGE('',*,*,#7046,.T.);
#8357 = ORIENTED_EDGE('',*,*,#6342,.F.);
#8358 = ORIENTED_EDGE('',*,*,#6333,.F.);
#8359 = ORIENTED_EDGE('',*,*,#7061,.F.);
#8360 = ORIENTED_EDGE('',*,*,#8021,.T.);
#8361 = ORIENTED_EDGE('',*,*,#8012,.T.);
#8362 = CYLINDRICAL_SURFACE('',#8363,1.75);
#8363 = AXIS2_PLACEMENT_3D('',#8364,#8365,#8366);
#8364 = CARTESIAN_POINT('',(110.,37.5,51.5));
#8365 = DIRECTION('',(0.,0.,-1.));
#8366 = DIRECTION('',(-1.,0.,0.));
#8367 = ADVANCED_FACE('',(#8368),#8376,.F.);
#8368 = FACE_BOUND('',#8369,.F.);
#8369 = EDGE_LOOP('',(#8370,#8371,#8372,#8373,#8374,#8375));
#8370 = ORIENTED_EDGE('',*,*,#6785,.F.);
#8371 = ORIENTED_EDGE('',*,*,#7811,.T.);
#8372 = ORIENTED_EDGE('',*,*,#7802,.T.);
#8373 = ORIENTED_EDGE('',*,*,#6713,.T.);
#8374 = ORIENTED_EDGE('',*,*,#6517,.F.);
#8375 = ORIENTED_EDGE('',*,*,#6508,.F.);
#8376 = CYLINDRICAL_SURFACE('',#8377,1.75);
#8377 = AXIS2_PLACEMENT_3D('',#8378,#8379,#8380);
#8378 = CARTESIAN_POINT('',(110.,-37.5,51.5));
#8379 = DIRECTION('',(0.,0.,-1.));
#8380 = DIRECTION('',(-1.,0.,0.));
#8381 = ADVANCED_FACE('',(#8382),#8390,.F.);
#8382 = FACE_BOUND('',#8383,.F.);
#8383 = EDGE_LOOP('',(#8384,#8385,#8386,#8387,#8388,#8389));
#8384 = ORIENTED_EDGE('',*,*,#6992,.T.);
#8385 = ORIENTED_EDGE('',*,*,#6368,.F.);
#8386 = ORIENTED_EDGE('',*,*,#6359,.F.);
#8387 = ORIENTED_EDGE('',*,*,#7007,.F.);
#8388 = ORIENTED_EDGE('',*,*,#7979,.T.);
#8389 = ORIENTED_EDGE('',*,*,#7970,.T.);
#8390 = CYLINDRICAL_SURFACE('',#8391,1.75);
#8391 = AXIS2_PLACEMENT_3D('',#8392,#8393,#8394);
#8392 = CARTESIAN_POINT('',(90.,37.5,51.5));
#8393 = DIRECTION('',(0.,0.,-1.));
#8394 = DIRECTION('',(-1.,0.,0.));
#8395 = ADVANCED_FACE('',(#8396),#8404,.F.);
#8396 = FACE_BOUND('',#8397,.F.);
#8397 = EDGE_LOOP('',(#8398,#8399,#8400,#8401,#8402,#8403));
#8398 = ORIENTED_EDGE('',*,*,#6839,.F.);
#8399 = ORIENTED_EDGE('',*,*,#7853,.T.);
#8400 = ORIENTED_EDGE('',*,*,#7844,.T.);
#8401 = ORIENTED_EDGE('',*,*,#6746,.T.);
#8402 = ORIENTED_EDGE('',*,*,#6491,.F.);
#8403 = ORIENTED_EDGE('',*,*,#6482,.F.);
#8404 = CYLINDRICAL_SURFACE('',#8405,1.75);
#8405 = AXIS2_PLACEMENT_3D('',#8406,#8407,#8408);
#8406 = CARTESIAN_POINT('',(90.,-37.5,51.5));
#8407 = DIRECTION('',(0.,0.,-1.));
#8408 = DIRECTION('',(-1.,0.,0.));
#8409 = ADVANCED_FACE('',(#8410),#8418,.F.);
#8410 = FACE_BOUND('',#8411,.F.);
#8411 = EDGE_LOOP('',(#8412,#8413,#8414,#8415,#8416,#8417));
#8412 = ORIENTED_EDGE('',*,*,#6938,.T.);
#8413 = ORIENTED_EDGE('',*,*,#6394,.F.);
#8414 = ORIENTED_EDGE('',*,*,#6385,.F.);
#8415 = ORIENTED_EDGE('',*,*,#6953,.F.);
#8416 = ORIENTED_EDGE('',*,*,#7937,.T.);
#8417 = ORIENTED_EDGE('',*,*,#7928,.T.);
#8418 = CYLINDRICAL_SURFACE('',#8419,1.75);
#8419 = AXIS2_PLACEMENT_3D('',#8420,#8421,#8422);
#8420 = CARTESIAN_POINT('',(60.,37.5,51.5));
#8421 = DIRECTION('',(0.,0.,-1.));
#8422 = DIRECTION('',(-1.,0.,0.));
#8423 = ADVANCED_FACE('',(#8424),#8432,.F.);
#8424 = FACE_BOUND('',#8425,.F.);
#8425 = EDGE_LOOP('',(#8426,#8427,#8428,#8429,#8430,#8431));
#8426 = ORIENTED_EDGE('',*,*,#6884,.F.);
#8427 = ORIENTED_EDGE('',*,*,#7895,.T.);
#8428 = ORIENTED_EDGE('',*,*,#7886,.T.);
#8429 = ORIENTED_EDGE('',*,*,#6800,.T.);
#8430 = ORIENTED_EDGE('',*,*,#6465,.F.);
#8431 = ORIENTED_EDGE('',*,*,#6456,.F.);
#8432 = CYLINDRICAL_SURFACE('',#8433,1.75);
#8433 = AXIS2_PLACEMENT_3D('',#8434,#8435,#8436);
#8434 = CARTESIAN_POINT('',(60.,-37.5,51.5));
#8435 = DIRECTION('',(0.,0.,-1.));
#8436 = DIRECTION('',(-1.,0.,0.));
#8437 = MANIFOLD_SOLID_BREP('',#8438);
#8438 = CLOSED_SHELL('',(#8439,#8505,#8536,#8560,#8584,#8615,#8632,#8661
    ));
#8439 = ADVANCED_FACE('',(#8440),#8500,.F.);
#8440 = FACE_BOUND('',#8441,.F.);
#8441 = EDGE_LOOP('',(#8442,#8452,#8460,#8468,#8477,#8486,#8494));
#8442 = ORIENTED_EDGE('',*,*,#8443,.F.);
#8443 = EDGE_CURVE('',#8444,#8446,#8448,.T.);
#8444 = VERTEX_POINT('',#8445);
#8445 = CARTESIAN_POINT('',(57.,-18.,39.5));
#8446 = VERTEX_POINT('',#8447);
#8447 = CARTESIAN_POINT('',(57.,18.,39.5));
#8448 = LINE('',#8449,#8450);
#8449 = CARTESIAN_POINT('',(57.,-18.,39.5));
#8450 = VECTOR('',#8451,1.);
#8451 = DIRECTION('',(0.,1.,0.));
#8452 = ORIENTED_EDGE('',*,*,#8453,.F.);
#8453 = EDGE_CURVE('',#8454,#8444,#8456,.T.);
#8454 = VERTEX_POINT('',#8455);
#8455 = CARTESIAN_POINT('',(57.,-18.,16.));
#8456 = LINE('',#8457,#8458);
#8457 = CARTESIAN_POINT('',(57.,-18.,16.));
#8458 = VECTOR('',#8459,1.);
#8459 = DIRECTION('',(0.,0.,1.));
#8460 = ORIENTED_EDGE('',*,*,#8461,.T.);
#8461 = EDGE_CURVE('',#8454,#8462,#8464,.T.);
#8462 = VERTEX_POINT('',#8463);
#8463 = CARTESIAN_POINT('',(57.,-10.78192932642,16.));
#8464 = LINE('',#8465,#8466);
#8465 = CARTESIAN_POINT('',(57.,-18.,16.));
#8466 = VECTOR('',#8467,1.);
#8467 = DIRECTION('',(0.,1.,0.));
#8468 = ORIENTED_EDGE('',*,*,#8469,.F.);
#8469 = EDGE_CURVE('',#8470,#8462,#8472,.T.);
#8470 = VERTEX_POINT('',#8471);
#8471 = CARTESIAN_POINT('',(57.,2.816687638039E-15,31.5));
#8472 = CIRCLE('',#8473,11.5);
#8473 = AXIS2_PLACEMENT_3D('',#8474,#8475,#8476);
#8474 = CARTESIAN_POINT('',(57.,0.,20.));
#8475 = DIRECTION('',(1.,0.,-0.));
#8476 = DIRECTION('',(0.,0.,1.));
#8477 = ORIENTED_EDGE('',*,*,#8478,.F.);
#8478 = EDGE_CURVE('',#8479,#8470,#8481,.T.);
#8479 = VERTEX_POINT('',#8480);
#8480 = CARTESIAN_POINT('',(57.,10.781929326424,16.));
#8481 = CIRCLE('',#8482,11.5);
#8482 = AXIS2_PLACEMENT_3D('',#8483,#8484,#8485);
#8483 = CARTESIAN_POINT('',(57.,0.,20.));
#8484 = DIRECTION('',(1.,0.,-0.));
#8485 = DIRECTION('',(0.,0.,1.));
#8486 = ORIENTED_EDGE('',*,*,#8487,.T.);
#8487 = EDGE_CURVE('',#8479,#8488,#8490,.T.);
#8488 = VERTEX_POINT('',#8489);
#8489 = CARTESIAN_POINT('',(57.,18.,16.));
#8490 = LINE('',#8491,#8492);
#8491 = CARTESIAN_POINT('',(57.,-18.,16.));
#8492 = VECTOR('',#8493,1.);
#8493 = DIRECTION('',(0.,1.,0.));
#8494 = ORIENTED_EDGE('',*,*,#8495,.T.);
#8495 = EDGE_CURVE('',#8488,#8446,#8496,.T.);
#8496 = LINE('',#8497,#8498);
#8497 = CARTESIAN_POINT('',(57.,18.,16.));
#8498 = VECTOR('',#8499,1.);
#8499 = DIRECTION('',(0.,0.,1.));
#8500 = PLANE('',#8501);
#8501 = AXIS2_PLACEMENT_3D('',#8502,#8503,#8504);
#8502 = CARTESIAN_POINT('',(57.,-18.,16.));
#8503 = DIRECTION('',(1.,0.,0.));
#8504 = DIRECTION('',(0.,0.,1.));
#8505 = ADVANCED_FACE('',(#8506),#8531,.T.);
#8506 = FACE_BOUND('',#8507,.T.);
#8507 = EDGE_LOOP('',(#8508,#8509,#8517,#8525));
#8508 = ORIENTED_EDGE('',*,*,#8443,.F.);
#8509 = ORIENTED_EDGE('',*,*,#8510,.T.);
#8510 = EDGE_CURVE('',#8444,#8511,#8513,.T.);
#8511 = VERTEX_POINT('',#8512);
#8512 = CARTESIAN_POINT('',(93.,-18.,39.5));
#8513 = LINE('',#8514,#8515);
#8514 = CARTESIAN_POINT('',(57.,-18.,39.5));
#8515 = VECTOR('',#8516,1.);
#8516 = DIRECTION('',(1.,0.,0.));
#8517 = ORIENTED_EDGE('',*,*,#8518,.T.);
#8518 = EDGE_CURVE('',#8511,#8519,#8521,.T.);
#8519 = VERTEX_POINT('',#8520);
#8520 = CARTESIAN_POINT('',(93.,18.,39.5));
#8521 = LINE('',#8522,#8523);
#8522 = CARTESIAN_POINT('',(93.,-18.,39.5));
#8523 = VECTOR('',#8524,1.);
#8524 = DIRECTION('',(0.,1.,0.));
#8525 = ORIENTED_EDGE('',*,*,#8526,.F.);
#8526 = EDGE_CURVE('',#8446,#8519,#8527,.T.);
#8527 = LINE('',#8528,#8529);
#8528 = CARTESIAN_POINT('',(57.,18.,39.5));
#8529 = VECTOR('',#8530,1.);
#8530 = DIRECTION('',(1.,0.,0.));
#8531 = PLANE('',#8532);
#8532 = AXIS2_PLACEMENT_3D('',#8533,#8534,#8535);
#8533 = CARTESIAN_POINT('',(57.,-18.,39.5));
#8534 = DIRECTION('',(0.,0.,1.));
#8535 = DIRECTION('',(1.,0.,0.));
#8536 = ADVANCED_FACE('',(#8537),#8555,.T.);
#8537 = FACE_BOUND('',#8538,.T.);
#8538 = EDGE_LOOP('',(#8539,#8547,#8548,#8549));
#8539 = ORIENTED_EDGE('',*,*,#8540,.F.);
#8540 = EDGE_CURVE('',#8488,#8541,#8543,.T.);
#8541 = VERTEX_POINT('',#8542);
#8542 = CARTESIAN_POINT('',(93.,18.,16.));
#8543 = LINE('',#8544,#8545);
#8544 = CARTESIAN_POINT('',(57.,18.,16.));
#8545 = VECTOR('',#8546,1.);
#8546 = DIRECTION('',(1.,0.,0.));
#8547 = ORIENTED_EDGE('',*,*,#8495,.T.);
#8548 = ORIENTED_EDGE('',*,*,#8526,.T.);
#8549 = ORIENTED_EDGE('',*,*,#8550,.F.);
#8550 = EDGE_CURVE('',#8541,#8519,#8551,.T.);
#8551 = LINE('',#8552,#8553);
#8552 = CARTESIAN_POINT('',(93.,18.,16.));
#8553 = VECTOR('',#8554,1.);
#8554 = DIRECTION('',(0.,0.,1.));
#8555 = PLANE('',#8556);
#8556 = AXIS2_PLACEMENT_3D('',#8557,#8558,#8559);
#8557 = CARTESIAN_POINT('',(57.,18.,16.));
#8558 = DIRECTION('',(0.,1.,0.));
#8559 = DIRECTION('',(0.,0.,1.));
#8560 = ADVANCED_FACE('',(#8561),#8579,.F.);
#8561 = FACE_BOUND('',#8562,.F.);
#8562 = EDGE_LOOP('',(#8563,#8564,#8572,#8578));
#8563 = ORIENTED_EDGE('',*,*,#8487,.F.);
#8564 = ORIENTED_EDGE('',*,*,#8565,.T.);
#8565 = EDGE_CURVE('',#8479,#8566,#8568,.T.);
#8566 = VERTEX_POINT('',#8567);
#8567 = CARTESIAN_POINT('',(93.,10.781929326424,16.));
#8568 = LINE('',#8569,#8570);
#8569 = CARTESIAN_POINT('',(56.5,10.781929326424,16.));
#8570 = VECTOR('',#8571,1.);
#8571 = DIRECTION('',(1.,0.,0.));
#8572 = ORIENTED_EDGE('',*,*,#8573,.T.);
#8573 = EDGE_CURVE('',#8566,#8541,#8574,.T.);
#8574 = LINE('',#8575,#8576);
#8575 = CARTESIAN_POINT('',(93.,-18.,16.));
#8576 = VECTOR('',#8577,1.);
#8577 = DIRECTION('',(0.,1.,0.));
#8578 = ORIENTED_EDGE('',*,*,#8540,.F.);
#8579 = PLANE('',#8580);
#8580 = AXIS2_PLACEMENT_3D('',#8581,#8582,#8583);
#8581 = CARTESIAN_POINT('',(57.,-18.,16.));
#8582 = DIRECTION('',(0.,0.,1.));
#8583 = DIRECTION('',(1.,0.,0.));
#8584 = ADVANCED_FACE('',(#8585),#8610,.F.);
#8585 = FACE_BOUND('',#8586,.F.);
#8586 = EDGE_LOOP('',(#8587,#8588,#8596,#8604));
#8587 = ORIENTED_EDGE('',*,*,#8461,.F.);
#8588 = ORIENTED_EDGE('',*,*,#8589,.T.);
#8589 = EDGE_CURVE('',#8454,#8590,#8592,.T.);
#8590 = VERTEX_POINT('',#8591);
#8591 = CARTESIAN_POINT('',(93.,-18.,16.));
#8592 = LINE('',#8593,#8594);
#8593 = CARTESIAN_POINT('',(57.,-18.,16.));
#8594 = VECTOR('',#8595,1.);
#8595 = DIRECTION('',(1.,0.,0.));
#8596 = ORIENTED_EDGE('',*,*,#8597,.T.);
#8597 = EDGE_CURVE('',#8590,#8598,#8600,.T.);
#8598 = VERTEX_POINT('',#8599);
#8599 = CARTESIAN_POINT('',(93.,-10.78192932642,16.));
#8600 = LINE('',#8601,#8602);
#8601 = CARTESIAN_POINT('',(93.,-18.,16.));
#8602 = VECTOR('',#8603,1.);
#8603 = DIRECTION('',(0.,1.,0.));
#8604 = ORIENTED_EDGE('',*,*,#8605,.F.);
#8605 = EDGE_CURVE('',#8462,#8598,#8606,.T.);
#8606 = LINE('',#8607,#8608);
#8607 = CARTESIAN_POINT('',(56.5,-10.78192932642,16.));
#8608 = VECTOR('',#8609,1.);
#8609 = DIRECTION('',(1.,0.,0.));
#8610 = PLANE('',#8611);
#8611 = AXIS2_PLACEMENT_3D('',#8612,#8613,#8614);
#8612 = CARTESIAN_POINT('',(57.,-18.,16.));
#8613 = DIRECTION('',(0.,0.,1.));
#8614 = DIRECTION('',(1.,0.,0.));
#8615 = ADVANCED_FACE('',(#8616),#8627,.F.);
#8616 = FACE_BOUND('',#8617,.F.);
#8617 = EDGE_LOOP('',(#8618,#8619,#8620,#8621));
#8618 = ORIENTED_EDGE('',*,*,#8589,.F.);
#8619 = ORIENTED_EDGE('',*,*,#8453,.T.);
#8620 = ORIENTED_EDGE('',*,*,#8510,.T.);
#8621 = ORIENTED_EDGE('',*,*,#8622,.F.);
#8622 = EDGE_CURVE('',#8590,#8511,#8623,.T.);
#8623 = LINE('',#8624,#8625);
#8624 = CARTESIAN_POINT('',(93.,-18.,16.));
#8625 = VECTOR('',#8626,1.);
#8626 = DIRECTION('',(0.,0.,1.));
#8627 = PLANE('',#8628);
#8628 = AXIS2_PLACEMENT_3D('',#8629,#8630,#8631);
#8629 = CARTESIAN_POINT('',(57.,-18.,16.));
#8630 = DIRECTION('',(0.,1.,0.));
#8631 = DIRECTION('',(0.,0.,1.));
#8632 = ADVANCED_FACE('',(#8633),#8656,.T.);
#8633 = FACE_BOUND('',#8634,.T.);
#8634 = EDGE_LOOP('',(#8635,#8636,#8637,#8638,#8647,#8654,#8655));
#8635 = ORIENTED_EDGE('',*,*,#8518,.F.);
#8636 = ORIENTED_EDGE('',*,*,#8622,.F.);
#8637 = ORIENTED_EDGE('',*,*,#8597,.T.);
#8638 = ORIENTED_EDGE('',*,*,#8639,.F.);
#8639 = EDGE_CURVE('',#8640,#8598,#8642,.T.);
#8640 = VERTEX_POINT('',#8641);
#8641 = CARTESIAN_POINT('',(93.,2.816687638039E-15,31.5));
#8642 = CIRCLE('',#8643,11.5);
#8643 = AXIS2_PLACEMENT_3D('',#8644,#8645,#8646);
#8644 = CARTESIAN_POINT('',(93.,0.,20.));
#8645 = DIRECTION('',(1.,0.,-0.));
#8646 = DIRECTION('',(0.,0.,1.));
#8647 = ORIENTED_EDGE('',*,*,#8648,.F.);
#8648 = EDGE_CURVE('',#8566,#8640,#8649,.T.);
#8649 = CIRCLE('',#8650,11.5);
#8650 = AXIS2_PLACEMENT_3D('',#8651,#8652,#8653);
#8651 = CARTESIAN_POINT('',(93.,0.,20.));
#8652 = DIRECTION('',(1.,0.,-0.));
#8653 = DIRECTION('',(0.,0.,1.));
#8654 = ORIENTED_EDGE('',*,*,#8573,.T.);
#8655 = ORIENTED_EDGE('',*,*,#8550,.T.);
#8656 = PLANE('',#8657);
#8657 = AXIS2_PLACEMENT_3D('',#8658,#8659,#8660);
#8658 = CARTESIAN_POINT('',(93.,-18.,16.));
#8659 = DIRECTION('',(1.,0.,0.));
#8660 = DIRECTION('',(0.,0.,1.));
#8661 = ADVANCED_FACE('',(#8662),#8670,.F.);
#8662 = FACE_BOUND('',#8663,.F.);
#8663 = EDGE_LOOP('',(#8664,#8665,#8666,#8667,#8668,#8669));
#8664 = ORIENTED_EDGE('',*,*,#8605,.T.);
#8665 = ORIENTED_EDGE('',*,*,#8639,.F.);
#8666 = ORIENTED_EDGE('',*,*,#8648,.F.);
#8667 = ORIENTED_EDGE('',*,*,#8565,.F.);
#8668 = ORIENTED_EDGE('',*,*,#8478,.T.);
#8669 = ORIENTED_EDGE('',*,*,#8469,.T.);
#8670 = CYLINDRICAL_SURFACE('',#8671,11.5);
#8671 = AXIS2_PLACEMENT_3D('',#8672,#8673,#8674);
#8672 = CARTESIAN_POINT('',(56.5,0.,20.));
#8673 = DIRECTION('',(1.,0.,0.));
#8674 = DIRECTION('',(0.,0.,1.));
#8675 = MANIFOLD_SOLID_BREP('',#8676);
#8676 = CLOSED_SHELL('',(#8677,#8750,#8813,#8837,#8861,#8910,#8935,#8960
    ,#8985,#9064,#9089,#9114,#9134,#9154,#9174,#9191,#9208,#9225,#9239)
  );
#8677 = ADVANCED_FACE('',(#8678,#8712,#8723,#8734),#8745,.F.);
#8678 = FACE_BOUND('',#8679,.F.);
#8679 = EDGE_LOOP('',(#8680,#8690,#8698,#8706));
#8680 = ORIENTED_EDGE('',*,*,#8681,.F.);
#8681 = EDGE_CURVE('',#8682,#8684,#8686,.T.);
#8682 = VERTEX_POINT('',#8683);
#8683 = CARTESIAN_POINT('',(-20.,-36.,0.));
#8684 = VERTEX_POINT('',#8685);
#8685 = CARTESIAN_POINT('',(-20.,-36.,38.));
#8686 = LINE('',#8687,#8688);
#8687 = CARTESIAN_POINT('',(-20.,-36.,0.));
#8688 = VECTOR('',#8689,1.);
#8689 = DIRECTION('',(0.,0.,1.));
#8690 = ORIENTED_EDGE('',*,*,#8691,.T.);
#8691 = EDGE_CURVE('',#8682,#8692,#8694,.T.);
#8692 = VERTEX_POINT('',#8693);
#8693 = CARTESIAN_POINT('',(-20.,36.,0.));
#8694 = LINE('',#8695,#8696);
#8695 = CARTESIAN_POINT('',(-20.,-36.,0.));
#8696 = VECTOR('',#8697,1.);
#8697 = DIRECTION('',(0.,1.,0.));
#8698 = ORIENTED_EDGE('',*,*,#8699,.T.);
#8699 = EDGE_CURVE('',#8692,#8700,#8702,.T.);
#8700 = VERTEX_POINT('',#8701);
#8701 = CARTESIAN_POINT('',(-20.,36.,38.));
#8702 = LINE('',#8703,#8704);
#8703 = CARTESIAN_POINT('',(-20.,36.,0.));
#8704 = VECTOR('',#8705,1.);
#8705 = DIRECTION('',(0.,0.,1.));
#8706 = ORIENTED_EDGE('',*,*,#8707,.F.);
#8707 = EDGE_CURVE('',#8684,#8700,#8708,.T.);
#8708 = LINE('',#8709,#8710);
#8709 = CARTESIAN_POINT('',(-20.,-36.,38.));
#8710 = VECTOR('',#8711,1.);
#8711 = DIRECTION('',(0.,1.,0.));
#8712 = FACE_BOUND('',#8713,.F.);
#8713 = EDGE_LOOP('',(#8714));
#8714 = ORIENTED_EDGE('',*,*,#8715,.F.);
#8715 = EDGE_CURVE('',#8716,#8716,#8718,.T.);
#8716 = VERTEX_POINT('',#8717);
#8717 = CARTESIAN_POINT('',(-20.,28.,23.));
#8718 = CIRCLE('',#8719,5.);
#8719 = AXIS2_PLACEMENT_3D('',#8720,#8721,#8722);
#8720 = CARTESIAN_POINT('',(-20.,28.,18.));
#8721 = DIRECTION('',(1.,0.,-0.));
#8722 = DIRECTION('',(0.,0.,1.));
#8723 = FACE_BOUND('',#8724,.F.);
#8724 = EDGE_LOOP('',(#8725));
#8725 = ORIENTED_EDGE('',*,*,#8726,.F.);
#8726 = EDGE_CURVE('',#8727,#8727,#8729,.T.);
#8727 = VERTEX_POINT('',#8728);
#8728 = CARTESIAN_POINT('',(-20.,-28.,23.));
#8729 = CIRCLE('',#8730,5.);
#8730 = AXIS2_PLACEMENT_3D('',#8731,#8732,#8733);
#8731 = CARTESIAN_POINT('',(-20.,-28.,18.));
#8732 = DIRECTION('',(1.,0.,-0.));
#8733 = DIRECTION('',(0.,0.,1.));
#8734 = FACE_BOUND('',#8735,.F.);
#8735 = EDGE_LOOP('',(#8736));
#8736 = ORIENTED_EDGE('',*,*,#8737,.F.);
#8737 = EDGE_CURVE('',#8738,#8738,#8740,.T.);
#8738 = VERTEX_POINT('',#8739);
#8739 = CARTESIAN_POINT('',(-20.,1.836970198721E-15,27.5));
#8740 = CIRCLE('',#8741,7.5);
#8741 = AXIS2_PLACEMENT_3D('',#8742,#8743,#8744);
#8742 = CARTESIAN_POINT('',(-20.,0.,20.));
#8743 = DIRECTION('',(1.,0.,-0.));
#8744 = DIRECTION('',(0.,0.,1.));
#8745 = PLANE('',#8746);
#8746 = AXIS2_PLACEMENT_3D('',#8747,#8748,#8749);
#8747 = CARTESIAN_POINT('',(-20.,-36.,0.));
#8748 = DIRECTION('',(1.,0.,0.));
#8749 = DIRECTION('',(0.,0.,1.));
#8750 = ADVANCED_FACE('',(#8751),#8808,.F.);
#8751 = FACE_BOUND('',#8752,.F.);
#8752 = EDGE_LOOP('',(#8753,#8763,#8769,#8770,#8778,#8786,#8794,#8802));
#8753 = ORIENTED_EDGE('',*,*,#8754,.F.);
#8754 = EDGE_CURVE('',#8755,#8757,#8759,.T.);
#8755 = VERTEX_POINT('',#8756);
#8756 = CARTESIAN_POINT('',(0.,-36.,0.));
#8757 = VERTEX_POINT('',#8758);
#8758 = CARTESIAN_POINT('',(0.,-36.,8.5));
#8759 = LINE('',#8760,#8761);
#8760 = CARTESIAN_POINT('',(0.,-36.,0.));
#8761 = VECTOR('',#8762,1.);
#8762 = DIRECTION('',(0.,0.,1.));
#8763 = ORIENTED_EDGE('',*,*,#8764,.F.);
#8764 = EDGE_CURVE('',#8682,#8755,#8765,.T.);
#8765 = LINE('',#8766,#8767);
#8766 = CARTESIAN_POINT('',(-20.,-36.,0.));
#8767 = VECTOR('',#8768,1.);
#8768 = DIRECTION('',(1.,0.,0.));
#8769 = ORIENTED_EDGE('',*,*,#8681,.T.);
#8770 = ORIENTED_EDGE('',*,*,#8771,.T.);
#8771 = EDGE_CURVE('',#8684,#8772,#8774,.T.);
#8772 = VERTEX_POINT('',#8773);
#8773 = CARTESIAN_POINT('',(0.,-36.,38.));
#8774 = LINE('',#8775,#8776);
#8775 = CARTESIAN_POINT('',(-20.,-36.,38.));
#8776 = VECTOR('',#8777,1.);
#8777 = DIRECTION('',(1.,0.,0.));
#8778 = ORIENTED_EDGE('',*,*,#8779,.F.);
#8779 = EDGE_CURVE('',#8780,#8772,#8782,.T.);
#8780 = VERTEX_POINT('',#8781);
#8781 = CARTESIAN_POINT('',(0.,-36.,11.5));
#8782 = LINE('',#8783,#8784);
#8783 = CARTESIAN_POINT('',(0.,-36.,0.));
#8784 = VECTOR('',#8785,1.);
#8785 = DIRECTION('',(0.,0.,1.));
#8786 = ORIENTED_EDGE('',*,*,#8787,.F.);
#8787 = EDGE_CURVE('',#8788,#8780,#8790,.T.);
#8788 = VERTEX_POINT('',#8789);
#8789 = CARTESIAN_POINT('',(-12.,-36.,11.5));
#8790 = LINE('',#8791,#8792);
#8791 = CARTESIAN_POINT('',(-12.,-36.,11.5));
#8792 = VECTOR('',#8793,1.);
#8793 = DIRECTION('',(1.,0.,0.));
#8794 = ORIENTED_EDGE('',*,*,#8795,.T.);
#8795 = EDGE_CURVE('',#8788,#8796,#8798,.T.);
#8796 = VERTEX_POINT('',#8797);
#8797 = CARTESIAN_POINT('',(-12.,-36.,8.5));
#8798 = LINE('',#8799,#8800);
#8799 = CARTESIAN_POINT('',(-12.,-36.,5.));
#8800 = VECTOR('',#8801,1.);
#8801 = DIRECTION('',(0.,0.,-1.));
#8802 = ORIENTED_EDGE('',*,*,#8803,.T.);
#8803 = EDGE_CURVE('',#8796,#8757,#8804,.T.);
#8804 = LINE('',#8805,#8806);
#8805 = CARTESIAN_POINT('',(-12.,-36.,8.5));
#8806 = VECTOR('',#8807,1.);
#8807 = DIRECTION('',(1.,0.,0.));
#8808 = PLANE('',#8809);
#8809 = AXIS2_PLACEMENT_3D('',#8810,#8811,#8812);
#8810 = CARTESIAN_POINT('',(-20.,-36.,0.));
#8811 = DIRECTION('',(0.,1.,0.));
#8812 = DIRECTION('',(0.,0.,1.));
#8813 = ADVANCED_FACE('',(#8814),#8832,.T.);
#8814 = FACE_BOUND('',#8815,.T.);
#8815 = EDGE_LOOP('',(#8816,#8817,#8818,#8826));
#8816 = ORIENTED_EDGE('',*,*,#8707,.F.);
#8817 = ORIENTED_EDGE('',*,*,#8771,.T.);
#8818 = ORIENTED_EDGE('',*,*,#8819,.T.);
#8819 = EDGE_CURVE('',#8772,#8820,#8822,.T.);
#8820 = VERTEX_POINT('',#8821);
#8821 = CARTESIAN_POINT('',(0.,36.,38.));
#8822 = LINE('',#8823,#8824);
#8823 = CARTESIAN_POINT('',(0.,-36.,38.));
#8824 = VECTOR('',#8825,1.);
#8825 = DIRECTION('',(0.,1.,0.));
#8826 = ORIENTED_EDGE('',*,*,#8827,.F.);
#8827 = EDGE_CURVE('',#8700,#8820,#8828,.T.);
#8828 = LINE('',#8829,#8830);
#8829 = CARTESIAN_POINT('',(-20.,36.,38.));
#8830 = VECTOR('',#8831,1.);
#8831 = DIRECTION('',(1.,0.,0.));
#8832 = PLANE('',#8833);
#8833 = AXIS2_PLACEMENT_3D('',#8834,#8835,#8836);
#8834 = CARTESIAN_POINT('',(-20.,-36.,38.));
#8835 = DIRECTION('',(0.,0.,1.));
#8836 = DIRECTION('',(1.,0.,0.));
#8837 = ADVANCED_FACE('',(#8838),#8856,.F.);
#8838 = FACE_BOUND('',#8839,.F.);
#8839 = EDGE_LOOP('',(#8840,#8841,#8842,#8850));
#8840 = ORIENTED_EDGE('',*,*,#8691,.F.);
#8841 = ORIENTED_EDGE('',*,*,#8764,.T.);
#8842 = ORIENTED_EDGE('',*,*,#8843,.T.);
#8843 = EDGE_CURVE('',#8755,#8844,#8846,.T.);
#8844 = VERTEX_POINT('',#8845);
#8845 = CARTESIAN_POINT('',(0.,36.,0.));
#8846 = LINE('',#8847,#8848);
#8847 = CARTESIAN_POINT('',(0.,-36.,0.));
#8848 = VECTOR('',#8849,1.);
#8849 = DIRECTION('',(0.,1.,0.));
#8850 = ORIENTED_EDGE('',*,*,#8851,.F.);
#8851 = EDGE_CURVE('',#8692,#8844,#8852,.T.);
#8852 = LINE('',#8853,#8854);
#8853 = CARTESIAN_POINT('',(-20.,36.,0.));
#8854 = VECTOR('',#8855,1.);
#8855 = DIRECTION('',(1.,0.,0.));
#8856 = PLANE('',#8857);
#8857 = AXIS2_PLACEMENT_3D('',#8858,#8859,#8860);
#8858 = CARTESIAN_POINT('',(-20.,-36.,0.));
#8859 = DIRECTION('',(0.,0.,1.));
#8860 = DIRECTION('',(1.,0.,0.));
#8861 = ADVANCED_FACE('',(#8862),#8905,.T.);
#8862 = FACE_BOUND('',#8863,.T.);
#8863 = EDGE_LOOP('',(#8864,#8872,#8873,#8874,#8875,#8883,#8891,#8899));
#8864 = ORIENTED_EDGE('',*,*,#8865,.F.);
#8865 = EDGE_CURVE('',#8844,#8866,#8868,.T.);
#8866 = VERTEX_POINT('',#8867);
#8867 = CARTESIAN_POINT('',(0.,36.,8.5));
#8868 = LINE('',#8869,#8870);
#8869 = CARTESIAN_POINT('',(0.,36.,0.));
#8870 = VECTOR('',#8871,1.);
#8871 = DIRECTION('',(0.,0.,1.));
#8872 = ORIENTED_EDGE('',*,*,#8851,.F.);
#8873 = ORIENTED_EDGE('',*,*,#8699,.T.);
#8874 = ORIENTED_EDGE('',*,*,#8827,.T.);
#8875 = ORIENTED_EDGE('',*,*,#8876,.F.);
#8876 = EDGE_CURVE('',#8877,#8820,#8879,.T.);
#8877 = VERTEX_POINT('',#8878);
#8878 = CARTESIAN_POINT('',(0.,36.,11.5));
#8879 = LINE('',#8880,#8881);
#8880 = CARTESIAN_POINT('',(0.,36.,0.));
#8881 = VECTOR('',#8882,1.);
#8882 = DIRECTION('',(0.,0.,1.));
#8883 = ORIENTED_EDGE('',*,*,#8884,.F.);
#8884 = EDGE_CURVE('',#8885,#8877,#8887,.T.);
#8885 = VERTEX_POINT('',#8886);
#8886 = CARTESIAN_POINT('',(-12.,36.,11.5));
#8887 = LINE('',#8888,#8889);
#8888 = CARTESIAN_POINT('',(-12.,36.,11.5));
#8889 = VECTOR('',#8890,1.);
#8890 = DIRECTION('',(1.,0.,0.));
#8891 = ORIENTED_EDGE('',*,*,#8892,.T.);
#8892 = EDGE_CURVE('',#8885,#8893,#8895,.T.);
#8893 = VERTEX_POINT('',#8894);
#8894 = CARTESIAN_POINT('',(-12.,36.,8.5));
#8895 = LINE('',#8896,#8897);
#8896 = CARTESIAN_POINT('',(-12.,36.,5.));
#8897 = VECTOR('',#8898,1.);
#8898 = DIRECTION('',(0.,0.,-1.));
#8899 = ORIENTED_EDGE('',*,*,#8900,.T.);
#8900 = EDGE_CURVE('',#8893,#8866,#8901,.T.);
#8901 = LINE('',#8902,#8903);
#8902 = CARTESIAN_POINT('',(-12.,36.,8.5));
#8903 = VECTOR('',#8904,1.);
#8904 = DIRECTION('',(1.,0.,0.));
#8905 = PLANE('',#8906);
#8906 = AXIS2_PLACEMENT_3D('',#8907,#8908,#8909);
#8907 = CARTESIAN_POINT('',(-20.,36.,0.));
#8908 = DIRECTION('',(0.,1.,0.));
#8909 = DIRECTION('',(0.,0.,1.));
#8910 = ADVANCED_FACE('',(#8911),#8930,.F.);
#8911 = FACE_BOUND('',#8912,.F.);
#8912 = EDGE_LOOP('',(#8913,#8921,#8928,#8929));
#8913 = ORIENTED_EDGE('',*,*,#8914,.T.);
#8914 = EDGE_CURVE('',#8716,#8915,#8917,.T.);
#8915 = VERTEX_POINT('',#8916);
#8916 = CARTESIAN_POINT('',(-13.5,28.,23.));
#8917 = LINE('',#8918,#8919);
#8918 = CARTESIAN_POINT('',(-20.5,28.,23.));
#8919 = VECTOR('',#8920,1.);
#8920 = DIRECTION('',(1.,0.,0.));
#8921 = ORIENTED_EDGE('',*,*,#8922,.F.);
#8922 = EDGE_CURVE('',#8915,#8915,#8923,.T.);
#8923 = CIRCLE('',#8924,5.);
#8924 = AXIS2_PLACEMENT_3D('',#8925,#8926,#8927);
#8925 = CARTESIAN_POINT('',(-13.5,28.,18.));
#8926 = DIRECTION('',(1.,0.,-0.));
#8927 = DIRECTION('',(0.,0.,1.));
#8928 = ORIENTED_EDGE('',*,*,#8914,.F.);
#8929 = ORIENTED_EDGE('',*,*,#8715,.T.);
#8930 = CYLINDRICAL_SURFACE('',#8931,5.);
#8931 = AXIS2_PLACEMENT_3D('',#8932,#8933,#8934);
#8932 = CARTESIAN_POINT('',(-20.5,28.,18.));
#8933 = DIRECTION('',(1.,0.,0.));
#8934 = DIRECTION('',(0.,0.,1.));
#8935 = ADVANCED_FACE('',(#8936),#8955,.F.);
#8936 = FACE_BOUND('',#8937,.F.);
#8937 = EDGE_LOOP('',(#8938,#8946,#8953,#8954));
#8938 = ORIENTED_EDGE('',*,*,#8939,.T.);
#8939 = EDGE_CURVE('',#8727,#8940,#8942,.T.);
#8940 = VERTEX_POINT('',#8941);
#8941 = CARTESIAN_POINT('',(-13.5,-28.,23.));
#8942 = LINE('',#8943,#8944);
#8943 = CARTESIAN_POINT('',(-20.5,-28.,23.));
#8944 = VECTOR('',#8945,1.);
#8945 = DIRECTION('',(1.,0.,0.));
#8946 = ORIENTED_EDGE('',*,*,#8947,.F.);
#8947 = EDGE_CURVE('',#8940,#8940,#8948,.T.);
#8948 = CIRCLE('',#8949,5.);
#8949 = AXIS2_PLACEMENT_3D('',#8950,#8951,#8952);
#8950 = CARTESIAN_POINT('',(-13.5,-28.,18.));
#8951 = DIRECTION('',(1.,0.,-0.));
#8952 = DIRECTION('',(0.,0.,1.));
#8953 = ORIENTED_EDGE('',*,*,#8939,.F.);
#8954 = ORIENTED_EDGE('',*,*,#8726,.T.);
#8955 = CYLINDRICAL_SURFACE('',#8956,5.);
#8956 = AXIS2_PLACEMENT_3D('',#8957,#8958,#8959);
#8957 = CARTESIAN_POINT('',(-20.5,-28.,18.));
#8958 = DIRECTION('',(1.,0.,0.));
#8959 = DIRECTION('',(0.,0.,1.));
#8960 = ADVANCED_FACE('',(#8961),#8980,.F.);
#8961 = FACE_BOUND('',#8962,.F.);
#8962 = EDGE_LOOP('',(#8963,#8972,#8978,#8979));
#8963 = ORIENTED_EDGE('',*,*,#8964,.F.);
#8964 = EDGE_CURVE('',#8965,#8965,#8967,.T.);
#8965 = VERTEX_POINT('',#8966);
#8966 = CARTESIAN_POINT('',(-16.5,1.836970198721E-15,27.5));
#8967 = CIRCLE('',#8968,7.5);
#8968 = AXIS2_PLACEMENT_3D('',#8969,#8970,#8971);
#8969 = CARTESIAN_POINT('',(-16.5,0.,20.));
#8970 = DIRECTION('',(1.,0.,-0.));
#8971 = DIRECTION('',(0.,0.,1.));
#8972 = ORIENTED_EDGE('',*,*,#8973,.F.);
#8973 = EDGE_CURVE('',#8738,#8965,#8974,.T.);
#8974 = LINE('',#8975,#8976);
#8975 = CARTESIAN_POINT('',(-20.5,1.836970198721E-15,27.5));
#8976 = VECTOR('',#8977,1.);
#8977 = DIRECTION('',(1.,0.,0.));
#8978 = ORIENTED_EDGE('',*,*,#8737,.T.);
#8979 = ORIENTED_EDGE('',*,*,#8973,.T.);
#8980 = CYLINDRICAL_SURFACE('',#8981,7.5);
#8981 = AXIS2_PLACEMENT_3D('',#8982,#8983,#8984);
#8982 = CARTESIAN_POINT('',(-20.5,0.,20.));
#8983 = DIRECTION('',(1.,0.,0.));
#8984 = DIRECTION('',(0.,0.,1.));
#8985 = ADVANCED_FACE('',(#8986,#9026,#9037,#9048),#9059,.T.);
#8986 = FACE_BOUND('',#8987,.T.);
#8987 = EDGE_LOOP('',(#8988,#8989,#8990,#8991,#9000,#9007,#9008,#9009,
    #9010,#9019));
#8988 = ORIENTED_EDGE('',*,*,#8754,.F.);
#8989 = ORIENTED_EDGE('',*,*,#8843,.T.);
#8990 = ORIENTED_EDGE('',*,*,#8865,.T.);
#8991 = ORIENTED_EDGE('',*,*,#8992,.F.);
#8992 = EDGE_CURVE('',#8993,#8866,#8995,.T.);
#8993 = VERTEX_POINT('',#8994);
#8994 = CARTESIAN_POINT('',(0.,34.,12.5));
#8995 = CIRCLE('',#8996,2.5);
#8996 = AXIS2_PLACEMENT_3D('',#8997,#8998,#8999);
#8997 = CARTESIAN_POINT('',(0.,34.,10.));
#8998 = DIRECTION('',(1.,0.,-0.));
#8999 = DIRECTION('',(0.,0.,1.));
#9000 = ORIENTED_EDGE('',*,*,#9001,.F.);
#9001 = EDGE_CURVE('',#8877,#8993,#9002,.T.);
#9002 = CIRCLE('',#9003,2.5);
#9003 = AXIS2_PLACEMENT_3D('',#9004,#9005,#9006);
#9004 = CARTESIAN_POINT('',(0.,34.,10.));
#9005 = DIRECTION('',(1.,0.,-0.));
#9006 = DIRECTION('',(0.,0.,1.));
#9007 = ORIENTED_EDGE('',*,*,#8876,.T.);
#9008 = ORIENTED_EDGE('',*,*,#8819,.F.);
#9009 = ORIENTED_EDGE('',*,*,#8779,.F.);
#9010 = ORIENTED_EDGE('',*,*,#9011,.F.);
#9011 = EDGE_CURVE('',#9012,#8780,#9014,.T.);
#9012 = VERTEX_POINT('',#9013);
#9013 = CARTESIAN_POINT('',(0.,-34.,12.5));
#9014 = CIRCLE('',#9015,2.5);
#9015 = AXIS2_PLACEMENT_3D('',#9016,#9017,#9018);
#9016 = CARTESIAN_POINT('',(0.,-34.,10.));
#9017 = DIRECTION('',(1.,0.,-0.));
#9018 = DIRECTION('',(0.,0.,1.));
#9019 = ORIENTED_EDGE('',*,*,#9020,.F.);
#9020 = EDGE_CURVE('',#8757,#9012,#9021,.T.);
#9021 = CIRCLE('',#9022,2.5);
#9022 = AXIS2_PLACEMENT_3D('',#9023,#9024,#9025);
#9023 = CARTESIAN_POINT('',(0.,-34.,10.));
#9024 = DIRECTION('',(1.,0.,-0.));
#9025 = DIRECTION('',(0.,0.,1.));
#9026 = FACE_BOUND('',#9027,.T.);
#9027 = EDGE_LOOP('',(#9028));
#9028 = ORIENTED_EDGE('',*,*,#9029,.F.);
#9029 = EDGE_CURVE('',#9030,#9030,#9032,.T.);
#9030 = VERTEX_POINT('',#9031);
#9031 = CARTESIAN_POINT('',(0.,28.,20.75));
#9032 = CIRCLE('',#9033,2.75);
#9033 = AXIS2_PLACEMENT_3D('',#9034,#9035,#9036);
#9034 = CARTESIAN_POINT('',(0.,28.,18.));
#9035 = DIRECTION('',(1.,0.,-0.));
#9036 = DIRECTION('',(0.,0.,1.));
#9037 = FACE_BOUND('',#9038,.T.);
#9038 = EDGE_LOOP('',(#9039));
#9039 = ORIENTED_EDGE('',*,*,#9040,.F.);
#9040 = EDGE_CURVE('',#9041,#9041,#9043,.T.);
#9041 = VERTEX_POINT('',#9042);
#9042 = CARTESIAN_POINT('',(0.,-28.,20.75));
#9043 = CIRCLE('',#9044,2.75);
#9044 = AXIS2_PLACEMENT_3D('',#9045,#9046,#9047);
#9045 = CARTESIAN_POINT('',(0.,-28.,18.));
#9046 = DIRECTION('',(1.,0.,-0.));
#9047 = DIRECTION('',(0.,0.,1.));
#9048 = FACE_BOUND('',#9049,.T.);
#9049 = EDGE_LOOP('',(#9050));
#9050 = ORIENTED_EDGE('',*,*,#9051,.F.);
#9051 = EDGE_CURVE('',#9052,#9052,#9054,.T.);
#9052 = VERTEX_POINT('',#9053);
#9053 = CARTESIAN_POINT('',(0.,3.429011037613E-15,34.));
#9054 = CIRCLE('',#9055,14.);
#9055 = AXIS2_PLACEMENT_3D('',#9056,#9057,#9058);
#9056 = CARTESIAN_POINT('',(0.,0.,20.));
#9057 = DIRECTION('',(1.,0.,-0.));
#9058 = DIRECTION('',(0.,0.,1.));
#9059 = PLANE('',#9060);
#9060 = AXIS2_PLACEMENT_3D('',#9061,#9062,#9063);
#9061 = CARTESIAN_POINT('',(0.,-36.,0.));
#9062 = DIRECTION('',(1.,0.,0.));
#9063 = DIRECTION('',(0.,0.,1.));
#9064 = ADVANCED_FACE('',(#9065),#9084,.T.);
#9065 = FACE_BOUND('',#9066,.T.);
#9066 = EDGE_LOOP('',(#9067,#9076,#9083));
#9067 = ORIENTED_EDGE('',*,*,#9068,.T.);
#9068 = EDGE_CURVE('',#8796,#9069,#9071,.T.);
#9069 = VERTEX_POINT('',#9070);
#9070 = CARTESIAN_POINT('',(-12.,-34.,12.5));
#9071 = CIRCLE('',#9072,2.5);
#9072 = AXIS2_PLACEMENT_3D('',#9073,#9074,#9075);
#9073 = CARTESIAN_POINT('',(-12.,-34.,10.));
#9074 = DIRECTION('',(1.,0.,-0.));
#9075 = DIRECTION('',(0.,0.,1.));
#9076 = ORIENTED_EDGE('',*,*,#9077,.T.);
#9077 = EDGE_CURVE('',#9069,#8788,#9078,.T.);
#9078 = CIRCLE('',#9079,2.5);
#9079 = AXIS2_PLACEMENT_3D('',#9080,#9081,#9082);
#9080 = CARTESIAN_POINT('',(-12.,-34.,10.));
#9081 = DIRECTION('',(1.,0.,-0.));
#9082 = DIRECTION('',(0.,0.,1.));
#9083 = ORIENTED_EDGE('',*,*,#8795,.T.);
#9084 = PLANE('',#9085);
#9085 = AXIS2_PLACEMENT_3D('',#9086,#9087,#9088);
#9086 = CARTESIAN_POINT('',(-12.,-34.,10.));
#9087 = DIRECTION('',(1.,0.,0.));
#9088 = DIRECTION('',(0.,0.,1.));
#9089 = ADVANCED_FACE('',(#9090),#9109,.T.);
#9090 = FACE_BOUND('',#9091,.T.);
#9091 = EDGE_LOOP('',(#9092,#9101,#9108));
#9092 = ORIENTED_EDGE('',*,*,#9093,.T.);
#9093 = EDGE_CURVE('',#8885,#9094,#9096,.T.);
#9094 = VERTEX_POINT('',#9095);
#9095 = CARTESIAN_POINT('',(-12.,34.,12.5));
#9096 = CIRCLE('',#9097,2.5);
#9097 = AXIS2_PLACEMENT_3D('',#9098,#9099,#9100);
#9098 = CARTESIAN_POINT('',(-12.,34.,10.));
#9099 = DIRECTION('',(1.,0.,-0.));
#9100 = DIRECTION('',(0.,0.,1.));
#9101 = ORIENTED_EDGE('',*,*,#9102,.T.);
#9102 = EDGE_CURVE('',#9094,#8893,#9103,.T.);
#9103 = CIRCLE('',#9104,2.5);
#9104 = AXIS2_PLACEMENT_3D('',#9105,#9106,#9107);
#9105 = CARTESIAN_POINT('',(-12.,34.,10.));
#9106 = DIRECTION('',(1.,0.,-0.));
#9107 = DIRECTION('',(0.,0.,1.));
#9108 = ORIENTED_EDGE('',*,*,#8892,.F.);
#9109 = PLANE('',#9110);
#9110 = AXIS2_PLACEMENT_3D('',#9111,#9112,#9113);
#9111 = CARTESIAN_POINT('',(-12.,34.,10.));
#9112 = DIRECTION('',(1.,0.,0.));
#9113 = DIRECTION('',(0.,0.,1.));
#9114 = ADVANCED_FACE('',(#9115,#9118),#9129,.F.);
#9115 = FACE_BOUND('',#9116,.F.);
#9116 = EDGE_LOOP('',(#9117));
#9117 = ORIENTED_EDGE('',*,*,#8922,.T.);
#9118 = FACE_BOUND('',#9119,.F.);
#9119 = EDGE_LOOP('',(#9120));
#9120 = ORIENTED_EDGE('',*,*,#9121,.F.);
#9121 = EDGE_CURVE('',#9122,#9122,#9124,.T.);
#9122 = VERTEX_POINT('',#9123);
#9123 = CARTESIAN_POINT('',(-13.5,28.,20.75));
#9124 = CIRCLE('',#9125,2.75);
#9125 = AXIS2_PLACEMENT_3D('',#9126,#9127,#9128);
#9126 = CARTESIAN_POINT('',(-13.5,28.,18.));
#9127 = DIRECTION('',(1.,0.,-0.));
#9128 = DIRECTION('',(0.,0.,1.));
#9129 = PLANE('',#9130);
#9130 = AXIS2_PLACEMENT_3D('',#9131,#9132,#9133);
#9131 = CARTESIAN_POINT('',(-13.5,28.,18.));
#9132 = DIRECTION('',(1.,0.,0.));
#9133 = DIRECTION('',(0.,0.,1.));
#9134 = ADVANCED_FACE('',(#9135,#9138),#9149,.F.);
#9135 = FACE_BOUND('',#9136,.F.);
#9136 = EDGE_LOOP('',(#9137));
#9137 = ORIENTED_EDGE('',*,*,#8947,.T.);
#9138 = FACE_BOUND('',#9139,.F.);
#9139 = EDGE_LOOP('',(#9140));
#9140 = ORIENTED_EDGE('',*,*,#9141,.F.);
#9141 = EDGE_CURVE('',#9142,#9142,#9144,.T.);
#9142 = VERTEX_POINT('',#9143);
#9143 = CARTESIAN_POINT('',(-13.5,-28.,20.75));
#9144 = CIRCLE('',#9145,2.75);
#9145 = AXIS2_PLACEMENT_3D('',#9146,#9147,#9148);
#9146 = CARTESIAN_POINT('',(-13.5,-28.,18.));
#9147 = DIRECTION('',(1.,0.,-0.));
#9148 = DIRECTION('',(0.,0.,1.));
#9149 = PLANE('',#9150);
#9150 = AXIS2_PLACEMENT_3D('',#9151,#9152,#9153);
#9151 = CARTESIAN_POINT('',(-13.5,-28.,18.));
#9152 = DIRECTION('',(1.,0.,0.));
#9153 = DIRECTION('',(0.,0.,1.));
#9154 = ADVANCED_FACE('',(#9155,#9166),#9169,.T.);
#9155 = FACE_BOUND('',#9156,.T.);
#9156 = EDGE_LOOP('',(#9157));
#9157 = ORIENTED_EDGE('',*,*,#9158,.T.);
#9158 = EDGE_CURVE('',#9159,#9159,#9161,.T.);
#9159 = VERTEX_POINT('',#9160);
#9160 = CARTESIAN_POINT('',(-16.5,3.429011037613E-15,34.));
#9161 = CIRCLE('',#9162,14.);
#9162 = AXIS2_PLACEMENT_3D('',#9163,#9164,#9165);
#9163 = CARTESIAN_POINT('',(-16.5,0.,20.));
#9164 = DIRECTION('',(1.,0.,-0.));
#9165 = DIRECTION('',(0.,0.,1.));
#9166 = FACE_BOUND('',#9167,.T.);
#9167 = EDGE_LOOP('',(#9168));
#9168 = ORIENTED_EDGE('',*,*,#8964,.F.);
#9169 = PLANE('',#9170);
#9170 = AXIS2_PLACEMENT_3D('',#9171,#9172,#9173);
#9171 = CARTESIAN_POINT('',(-16.5,0.,20.));
#9172 = DIRECTION('',(1.,0.,0.));
#9173 = DIRECTION('',(0.,0.,1.));
#9174 = ADVANCED_FACE('',(#9175),#9186,.F.);
#9175 = FACE_BOUND('',#9176,.F.);
#9176 = EDGE_LOOP('',(#9177,#9183,#9184,#9185));
#9177 = ORIENTED_EDGE('',*,*,#9178,.T.);
#9178 = EDGE_CURVE('',#9122,#9030,#9179,.T.);
#9179 = LINE('',#9180,#9181);
#9180 = CARTESIAN_POINT('',(-20.5,28.,20.75));
#9181 = VECTOR('',#9182,1.);
#9182 = DIRECTION('',(1.,0.,0.));
#9183 = ORIENTED_EDGE('',*,*,#9029,.F.);
#9184 = ORIENTED_EDGE('',*,*,#9178,.F.);
#9185 = ORIENTED_EDGE('',*,*,#9121,.T.);
#9186 = CYLINDRICAL_SURFACE('',#9187,2.75);
#9187 = AXIS2_PLACEMENT_3D('',#9188,#9189,#9190);
#9188 = CARTESIAN_POINT('',(-20.5,28.,18.));
#9189 = DIRECTION('',(1.,0.,0.));
#9190 = DIRECTION('',(0.,0.,1.));
#9191 = ADVANCED_FACE('',(#9192),#9203,.F.);
#9192 = FACE_BOUND('',#9193,.F.);
#9193 = EDGE_LOOP('',(#9194,#9200,#9201,#9202));
#9194 = ORIENTED_EDGE('',*,*,#9195,.T.);
#9195 = EDGE_CURVE('',#9142,#9041,#9196,.T.);
#9196 = LINE('',#9197,#9198);
#9197 = CARTESIAN_POINT('',(-20.5,-28.,20.75));
#9198 = VECTOR('',#9199,1.);
#9199 = DIRECTION('',(1.,0.,0.));
#9200 = ORIENTED_EDGE('',*,*,#9040,.F.);
#9201 = ORIENTED_EDGE('',*,*,#9195,.F.);
#9202 = ORIENTED_EDGE('',*,*,#9141,.T.);
#9203 = CYLINDRICAL_SURFACE('',#9204,2.75);
#9204 = AXIS2_PLACEMENT_3D('',#9205,#9206,#9207);
#9205 = CARTESIAN_POINT('',(-20.5,-28.,18.));
#9206 = DIRECTION('',(1.,0.,0.));
#9207 = DIRECTION('',(0.,0.,1.));
#9208 = ADVANCED_FACE('',(#9209),#9220,.F.);
#9209 = FACE_BOUND('',#9210,.F.);
#9210 = EDGE_LOOP('',(#9211,#9212,#9218,#9219));
#9211 = ORIENTED_EDGE('',*,*,#9051,.F.);
#9212 = ORIENTED_EDGE('',*,*,#9213,.F.);
#9213 = EDGE_CURVE('',#9159,#9052,#9214,.T.);
#9214 = LINE('',#9215,#9216);
#9215 = CARTESIAN_POINT('',(-16.5,3.429011037613E-15,34.));
#9216 = VECTOR('',#9217,1.);
#9217 = DIRECTION('',(1.,0.,0.));
#9218 = ORIENTED_EDGE('',*,*,#9158,.T.);
#9219 = ORIENTED_EDGE('',*,*,#9213,.T.);
#9220 = CYLINDRICAL_SURFACE('',#9221,14.);
#9221 = AXIS2_PLACEMENT_3D('',#9222,#9223,#9224);
#9222 = CARTESIAN_POINT('',(-16.5,0.,20.));
#9223 = DIRECTION('',(1.,0.,0.));
#9224 = DIRECTION('',(0.,0.,1.));
#9225 = ADVANCED_FACE('',(#9226),#9234,.F.);
#9226 = FACE_BOUND('',#9227,.F.);
#9227 = EDGE_LOOP('',(#9228,#9229,#9230,#9231,#9232,#9233));
#9228 = ORIENTED_EDGE('',*,*,#8787,.T.);
#9229 = ORIENTED_EDGE('',*,*,#9011,.F.);
#9230 = ORIENTED_EDGE('',*,*,#9020,.F.);
#9231 = ORIENTED_EDGE('',*,*,#8803,.F.);
#9232 = ORIENTED_EDGE('',*,*,#9068,.T.);
#9233 = ORIENTED_EDGE('',*,*,#9077,.T.);
#9234 = CYLINDRICAL_SURFACE('',#9235,2.5);
#9235 = AXIS2_PLACEMENT_3D('',#9236,#9237,#9238);
#9236 = CARTESIAN_POINT('',(-12.,-34.,10.));
#9237 = DIRECTION('',(1.,0.,0.));
#9238 = DIRECTION('',(0.,0.,1.));
#9239 = ADVANCED_FACE('',(#9240),#9248,.F.);
#9240 = FACE_BOUND('',#9241,.F.);
#9241 = EDGE_LOOP('',(#9242,#9243,#9244,#9245,#9246,#9247));
#9242 = ORIENTED_EDGE('',*,*,#8884,.F.);
#9243 = ORIENTED_EDGE('',*,*,#9093,.T.);
#9244 = ORIENTED_EDGE('',*,*,#9102,.T.);
#9245 = ORIENTED_EDGE('',*,*,#8900,.T.);
#9246 = ORIENTED_EDGE('',*,*,#8992,.F.);
#9247 = ORIENTED_EDGE('',*,*,#9001,.F.);
#9248 = CYLINDRICAL_SURFACE('',#9249,2.5);
#9249 = AXIS2_PLACEMENT_3D('',#9250,#9251,#9252);
#9250 = CARTESIAN_POINT('',(-12.,34.,10.));
#9251 = DIRECTION('',(1.,0.,0.));
#9252 = DIRECTION('',(0.,0.,1.));
#9253 = MANIFOLD_SOLID_BREP('',#9254);
#9254 = CLOSED_SHELL('',(#9255,#9328,#9359,#9383,#9407,#9424,#9449,#9474
    ,#9499,#9544,#9564,#9584,#9604,#9621,#9638));
#9255 = ADVANCED_FACE('',(#9256,#9290,#9301,#9312),#9323,.F.);
#9256 = FACE_BOUND('',#9257,.F.);
#9257 = EDGE_LOOP('',(#9258,#9268,#9276,#9284));
#9258 = ORIENTED_EDGE('',*,*,#9259,.F.);
#9259 = EDGE_CURVE('',#9260,#9262,#9264,.T.);
#9260 = VERTEX_POINT('',#9261);
#9261 = CARTESIAN_POINT('',(240.,-36.,0.));
#9262 = VERTEX_POINT('',#9263);
#9263 = CARTESIAN_POINT('',(240.,-36.,38.));
#9264 = LINE('',#9265,#9266);
#9265 = CARTESIAN_POINT('',(240.,-36.,0.));
#9266 = VECTOR('',#9267,1.);
#9267 = DIRECTION('',(0.,0.,1.));
#9268 = ORIENTED_EDGE('',*,*,#9269,.T.);
#9269 = EDGE_CURVE('',#9260,#9270,#9272,.T.);
#9270 = VERTEX_POINT('',#9271);
#9271 = CARTESIAN_POINT('',(240.,36.,0.));
#9272 = LINE('',#9273,#9274);
#9273 = CARTESIAN_POINT('',(240.,-36.,0.));
#9274 = VECTOR('',#9275,1.);
#9275 = DIRECTION('',(0.,1.,0.));
#9276 = ORIENTED_EDGE('',*,*,#9277,.T.);
#9277 = EDGE_CURVE('',#9270,#9278,#9280,.T.);
#9278 = VERTEX_POINT('',#9279);
#9279 = CARTESIAN_POINT('',(240.,36.,38.));
#9280 = LINE('',#9281,#9282);
#9281 = CARTESIAN_POINT('',(240.,36.,0.));
#9282 = VECTOR('',#9283,1.);
#9283 = DIRECTION('',(0.,0.,1.));
#9284 = ORIENTED_EDGE('',*,*,#9285,.F.);
#9285 = EDGE_CURVE('',#9262,#9278,#9286,.T.);
#9286 = LINE('',#9287,#9288);
#9287 = CARTESIAN_POINT('',(240.,-36.,38.));
#9288 = VECTOR('',#9289,1.);
#9289 = DIRECTION('',(0.,1.,0.));
#9290 = FACE_BOUND('',#9291,.F.);
#9291 = EDGE_LOOP('',(#9292));
#9292 = ORIENTED_EDGE('',*,*,#9293,.F.);
#9293 = EDGE_CURVE('',#9294,#9294,#9296,.T.);
#9294 = VERTEX_POINT('',#9295);
#9295 = CARTESIAN_POINT('',(240.,28.,20.75));
#9296 = CIRCLE('',#9297,2.75);
#9297 = AXIS2_PLACEMENT_3D('',#9298,#9299,#9300);
#9298 = CARTESIAN_POINT('',(240.,28.,18.));
#9299 = DIRECTION('',(1.,0.,-0.));
#9300 = DIRECTION('',(0.,0.,1.));
#9301 = FACE_BOUND('',#9302,.F.);
#9302 = EDGE_LOOP('',(#9303));
#9303 = ORIENTED_EDGE('',*,*,#9304,.F.);
#9304 = EDGE_CURVE('',#9305,#9305,#9307,.T.);
#9305 = VERTEX_POINT('',#9306);
#9306 = CARTESIAN_POINT('',(240.,-28.,20.75));
#9307 = CIRCLE('',#9308,2.75);
#9308 = AXIS2_PLACEMENT_3D('',#9309,#9310,#9311);
#9309 = CARTESIAN_POINT('',(240.,-28.,18.));
#9310 = DIRECTION('',(1.,0.,-0.));
#9311 = DIRECTION('',(0.,0.,1.));
#9312 = FACE_BOUND('',#9313,.F.);
#9313 = EDGE_LOOP('',(#9314));
#9314 = ORIENTED_EDGE('',*,*,#9315,.F.);
#9315 = EDGE_CURVE('',#9316,#9316,#9318,.T.);
#9316 = VERTEX_POINT('',#9317);
#9317 = CARTESIAN_POINT('',(240.,3.429011037613E-15,34.));
#9318 = CIRCLE('',#9319,14.);
#9319 = AXIS2_PLACEMENT_3D('',#9320,#9321,#9322);
#9320 = CARTESIAN_POINT('',(240.,0.,20.));
#9321 = DIRECTION('',(1.,0.,-0.));
#9322 = DIRECTION('',(0.,0.,1.));
#9323 = PLANE('',#9324);
#9324 = AXIS2_PLACEMENT_3D('',#9325,#9326,#9327);
#9325 = CARTESIAN_POINT('',(240.,-36.,0.));
#9326 = DIRECTION('',(1.,0.,0.));
#9327 = DIRECTION('',(0.,0.,1.));
#9328 = ADVANCED_FACE('',(#9329),#9354,.F.);
#9329 = FACE_BOUND('',#9330,.F.);
#9330 = EDGE_LOOP('',(#9331,#9339,#9340,#9348));
#9331 = ORIENTED_EDGE('',*,*,#9332,.F.);
#9332 = EDGE_CURVE('',#9260,#9333,#9335,.T.);
#9333 = VERTEX_POINT('',#9334);
#9334 = CARTESIAN_POINT('',(254.,-36.,0.));
#9335 = LINE('',#9336,#9337);
#9336 = CARTESIAN_POINT('',(240.,-36.,0.));
#9337 = VECTOR('',#9338,1.);
#9338 = DIRECTION('',(1.,0.,0.));
#9339 = ORIENTED_EDGE('',*,*,#9259,.T.);
#9340 = ORIENTED_EDGE('',*,*,#9341,.T.);
#9341 = EDGE_CURVE('',#9262,#9342,#9344,.T.);
#9342 = VERTEX_POINT('',#9343);
#9343 = CARTESIAN_POINT('',(254.,-36.,38.));
#9344 = LINE('',#9345,#9346);
#9345 = CARTESIAN_POINT('',(240.,-36.,38.));
#9346 = VECTOR('',#9347,1.);
#9347 = DIRECTION('',(1.,0.,0.));
#9348 = ORIENTED_EDGE('',*,*,#9349,.F.);
#9349 = EDGE_CURVE('',#9333,#9342,#9350,.T.);
#9350 = LINE('',#9351,#9352);
#9351 = CARTESIAN_POINT('',(254.,-36.,0.));
#9352 = VECTOR('',#9353,1.);
#9353 = DIRECTION('',(0.,0.,1.));
#9354 = PLANE('',#9355);
#9355 = AXIS2_PLACEMENT_3D('',#9356,#9357,#9358);
#9356 = CARTESIAN_POINT('',(240.,-36.,0.));
#9357 = DIRECTION('',(0.,1.,0.));
#9358 = DIRECTION('',(0.,0.,1.));
#9359 = ADVANCED_FACE('',(#9360),#9378,.T.);
#9360 = FACE_BOUND('',#9361,.T.);
#9361 = EDGE_LOOP('',(#9362,#9363,#9364,#9372));
#9362 = ORIENTED_EDGE('',*,*,#9285,.F.);
#9363 = ORIENTED_EDGE('',*,*,#9341,.T.);
#9364 = ORIENTED_EDGE('',*,*,#9365,.T.);
#9365 = EDGE_CURVE('',#9342,#9366,#9368,.T.);
#9366 = VERTEX_POINT('',#9367);
#9367 = CARTESIAN_POINT('',(254.,36.,38.));
#9368 = LINE('',#9369,#9370);
#9369 = CARTESIAN_POINT('',(254.,-36.,38.));
#9370 = VECTOR('',#9371,1.);
#9371 = DIRECTION('',(0.,1.,0.));
#9372 = ORIENTED_EDGE('',*,*,#9373,.F.);
#9373 = EDGE_CURVE('',#9278,#9366,#9374,.T.);
#9374 = LINE('',#9375,#9376);
#9375 = CARTESIAN_POINT('',(240.,36.,38.));
#9376 = VECTOR('',#9377,1.);
#9377 = DIRECTION('',(1.,0.,0.));
#9378 = PLANE('',#9379);
#9379 = AXIS2_PLACEMENT_3D('',#9380,#9381,#9382);
#9380 = CARTESIAN_POINT('',(240.,-36.,38.));
#9381 = DIRECTION('',(0.,0.,1.));
#9382 = DIRECTION('',(1.,0.,0.));
#9383 = ADVANCED_FACE('',(#9384),#9402,.F.);
#9384 = FACE_BOUND('',#9385,.F.);
#9385 = EDGE_LOOP('',(#9386,#9387,#9388,#9396));
#9386 = ORIENTED_EDGE('',*,*,#9269,.F.);
#9387 = ORIENTED_EDGE('',*,*,#9332,.T.);
#9388 = ORIENTED_EDGE('',*,*,#9389,.T.);
#9389 = EDGE_CURVE('',#9333,#9390,#9392,.T.);
#9390 = VERTEX_POINT('',#9391);
#9391 = CARTESIAN_POINT('',(254.,36.,0.));
#9392 = LINE('',#9393,#9394);
#9393 = CARTESIAN_POINT('',(254.,-36.,0.));
#9394 = VECTOR('',#9395,1.);
#9395 = DIRECTION('',(0.,1.,0.));
#9396 = ORIENTED_EDGE('',*,*,#9397,.F.);
#9397 = EDGE_CURVE('',#9270,#9390,#9398,.T.);
#9398 = LINE('',#9399,#9400);
#9399 = CARTESIAN_POINT('',(240.,36.,0.));
#9400 = VECTOR('',#9401,1.);
#9401 = DIRECTION('',(1.,0.,0.));
#9402 = PLANE('',#9403);
#9403 = AXIS2_PLACEMENT_3D('',#9404,#9405,#9406);
#9404 = CARTESIAN_POINT('',(240.,-36.,0.));
#9405 = DIRECTION('',(0.,0.,1.));
#9406 = DIRECTION('',(1.,0.,0.));
#9407 = ADVANCED_FACE('',(#9408),#9419,.T.);
#9408 = FACE_BOUND('',#9409,.T.);
#9409 = EDGE_LOOP('',(#9410,#9411,#9412,#9413));
#9410 = ORIENTED_EDGE('',*,*,#9397,.F.);
#9411 = ORIENTED_EDGE('',*,*,#9277,.T.);
#9412 = ORIENTED_EDGE('',*,*,#9373,.T.);
#9413 = ORIENTED_EDGE('',*,*,#9414,.F.);
#9414 = EDGE_CURVE('',#9390,#9366,#9415,.T.);
#9415 = LINE('',#9416,#9417);
#9416 = CARTESIAN_POINT('',(254.,36.,0.));
#9417 = VECTOR('',#9418,1.);
#9418 = DIRECTION('',(0.,0.,1.));
#9419 = PLANE('',#9420);
#9420 = AXIS2_PLACEMENT_3D('',#9421,#9422,#9423);
#9421 = CARTESIAN_POINT('',(240.,36.,0.));
#9422 = DIRECTION('',(0.,1.,0.));
#9423 = DIRECTION('',(0.,0.,1.));
#9424 = ADVANCED_FACE('',(#9425),#9444,.F.);
#9425 = FACE_BOUND('',#9426,.F.);
#9426 = EDGE_LOOP('',(#9427,#9436,#9442,#9443));
#9427 = ORIENTED_EDGE('',*,*,#9428,.F.);
#9428 = EDGE_CURVE('',#9429,#9429,#9431,.T.);
#9429 = VERTEX_POINT('',#9430);
#9430 = CARTESIAN_POINT('',(247.5,28.,20.75));
#9431 = CIRCLE('',#9432,2.75);
#9432 = AXIS2_PLACEMENT_3D('',#9433,#9434,#9435);
#9433 = CARTESIAN_POINT('',(247.5,28.,18.));
#9434 = DIRECTION('',(1.,0.,-0.));
#9435 = DIRECTION('',(0.,0.,1.));
#9436 = ORIENTED_EDGE('',*,*,#9437,.F.);
#9437 = EDGE_CURVE('',#9294,#9429,#9438,.T.);
#9438 = LINE('',#9439,#9440);
#9439 = CARTESIAN_POINT('',(239.5,28.,20.75));
#9440 = VECTOR('',#9441,1.);
#9441 = DIRECTION('',(1.,0.,0.));
#9442 = ORIENTED_EDGE('',*,*,#9293,.T.);
#9443 = ORIENTED_EDGE('',*,*,#9437,.T.);
#9444 = CYLINDRICAL_SURFACE('',#9445,2.75);
#9445 = AXIS2_PLACEMENT_3D('',#9446,#9447,#9448);
#9446 = CARTESIAN_POINT('',(239.5,28.,18.));
#9447 = DIRECTION('',(1.,0.,0.));
#9448 = DIRECTION('',(0.,0.,1.));
#9449 = ADVANCED_FACE('',(#9450),#9469,.F.);
#9450 = FACE_BOUND('',#9451,.F.);
#9451 = EDGE_LOOP('',(#9452,#9461,#9467,#9468));
#9452 = ORIENTED_EDGE('',*,*,#9453,.F.);
#9453 = EDGE_CURVE('',#9454,#9454,#9456,.T.);
#9454 = VERTEX_POINT('',#9455);
#9455 = CARTESIAN_POINT('',(247.5,-28.,20.75));
#9456 = CIRCLE('',#9457,2.75);
#9457 = AXIS2_PLACEMENT_3D('',#9458,#9459,#9460);
#9458 = CARTESIAN_POINT('',(247.5,-28.,18.));
#9459 = DIRECTION('',(1.,0.,-0.));
#9460 = DIRECTION('',(0.,0.,1.));
#9461 = ORIENTED_EDGE('',*,*,#9462,.F.);
#9462 = EDGE_CURVE('',#9305,#9454,#9463,.T.);
#9463 = LINE('',#9464,#9465);
#9464 = CARTESIAN_POINT('',(239.5,-28.,20.75));
#9465 = VECTOR('',#9466,1.);
#9466 = DIRECTION('',(1.,0.,0.));
#9467 = ORIENTED_EDGE('',*,*,#9304,.T.);
#9468 = ORIENTED_EDGE('',*,*,#9462,.T.);
#9469 = CYLINDRICAL_SURFACE('',#9470,2.75);
#9470 = AXIS2_PLACEMENT_3D('',#9471,#9472,#9473);
#9471 = CARTESIAN_POINT('',(239.5,-28.,18.));
#9472 = DIRECTION('',(1.,0.,0.));
#9473 = DIRECTION('',(0.,0.,1.));
#9474 = ADVANCED_FACE('',(#9475),#9494,.F.);
#9475 = FACE_BOUND('',#9476,.F.);
#9476 = EDGE_LOOP('',(#9477,#9485,#9492,#9493));
#9477 = ORIENTED_EDGE('',*,*,#9478,.T.);
#9478 = EDGE_CURVE('',#9316,#9479,#9481,.T.);
#9479 = VERTEX_POINT('',#9480);
#9480 = CARTESIAN_POINT('',(250.,3.429011037613E-15,34.));
#9481 = LINE('',#9482,#9483);
#9482 = CARTESIAN_POINT('',(239.5,3.429011037613E-15,34.));
#9483 = VECTOR('',#9484,1.);
#9484 = DIRECTION('',(1.,0.,0.));
#9485 = ORIENTED_EDGE('',*,*,#9486,.F.);
#9486 = EDGE_CURVE('',#9479,#9479,#9487,.T.);
#9487 = CIRCLE('',#9488,14.);
#9488 = AXIS2_PLACEMENT_3D('',#9489,#9490,#9491);
#9489 = CARTESIAN_POINT('',(250.,0.,20.));
#9490 = DIRECTION('',(1.,0.,-0.));
#9491 = DIRECTION('',(0.,0.,1.));
#9492 = ORIENTED_EDGE('',*,*,#9478,.F.);
#9493 = ORIENTED_EDGE('',*,*,#9315,.T.);
#9494 = CYLINDRICAL_SURFACE('',#9495,14.);
#9495 = AXIS2_PLACEMENT_3D('',#9496,#9497,#9498);
#9496 = CARTESIAN_POINT('',(239.5,0.,20.));
#9497 = DIRECTION('',(1.,0.,0.));
#9498 = DIRECTION('',(0.,0.,1.));
#9499 = ADVANCED_FACE('',(#9500,#9506,#9517,#9528),#9539,.T.);
#9500 = FACE_BOUND('',#9501,.T.);
#9501 = EDGE_LOOP('',(#9502,#9503,#9504,#9505));
#9502 = ORIENTED_EDGE('',*,*,#9349,.F.);
#9503 = ORIENTED_EDGE('',*,*,#9389,.T.);
#9504 = ORIENTED_EDGE('',*,*,#9414,.T.);
#9505 = ORIENTED_EDGE('',*,*,#9365,.F.);
#9506 = FACE_BOUND('',#9507,.T.);
#9507 = EDGE_LOOP('',(#9508));
#9508 = ORIENTED_EDGE('',*,*,#9509,.F.);
#9509 = EDGE_CURVE('',#9510,#9510,#9512,.T.);
#9510 = VERTEX_POINT('',#9511);
#9511 = CARTESIAN_POINT('',(254.,28.,23.));
#9512 = CIRCLE('',#9513,5.);
#9513 = AXIS2_PLACEMENT_3D('',#9514,#9515,#9516);
#9514 = CARTESIAN_POINT('',(254.,28.,18.));
#9515 = DIRECTION('',(1.,0.,-0.));
#9516 = DIRECTION('',(0.,0.,1.));
#9517 = FACE_BOUND('',#9518,.T.);
#9518 = EDGE_LOOP('',(#9519));
#9519 = ORIENTED_EDGE('',*,*,#9520,.F.);
#9520 = EDGE_CURVE('',#9521,#9521,#9523,.T.);
#9521 = VERTEX_POINT('',#9522);
#9522 = CARTESIAN_POINT('',(254.,-28.,23.));
#9523 = CIRCLE('',#9524,5.);
#9524 = AXIS2_PLACEMENT_3D('',#9525,#9526,#9527);
#9525 = CARTESIAN_POINT('',(254.,-28.,18.));
#9526 = DIRECTION('',(1.,0.,-0.));
#9527 = DIRECTION('',(0.,0.,1.));
#9528 = FACE_BOUND('',#9529,.T.);
#9529 = EDGE_LOOP('',(#9530));
#9530 = ORIENTED_EDGE('',*,*,#9531,.F.);
#9531 = EDGE_CURVE('',#9532,#9532,#9534,.T.);
#9532 = VERTEX_POINT('',#9533);
#9533 = CARTESIAN_POINT('',(254.,1.592040838892E-15,26.5));
#9534 = CIRCLE('',#9535,6.5);
#9535 = AXIS2_PLACEMENT_3D('',#9536,#9537,#9538);
#9536 = CARTESIAN_POINT('',(254.,0.,20.));
#9537 = DIRECTION('',(1.,0.,-0.));
#9538 = DIRECTION('',(0.,0.,1.));
#9539 = PLANE('',#9540);
#9540 = AXIS2_PLACEMENT_3D('',#9541,#9542,#9543);
#9541 = CARTESIAN_POINT('',(254.,-36.,0.));
#9542 = DIRECTION('',(1.,0.,0.));
#9543 = DIRECTION('',(0.,0.,1.));
#9544 = ADVANCED_FACE('',(#9545,#9556),#9559,.T.);
#9545 = FACE_BOUND('',#9546,.T.);
#9546 = EDGE_LOOP('',(#9547));
#9547 = ORIENTED_EDGE('',*,*,#9548,.T.);
#9548 = EDGE_CURVE('',#9549,#9549,#9551,.T.);
#9549 = VERTEX_POINT('',#9550);
#9550 = CARTESIAN_POINT('',(247.5,28.,23.));
#9551 = CIRCLE('',#9552,5.);
#9552 = AXIS2_PLACEMENT_3D('',#9553,#9554,#9555);
#9553 = CARTESIAN_POINT('',(247.5,28.,18.));
#9554 = DIRECTION('',(1.,0.,-0.));
#9555 = DIRECTION('',(0.,0.,1.));
#9556 = FACE_BOUND('',#9557,.T.);
#9557 = EDGE_LOOP('',(#9558));
#9558 = ORIENTED_EDGE('',*,*,#9428,.F.);
#9559 = PLANE('',#9560);
#9560 = AXIS2_PLACEMENT_3D('',#9561,#9562,#9563);
#9561 = CARTESIAN_POINT('',(247.5,28.,18.));
#9562 = DIRECTION('',(1.,0.,0.));
#9563 = DIRECTION('',(0.,0.,1.));
#9564 = ADVANCED_FACE('',(#9565,#9576),#9579,.T.);
#9565 = FACE_BOUND('',#9566,.T.);
#9566 = EDGE_LOOP('',(#9567));
#9567 = ORIENTED_EDGE('',*,*,#9568,.T.);
#9568 = EDGE_CURVE('',#9569,#9569,#9571,.T.);
#9569 = VERTEX_POINT('',#9570);
#9570 = CARTESIAN_POINT('',(247.5,-28.,23.));
#9571 = CIRCLE('',#9572,5.);
#9572 = AXIS2_PLACEMENT_3D('',#9573,#9574,#9575);
#9573 = CARTESIAN_POINT('',(247.5,-28.,18.));
#9574 = DIRECTION('',(1.,0.,-0.));
#9575 = DIRECTION('',(0.,0.,1.));
#9576 = FACE_BOUND('',#9577,.T.);
#9577 = EDGE_LOOP('',(#9578));
#9578 = ORIENTED_EDGE('',*,*,#9453,.F.);
#9579 = PLANE('',#9580);
#9580 = AXIS2_PLACEMENT_3D('',#9581,#9582,#9583);
#9581 = CARTESIAN_POINT('',(247.5,-28.,18.));
#9582 = DIRECTION('',(1.,0.,0.));
#9583 = DIRECTION('',(0.,0.,1.));
#9584 = ADVANCED_FACE('',(#9585,#9588),#9599,.F.);
#9585 = FACE_BOUND('',#9586,.F.);
#9586 = EDGE_LOOP('',(#9587));
#9587 = ORIENTED_EDGE('',*,*,#9486,.T.);
#9588 = FACE_BOUND('',#9589,.F.);
#9589 = EDGE_LOOP('',(#9590));
#9590 = ORIENTED_EDGE('',*,*,#9591,.F.);
#9591 = EDGE_CURVE('',#9592,#9592,#9594,.T.);
#9592 = VERTEX_POINT('',#9593);
#9593 = CARTESIAN_POINT('',(250.,1.592040838892E-15,26.5));
#9594 = CIRCLE('',#9595,6.5);
#9595 = AXIS2_PLACEMENT_3D('',#9596,#9597,#9598);
#9596 = CARTESIAN_POINT('',(250.,0.,20.));
#9597 = DIRECTION('',(1.,0.,-0.));
#9598 = DIRECTION('',(0.,0.,1.));
#9599 = PLANE('',#9600);
#9600 = AXIS2_PLACEMENT_3D('',#9601,#9602,#9603);
#9601 = CARTESIAN_POINT('',(250.,0.,20.));
#9602 = DIRECTION('',(1.,0.,0.));
#9603 = DIRECTION('',(0.,0.,1.));
#9604 = ADVANCED_FACE('',(#9605),#9616,.F.);
#9605 = FACE_BOUND('',#9606,.F.);
#9606 = EDGE_LOOP('',(#9607,#9608,#9614,#9615));
#9607 = ORIENTED_EDGE('',*,*,#9509,.F.);
#9608 = ORIENTED_EDGE('',*,*,#9609,.F.);
#9609 = EDGE_CURVE('',#9549,#9510,#9610,.T.);
#9610 = LINE('',#9611,#9612);
#9611 = CARTESIAN_POINT('',(247.5,28.,23.));
#9612 = VECTOR('',#9613,1.);
#9613 = DIRECTION('',(1.,0.,0.));
#9614 = ORIENTED_EDGE('',*,*,#9548,.T.);
#9615 = ORIENTED_EDGE('',*,*,#9609,.T.);
#9616 = CYLINDRICAL_SURFACE('',#9617,5.);
#9617 = AXIS2_PLACEMENT_3D('',#9618,#9619,#9620);
#9618 = CARTESIAN_POINT('',(247.5,28.,18.));
#9619 = DIRECTION('',(1.,0.,0.));
#9620 = DIRECTION('',(0.,0.,1.));
#9621 = ADVANCED_FACE('',(#9622),#9633,.F.);
#9622 = FACE_BOUND('',#9623,.F.);
#9623 = EDGE_LOOP('',(#9624,#9625,#9631,#9632));
#9624 = ORIENTED_EDGE('',*,*,#9520,.F.);
#9625 = ORIENTED_EDGE('',*,*,#9626,.F.);
#9626 = EDGE_CURVE('',#9569,#9521,#9627,.T.);
#9627 = LINE('',#9628,#9629);
#9628 = CARTESIAN_POINT('',(247.5,-28.,23.));
#9629 = VECTOR('',#9630,1.);
#9630 = DIRECTION('',(1.,0.,0.));
#9631 = ORIENTED_EDGE('',*,*,#9568,.T.);
#9632 = ORIENTED_EDGE('',*,*,#9626,.T.);
#9633 = CYLINDRICAL_SURFACE('',#9634,5.);
#9634 = AXIS2_PLACEMENT_3D('',#9635,#9636,#9637);
#9635 = CARTESIAN_POINT('',(247.5,-28.,18.));
#9636 = DIRECTION('',(1.,0.,0.));
#9637 = DIRECTION('',(0.,0.,1.));
#9638 = ADVANCED_FACE('',(#9639),#9650,.F.);
#9639 = FACE_BOUND('',#9640,.F.);
#9640 = EDGE_LOOP('',(#9641,#9647,#9648,#9649));
#9641 = ORIENTED_EDGE('',*,*,#9642,.T.);
#9642 = EDGE_CURVE('',#9592,#9532,#9643,.T.);
#9643 = LINE('',#9644,#9645);
#9644 = CARTESIAN_POINT('',(239.5,1.592040838892E-15,26.5));
#9645 = VECTOR('',#9646,1.);
#9646 = DIRECTION('',(1.,0.,0.));
#9647 = ORIENTED_EDGE('',*,*,#9531,.F.);
#9648 = ORIENTED_EDGE('',*,*,#9642,.F.);
#9649 = ORIENTED_EDGE('',*,*,#9591,.T.);
#9650 = CYLINDRICAL_SURFACE('',#9651,6.5);
#9651 = AXIS2_PLACEMENT_3D('',#9652,#9653,#9654);
#9652 = CARTESIAN_POINT('',(239.5,0.,20.));
#9653 = DIRECTION('',(1.,0.,0.));
#9654 = DIRECTION('',(0.,0.,1.));
#9655 = MANIFOLD_SOLID_BREP('',#9656);
#9656 = CLOSED_SHELL('',(#9657,#9685,#9710,#9719,#9743));
#9657 = ADVANCED_FACE('',(#9658,#9669),#9680,.F.);
#9658 = FACE_BOUND('',#9659,.F.);
#9659 = EDGE_LOOP('',(#9660));
#9660 = ORIENTED_EDGE('',*,*,#9661,.T.);
#9661 = EDGE_CURVE('',#9662,#9662,#9664,.T.);
#9662 = VERTEX_POINT('',#9663);
#9663 = CARTESIAN_POINT('',(-20.,1.469576158977E-15,26.));
#9664 = CIRCLE('',#9665,6.);
#9665 = AXIS2_PLACEMENT_3D('',#9666,#9667,#9668);
#9666 = CARTESIAN_POINT('',(-20.,0.,20.));
#9667 = DIRECTION('',(1.,0.,-0.));
#9668 = DIRECTION('',(0.,0.,1.));
#9669 = FACE_BOUND('',#9670,.F.);
#9670 = EDGE_LOOP('',(#9671));
#9671 = ORIENTED_EDGE('',*,*,#9672,.F.);
#9672 = EDGE_CURVE('',#9673,#9673,#9675,.T.);
#9673 = VERTEX_POINT('',#9674);
#9674 = CARTESIAN_POINT('',(-20.,9.797174393179E-16,24.));
#9675 = CIRCLE('',#9676,4.);
#9676 = AXIS2_PLACEMENT_3D('',#9677,#9678,#9679);
#9677 = CARTESIAN_POINT('',(-20.,0.,20.));
#9678 = DIRECTION('',(1.,0.,-0.));
#9679 = DIRECTION('',(0.,0.,1.));
#9680 = PLANE('',#9681);
#9681 = AXIS2_PLACEMENT_3D('',#9682,#9683,#9684);
#9682 = CARTESIAN_POINT('',(-20.,0.,20.));
#9683 = DIRECTION('',(1.,0.,0.));
#9684 = DIRECTION('',(0.,0.,1.));
#9685 = ADVANCED_FACE('',(#9686),#9705,.T.);
#9686 = FACE_BOUND('',#9687,.T.);
#9687 = EDGE_LOOP('',(#9688,#9689,#9697,#9704));
#9688 = ORIENTED_EDGE('',*,*,#9672,.F.);
#9689 = ORIENTED_EDGE('',*,*,#9690,.F.);
#9690 = EDGE_CURVE('',#9691,#9673,#9693,.T.);
#9691 = VERTEX_POINT('',#9692);
#9692 = CARTESIAN_POINT('',(-45.,9.797174393179E-16,24.));
#9693 = LINE('',#9694,#9695);
#9694 = CARTESIAN_POINT('',(-45.,9.797174393179E-16,24.));
#9695 = VECTOR('',#9696,1.);
#9696 = DIRECTION('',(1.,0.,0.));
#9697 = ORIENTED_EDGE('',*,*,#9698,.T.);
#9698 = EDGE_CURVE('',#9691,#9691,#9699,.T.);
#9699 = CIRCLE('',#9700,4.);
#9700 = AXIS2_PLACEMENT_3D('',#9701,#9702,#9703);
#9701 = CARTESIAN_POINT('',(-45.,0.,20.));
#9702 = DIRECTION('',(1.,0.,-0.));
#9703 = DIRECTION('',(0.,0.,1.));
#9704 = ORIENTED_EDGE('',*,*,#9690,.T.);
#9705 = CYLINDRICAL_SURFACE('',#9706,4.);
#9706 = AXIS2_PLACEMENT_3D('',#9707,#9708,#9709);
#9707 = CARTESIAN_POINT('',(-45.,0.,20.));
#9708 = DIRECTION('',(1.,0.,0.));
#9709 = DIRECTION('',(0.,0.,1.));
#9710 = ADVANCED_FACE('',(#9711),#9714,.F.);
#9711 = FACE_BOUND('',#9712,.T.);
#9712 = EDGE_LOOP('',(#9713));
#9713 = ORIENTED_EDGE('',*,*,#9698,.F.);
#9714 = PLANE('',#9715);
#9715 = AXIS2_PLACEMENT_3D('',#9716,#9717,#9718);
#9716 = CARTESIAN_POINT('',(-45.,0.,20.));
#9717 = DIRECTION('',(1.,0.,0.));
#9718 = DIRECTION('',(0.,0.,1.));
#9719 = ADVANCED_FACE('',(#9720),#9738,.T.);
#9720 = FACE_BOUND('',#9721,.T.);
#9721 = EDGE_LOOP('',(#9722,#9723,#9730,#9737));
#9722 = ORIENTED_EDGE('',*,*,#9661,.T.);
#9723 = ORIENTED_EDGE('',*,*,#9724,.T.);
#9724 = EDGE_CURVE('',#9662,#9725,#9727,.T.);
#9725 = VERTEX_POINT('',#9726);
#9726 = CARTESIAN_POINT('',(250.,1.469576158977E-15,26.));
#9727 = B_SPLINE_CURVE_WITH_KNOTS('',1,(#9728,#9729),.UNSPECIFIED.,.F.,
  .F.,(2,2),(-20.,250.),.PIECEWISE_BEZIER_KNOTS.);
#9728 = CARTESIAN_POINT('',(-20.,0.,26.));
#9729 = CARTESIAN_POINT('',(250.,0.,26.));
#9730 = ORIENTED_EDGE('',*,*,#9731,.F.);
#9731 = EDGE_CURVE('',#9725,#9725,#9732,.T.);
#9732 = CIRCLE('',#9733,6.);
#9733 = AXIS2_PLACEMENT_3D('',#9734,#9735,#9736);
#9734 = CARTESIAN_POINT('',(250.,0.,20.));
#9735 = DIRECTION('',(1.,0.,-0.));
#9736 = DIRECTION('',(0.,0.,1.));
#9737 = ORIENTED_EDGE('',*,*,#9724,.F.);
#9738 = CYLINDRICAL_SURFACE('',#9739,6.);
#9739 = AXIS2_PLACEMENT_3D('',#9740,#9741,#9742);
#9740 = CARTESIAN_POINT('',(0.,0.,20.));
#9741 = DIRECTION('',(1.,0.,0.));
#9742 = DIRECTION('',(0.,0.,1.));
#9743 = ADVANCED_FACE('',(#9744),#9747,.T.);
#9744 = FACE_BOUND('',#9745,.T.);
#9745 = EDGE_LOOP('',(#9746));
#9746 = ORIENTED_EDGE('',*,*,#9731,.T.);
#9747 = PLANE('',#9748);
#9748 = AXIS2_PLACEMENT_3D('',#9749,#9750,#9751);
#9749 = CARTESIAN_POINT('',(250.,0.,20.));
#9750 = DIRECTION('',(1.,0.,0.));
#9751 = DIRECTION('',(0.,0.,1.));
#9752 = MANIFOLD_SOLID_BREP('',#9753);
#9753 = CLOSED_SHELL('',(#9754,#9787,#9851,#9876,#9901,#9926,#9951,#9976
    ,#10009,#10021));
#9754 = ADVANCED_FACE('',(#9755),#9782,.T.);
#9755 = FACE_BOUND('',#9756,.T.);
#9756 = EDGE_LOOP('',(#9757,#9766,#9774,#9781));
#9757 = ORIENTED_EDGE('',*,*,#9758,.F.);
#9758 = EDGE_CURVE('',#9759,#9759,#9761,.T.);
#9759 = VERTEX_POINT('',#9760);
#9760 = CARTESIAN_POINT('',(91.,4.65365783676E-15,39.));
#9761 = CIRCLE('',#9762,19.);
#9762 = AXIS2_PLACEMENT_3D('',#9763,#9764,#9765);
#9763 = CARTESIAN_POINT('',(91.,0.,20.));
#9764 = DIRECTION('',(1.,0.,-0.));
#9765 = DIRECTION('',(0.,0.,1.));
#9766 = ORIENTED_EDGE('',*,*,#9767,.F.);
#9767 = EDGE_CURVE('',#9768,#9759,#9770,.T.);
#9768 = VERTEX_POINT('',#9769);
#9769 = CARTESIAN_POINT('',(85.,4.65365783676E-15,39.));
#9770 = LINE('',#9771,#9772);
#9771 = CARTESIAN_POINT('',(85.,4.65365783676E-15,39.));
#9772 = VECTOR('',#9773,1.);
#9773 = DIRECTION('',(1.,0.,0.));
#9774 = ORIENTED_EDGE('',*,*,#9775,.T.);
#9775 = EDGE_CURVE('',#9768,#9768,#9776,.T.);
#9776 = CIRCLE('',#9777,19.);
#9777 = AXIS2_PLACEMENT_3D('',#9778,#9779,#9780);
#9778 = CARTESIAN_POINT('',(85.,0.,20.));
#9779 = DIRECTION('',(1.,0.,-0.));
#9780 = DIRECTION('',(0.,0.,1.));
#9781 = ORIENTED_EDGE('',*,*,#9767,.T.);
#9782 = CYLINDRICAL_SURFACE('',#9783,19.);
#9783 = AXIS2_PLACEMENT_3D('',#9784,#9785,#9786);
#9784 = CARTESIAN_POINT('',(85.,0.,20.));
#9785 = DIRECTION('',(1.,0.,0.));
#9786 = DIRECTION('',(0.,0.,1.));
#9787 = ADVANCED_FACE('',(#9788,#9791,#9802,#9813,#9824,#9835),#9846,.F.
  );
#9788 = FACE_BOUND('',#9789,.F.);
#9789 = EDGE_LOOP('',(#9790));
#9790 = ORIENTED_EDGE('',*,*,#9775,.T.);
#9791 = FACE_BOUND('',#9792,.F.);
#9792 = EDGE_LOOP('',(#9793));
#9793 = ORIENTED_EDGE('',*,*,#9794,.F.);
#9794 = EDGE_CURVE('',#9795,#9795,#9797,.T.);
#9795 = VERTEX_POINT('',#9796);
#9796 = CARTESIAN_POINT('',(85.,10.606601717798,11.093398282202));
#9797 = CIRCLE('',#9798,1.7);
#9798 = AXIS2_PLACEMENT_3D('',#9799,#9800,#9801);
#9799 = CARTESIAN_POINT('',(85.,10.606601717798,9.393398282202));
#9800 = DIRECTION('',(1.,0.,-0.));
#9801 = DIRECTION('',(0.,0.,1.));
#9802 = FACE_BOUND('',#9803,.F.);
#9803 = EDGE_LOOP('',(#9804));
#9804 = ORIENTED_EDGE('',*,*,#9805,.F.);
#9805 = EDGE_CURVE('',#9806,#9806,#9808,.T.);
#9806 = VERTEX_POINT('',#9807);
#9807 = CARTESIAN_POINT('',(85.,10.606601717798,32.306601717798));
#9808 = CIRCLE('',#9809,1.7);
#9809 = AXIS2_PLACEMENT_3D('',#9810,#9811,#9812);
#9810 = CARTESIAN_POINT('',(85.,10.606601717798,30.606601717798));
#9811 = DIRECTION('',(1.,0.,-0.));
#9812 = DIRECTION('',(0.,0.,1.));
#9813 = FACE_BOUND('',#9814,.F.);
#9814 = EDGE_LOOP('',(#9815));
#9815 = ORIENTED_EDGE('',*,*,#9816,.F.);
#9816 = EDGE_CURVE('',#9817,#9817,#9819,.T.);
#9817 = VERTEX_POINT('',#9818);
#9818 = CARTESIAN_POINT('',(85.,2.694222958124E-15,31.));
#9819 = CIRCLE('',#9820,11.);
#9820 = AXIS2_PLACEMENT_3D('',#9821,#9822,#9823);
#9821 = CARTESIAN_POINT('',(85.,0.,20.));
#9822 = DIRECTION('',(1.,0.,-0.));
#9823 = DIRECTION('',(0.,0.,1.));
#9824 = FACE_BOUND('',#9825,.F.);
#9825 = EDGE_LOOP('',(#9826));
#9826 = ORIENTED_EDGE('',*,*,#9827,.F.);
#9827 = EDGE_CURVE('',#9828,#9828,#9830,.T.);
#9828 = VERTEX_POINT('',#9829);
#9829 = CARTESIAN_POINT('',(85.,-10.60660171779,11.093398282202));
#9830 = CIRCLE('',#9831,1.7);
#9831 = AXIS2_PLACEMENT_3D('',#9832,#9833,#9834);
#9832 = CARTESIAN_POINT('',(85.,-10.60660171779,9.393398282202));
#9833 = DIRECTION('',(1.,0.,-0.));
#9834 = DIRECTION('',(0.,0.,1.));
#9835 = FACE_BOUND('',#9836,.F.);
#9836 = EDGE_LOOP('',(#9837));
#9837 = ORIENTED_EDGE('',*,*,#9838,.F.);
#9838 = EDGE_CURVE('',#9839,#9839,#9841,.T.);
#9839 = VERTEX_POINT('',#9840);
#9840 = CARTESIAN_POINT('',(85.,-10.60660171779,32.306601717798));
#9841 = CIRCLE('',#9842,1.7);
#9842 = AXIS2_PLACEMENT_3D('',#9843,#9844,#9845);
#9843 = CARTESIAN_POINT('',(85.,-10.60660171779,30.606601717798));
#9844 = DIRECTION('',(1.,0.,-0.));
#9845 = DIRECTION('',(0.,0.,1.));
#9846 = PLANE('',#9847);
#9847 = AXIS2_PLACEMENT_3D('',#9848,#9849,#9850);
#9848 = CARTESIAN_POINT('',(85.,0.,20.));
#9849 = DIRECTION('',(1.,0.,0.));
#9850 = DIRECTION('',(0.,0.,1.));
#9851 = ADVANCED_FACE('',(#9852),#9871,.F.);
#9852 = FACE_BOUND('',#9853,.F.);
#9853 = EDGE_LOOP('',(#9854,#9863,#9869,#9870));
#9854 = ORIENTED_EDGE('',*,*,#9855,.F.);
#9855 = EDGE_CURVE('',#9856,#9856,#9858,.T.);
#9856 = VERTEX_POINT('',#9857);
#9857 = CARTESIAN_POINT('',(91.,10.606601717798,11.093398282202));
#9858 = CIRCLE('',#9859,1.7);
#9859 = AXIS2_PLACEMENT_3D('',#9860,#9861,#9862);
#9860 = CARTESIAN_POINT('',(91.,10.606601717798,9.393398282202));
#9861 = DIRECTION('',(1.,0.,-0.));
#9862 = DIRECTION('',(0.,0.,1.));
#9863 = ORIENTED_EDGE('',*,*,#9864,.F.);
#9864 = EDGE_CURVE('',#9795,#9856,#9865,.T.);
#9865 = LINE('',#9866,#9867);
#9866 = CARTESIAN_POINT('',(84.,10.606601717798,11.093398282202));
#9867 = VECTOR('',#9868,1.);
#9868 = DIRECTION('',(1.,0.,0.));
#9869 = ORIENTED_EDGE('',*,*,#9794,.T.);
#9870 = ORIENTED_EDGE('',*,*,#9864,.T.);
#9871 = CYLINDRICAL_SURFACE('',#9872,1.7);
#9872 = AXIS2_PLACEMENT_3D('',#9873,#9874,#9875);
#9873 = CARTESIAN_POINT('',(84.,10.606601717798,9.393398282202));
#9874 = DIRECTION('',(1.,0.,0.));
#9875 = DIRECTION('',(0.,0.,1.));
#9876 = ADVANCED_FACE('',(#9877),#9896,.F.);
#9877 = FACE_BOUND('',#9878,.F.);
#9878 = EDGE_LOOP('',(#9879,#9888,#9894,#9895));
#9879 = ORIENTED_EDGE('',*,*,#9880,.F.);
#9880 = EDGE_CURVE('',#9881,#9881,#9883,.T.);
#9881 = VERTEX_POINT('',#9882);
#9882 = CARTESIAN_POINT('',(91.,10.606601717798,32.306601717798));
#9883 = CIRCLE('',#9884,1.7);
#9884 = AXIS2_PLACEMENT_3D('',#9885,#9886,#9887);
#9885 = CARTESIAN_POINT('',(91.,10.606601717798,30.606601717798));
#9886 = DIRECTION('',(1.,0.,-0.));
#9887 = DIRECTION('',(0.,0.,1.));
#9888 = ORIENTED_EDGE('',*,*,#9889,.F.);
#9889 = EDGE_CURVE('',#9806,#9881,#9890,.T.);
#9890 = LINE('',#9891,#9892);
#9891 = CARTESIAN_POINT('',(84.,10.606601717798,32.306601717798));
#9892 = VECTOR('',#9893,1.);
#9893 = DIRECTION('',(1.,0.,0.));
#9894 = ORIENTED_EDGE('',*,*,#9805,.T.);
#9895 = ORIENTED_EDGE('',*,*,#9889,.T.);
#9896 = CYLINDRICAL_SURFACE('',#9897,1.7);
#9897 = AXIS2_PLACEMENT_3D('',#9898,#9899,#9900);
#9898 = CARTESIAN_POINT('',(84.,10.606601717798,30.606601717798));
#9899 = DIRECTION('',(1.,0.,0.));
#9900 = DIRECTION('',(0.,0.,1.));
#9901 = ADVANCED_FACE('',(#9902),#9921,.F.);
#9902 = FACE_BOUND('',#9903,.F.);
#9903 = EDGE_LOOP('',(#9904,#9913,#9919,#9920));
#9904 = ORIENTED_EDGE('',*,*,#9905,.F.);
#9905 = EDGE_CURVE('',#9906,#9906,#9908,.T.);
#9906 = VERTEX_POINT('',#9907);
#9907 = CARTESIAN_POINT('',(91.,-10.60660171779,11.093398282202));
#9908 = CIRCLE('',#9909,1.7);
#9909 = AXIS2_PLACEMENT_3D('',#9910,#9911,#9912);
#9910 = CARTESIAN_POINT('',(91.,-10.60660171779,9.393398282202));
#9911 = DIRECTION('',(1.,0.,-0.));
#9912 = DIRECTION('',(0.,0.,1.));
#9913 = ORIENTED_EDGE('',*,*,#9914,.F.);
#9914 = EDGE_CURVE('',#9828,#9906,#9915,.T.);
#9915 = LINE('',#9916,#9917);
#9916 = CARTESIAN_POINT('',(84.,-10.60660171779,11.093398282202));
#9917 = VECTOR('',#9918,1.);
#9918 = DIRECTION('',(1.,0.,0.));
#9919 = ORIENTED_EDGE('',*,*,#9827,.T.);
#9920 = ORIENTED_EDGE('',*,*,#9914,.T.);
#9921 = CYLINDRICAL_SURFACE('',#9922,1.7);
#9922 = AXIS2_PLACEMENT_3D('',#9923,#9924,#9925);
#9923 = CARTESIAN_POINT('',(84.,-10.60660171779,9.393398282202));
#9924 = DIRECTION('',(1.,0.,0.));
#9925 = DIRECTION('',(0.,0.,1.));
#9926 = ADVANCED_FACE('',(#9927),#9946,.F.);
#9927 = FACE_BOUND('',#9928,.F.);
#9928 = EDGE_LOOP('',(#9929,#9938,#9944,#9945));
#9929 = ORIENTED_EDGE('',*,*,#9930,.F.);
#9930 = EDGE_CURVE('',#9931,#9931,#9933,.T.);
#9931 = VERTEX_POINT('',#9932);
#9932 = CARTESIAN_POINT('',(91.,-10.60660171779,32.306601717798));
#9933 = CIRCLE('',#9934,1.7);
#9934 = AXIS2_PLACEMENT_3D('',#9935,#9936,#9937);
#9935 = CARTESIAN_POINT('',(91.,-10.60660171779,30.606601717798));
#9936 = DIRECTION('',(1.,0.,-0.));
#9937 = DIRECTION('',(0.,0.,1.));
#9938 = ORIENTED_EDGE('',*,*,#9939,.F.);
#9939 = EDGE_CURVE('',#9839,#9931,#9940,.T.);
#9940 = LINE('',#9941,#9942);
#9941 = CARTESIAN_POINT('',(84.,-10.60660171779,32.306601717798));
#9942 = VECTOR('',#9943,1.);
#9943 = DIRECTION('',(1.,0.,0.));
#9944 = ORIENTED_EDGE('',*,*,#9838,.T.);
#9945 = ORIENTED_EDGE('',*,*,#9939,.T.);
#9946 = CYLINDRICAL_SURFACE('',#9947,1.7);
#9947 = AXIS2_PLACEMENT_3D('',#9948,#9949,#9950);
#9948 = CARTESIAN_POINT('',(84.,-10.60660171779,30.606601717798));
#9949 = DIRECTION('',(1.,0.,0.));
#9950 = DIRECTION('',(0.,0.,1.));
#9951 = ADVANCED_FACE('',(#9952),#9971,.T.);
#9952 = FACE_BOUND('',#9953,.T.);
#9953 = EDGE_LOOP('',(#9954,#9955,#9963,#9970));
#9954 = ORIENTED_EDGE('',*,*,#9816,.F.);
#9955 = ORIENTED_EDGE('',*,*,#9956,.F.);
#9956 = EDGE_CURVE('',#9957,#9817,#9959,.T.);
#9957 = VERTEX_POINT('',#9958);
#9958 = CARTESIAN_POINT('',(59.,2.694222958124E-15,31.));
#9959 = LINE('',#9960,#9961);
#9960 = CARTESIAN_POINT('',(59.,2.694222958124E-15,31.));
#9961 = VECTOR('',#9962,1.);
#9962 = DIRECTION('',(1.,0.,0.));
#9963 = ORIENTED_EDGE('',*,*,#9964,.T.);
#9964 = EDGE_CURVE('',#9957,#9957,#9965,.T.);
#9965 = CIRCLE('',#9966,11.);
#9966 = AXIS2_PLACEMENT_3D('',#9967,#9968,#9969);
#9967 = CARTESIAN_POINT('',(59.,0.,20.));
#9968 = DIRECTION('',(1.,0.,-0.));
#9969 = DIRECTION('',(0.,0.,1.));
#9970 = ORIENTED_EDGE('',*,*,#9956,.T.);
#9971 = CYLINDRICAL_SURFACE('',#9972,11.);
#9972 = AXIS2_PLACEMENT_3D('',#9973,#9974,#9975);
#9973 = CARTESIAN_POINT('',(59.,0.,20.));
#9974 = DIRECTION('',(1.,0.,0.));
#9975 = DIRECTION('',(0.,0.,1.));
#9976 = ADVANCED_FACE('',(#9977),#10004,.F.);
#9977 = FACE_BOUND('',#9978,.F.);
#9978 = EDGE_LOOP('',(#9979,#9988,#9996,#10003));
#9979 = ORIENTED_EDGE('',*,*,#9980,.F.);
#9980 = EDGE_CURVE('',#9981,#9981,#9983,.T.);
#9981 = VERTEX_POINT('',#9982);
#9982 = CARTESIAN_POINT('',(91.,1.543054966926E-15,26.3));
#9983 = CIRCLE('',#9984,6.3);
#9984 = AXIS2_PLACEMENT_3D('',#9985,#9986,#9987);
#9985 = CARTESIAN_POINT('',(91.,0.,20.));
#9986 = DIRECTION('',(1.,0.,-0.));
#9987 = DIRECTION('',(0.,0.,1.));
#9988 = ORIENTED_EDGE('',*,*,#9989,.F.);
#9989 = EDGE_CURVE('',#9990,#9981,#9992,.T.);
#9990 = VERTEX_POINT('',#9991);
#9991 = CARTESIAN_POINT('',(59.,1.543054966926E-15,26.3));
#9992 = LINE('',#9993,#9994);
#9993 = CARTESIAN_POINT('',(58.,1.543054966926E-15,26.3));
#9994 = VECTOR('',#9995,1.);
#9995 = DIRECTION('',(1.,0.,0.));
#9996 = ORIENTED_EDGE('',*,*,#9997,.T.);
#9997 = EDGE_CURVE('',#9990,#9990,#9998,.T.);
#9998 = CIRCLE('',#9999,6.3);
#9999 = AXIS2_PLACEMENT_3D('',#10000,#10001,#10002);
#10000 = CARTESIAN_POINT('',(59.,0.,20.));
#10001 = DIRECTION('',(1.,0.,-0.));
#10002 = DIRECTION('',(0.,0.,1.));
#10003 = ORIENTED_EDGE('',*,*,#9989,.T.);
#10004 = CYLINDRICAL_SURFACE('',#10005,6.3);
#10005 = AXIS2_PLACEMENT_3D('',#10006,#10007,#10008);
#10006 = CARTESIAN_POINT('',(58.,0.,20.));
#10007 = DIRECTION('',(1.,0.,0.));
#10008 = DIRECTION('',(0.,0.,1.));
#10009 = ADVANCED_FACE('',(#10010,#10013),#10016,.F.);
#10010 = FACE_BOUND('',#10011,.F.);
#10011 = EDGE_LOOP('',(#10012));
#10012 = ORIENTED_EDGE('',*,*,#9964,.T.);
#10013 = FACE_BOUND('',#10014,.F.);
#10014 = EDGE_LOOP('',(#10015));
#10015 = ORIENTED_EDGE('',*,*,#9997,.F.);
#10016 = PLANE('',#10017);
#10017 = AXIS2_PLACEMENT_3D('',#10018,#10019,#10020);
#10018 = CARTESIAN_POINT('',(59.,0.,20.));
#10019 = DIRECTION('',(1.,0.,0.));
#10020 = DIRECTION('',(0.,0.,1.));
#10021 = ADVANCED_FACE('',(#10022,#10025,#10028,#10031,#10034,#10037),
  #10040,.T.);
#10022 = FACE_BOUND('',#10023,.T.);
#10023 = EDGE_LOOP('',(#10024));
#10024 = ORIENTED_EDGE('',*,*,#9758,.T.);
#10025 = FACE_BOUND('',#10026,.T.);
#10026 = EDGE_LOOP('',(#10027));
#10027 = ORIENTED_EDGE('',*,*,#9980,.F.);
#10028 = FACE_BOUND('',#10029,.T.);
#10029 = EDGE_LOOP('',(#10030));
#10030 = ORIENTED_EDGE('',*,*,#9880,.F.);
#10031 = FACE_BOUND('',#10032,.T.);
#10032 = EDGE_LOOP('',(#10033));
#10033 = ORIENTED_EDGE('',*,*,#9930,.F.);
#10034 = FACE_BOUND('',#10035,.T.);
#10035 = EDGE_LOOP('',(#10036));
#10036 = ORIENTED_EDGE('',*,*,#9855,.F.);
#10037 = FACE_BOUND('',#10038,.T.);
#10038 = EDGE_LOOP('',(#10039));
#10039 = ORIENTED_EDGE('',*,*,#9905,.F.);
#10040 = PLANE('',#10041);
#10041 = AXIS2_PLACEMENT_3D('',#10042,#10043,#10044);
#10042 = CARTESIAN_POINT('',(91.,0.,20.));
#10043 = DIRECTION('',(1.,0.,0.));
#10044 = DIRECTION('',(0.,0.,1.));
#10045 = MANIFOLD_SOLID_BREP('',#10046);
#10046 = CLOSED_SHELL('',(#10047,#10142,#10207,#10231,#10255,#10306,
    #10331,#10356,#10381,#10406,#10431,#10466,#10497,#10521,#10545,
    #10562,#10593,#10617,#10641,#10658,#10678,#10695,#10707));
#10047 = ADVANCED_FACE('',(#10048,#10082,#10093,#10104,#10115,#10126),
  #10137,.F.);
#10048 = FACE_BOUND('',#10049,.F.);
#10049 = EDGE_LOOP('',(#10050,#10060,#10068,#10076));
#10050 = ORIENTED_EDGE('',*,*,#10051,.F.);
#10051 = EDGE_CURVE('',#10052,#10054,#10056,.T.);
#10052 = VERTEX_POINT('',#10053);
#10053 = CARTESIAN_POINT('',(-65.,-28.5,-8.5));
#10054 = VERTEX_POINT('',#10055);
#10055 = CARTESIAN_POINT('',(-65.,-28.5,48.5));
#10056 = LINE('',#10057,#10058);
#10057 = CARTESIAN_POINT('',(-65.,-28.5,-8.5));
#10058 = VECTOR('',#10059,1.);
#10059 = DIRECTION('',(0.,0.,1.));
#10060 = ORIENTED_EDGE('',*,*,#10061,.T.);
#10061 = EDGE_CURVE('',#10052,#10062,#10064,.T.);
#10062 = VERTEX_POINT('',#10063);
#10063 = CARTESIAN_POINT('',(-65.,28.5,-8.5));
#10064 = LINE('',#10065,#10066);
#10065 = CARTESIAN_POINT('',(-65.,-28.5,-8.5));
#10066 = VECTOR('',#10067,1.);
#10067 = DIRECTION('',(0.,1.,0.));
#10068 = ORIENTED_EDGE('',*,*,#10069,.T.);
#10069 = EDGE_CURVE('',#10062,#10070,#10072,.T.);
#10070 = VERTEX_POINT('',#10071);
#10071 = CARTESIAN_POINT('',(-65.,28.5,48.5));
#10072 = LINE('',#10073,#10074);
#10073 = CARTESIAN_POINT('',(-65.,28.5,-8.5));
#10074 = VECTOR('',#10075,1.);
#10075 = DIRECTION('',(0.,0.,1.));
#10076 = ORIENTED_EDGE('',*,*,#10077,.F.);
#10077 = EDGE_CURVE('',#10054,#10070,#10078,.T.);
#10078 = LINE('',#10079,#10080);
#10079 = CARTESIAN_POINT('',(-65.,-28.5,48.5));
#10080 = VECTOR('',#10081,1.);
#10081 = DIRECTION('',(0.,1.,0.));
#10082 = FACE_BOUND('',#10083,.F.);
#10083 = EDGE_LOOP('',(#10084));
#10084 = ORIENTED_EDGE('',*,*,#10085,.F.);
#10085 = EDGE_CURVE('',#10086,#10086,#10088,.T.);
#10086 = VERTEX_POINT('',#10087);
#10087 = CARTESIAN_POINT('',(-65.,23.57,-0.97));
#10088 = CIRCLE('',#10089,2.6);
#10089 = AXIS2_PLACEMENT_3D('',#10090,#10091,#10092);
#10090 = CARTESIAN_POINT('',(-65.,23.57,-3.57));
#10091 = DIRECTION('',(1.,0.,-0.));
#10092 = DIRECTION('',(0.,0.,1.));
#10093 = FACE_BOUND('',#10094,.F.);
#10094 = EDGE_LOOP('',(#10095));
#10095 = ORIENTED_EDGE('',*,*,#10096,.F.);
#10096 = EDGE_CURVE('',#10097,#10097,#10099,.T.);
#10097 = VERTEX_POINT('',#10098);
#10098 = CARTESIAN_POINT('',(-65.,4.665904304751E-15,39.05));
#10099 = CIRCLE('',#10100,19.05);
#10100 = AXIS2_PLACEMENT_3D('',#10101,#10102,#10103);
#10101 = CARTESIAN_POINT('',(-65.,0.,20.));
#10102 = DIRECTION('',(1.,0.,-0.));
#10103 = DIRECTION('',(0.,0.,1.));
#10104 = FACE_BOUND('',#10105,.F.);
#10105 = EDGE_LOOP('',(#10106));
#10106 = ORIENTED_EDGE('',*,*,#10107,.F.);
#10107 = EDGE_CURVE('',#10108,#10108,#10110,.T.);
#10108 = VERTEX_POINT('',#10109);
#10109 = CARTESIAN_POINT('',(-65.,23.57,46.17));
#10110 = CIRCLE('',#10111,2.6);
#10111 = AXIS2_PLACEMENT_3D('',#10112,#10113,#10114);
#10112 = CARTESIAN_POINT('',(-65.,23.57,43.57));
#10113 = DIRECTION('',(1.,0.,-0.));
#10114 = DIRECTION('',(0.,0.,1.));
#10115 = FACE_BOUND('',#10116,.F.);
#10116 = EDGE_LOOP('',(#10117));
#10117 = ORIENTED_EDGE('',*,*,#10118,.F.);
#10118 = EDGE_CURVE('',#10119,#10119,#10121,.T.);
#10119 = VERTEX_POINT('',#10120);
#10120 = CARTESIAN_POINT('',(-65.,-23.57,-0.97));
#10121 = CIRCLE('',#10122,2.6);
#10122 = AXIS2_PLACEMENT_3D('',#10123,#10124,#10125);
#10123 = CARTESIAN_POINT('',(-65.,-23.57,-3.57));
#10124 = DIRECTION('',(1.,0.,-0.));
#10125 = DIRECTION('',(0.,0.,1.));
#10126 = FACE_BOUND('',#10127,.F.);
#10127 = EDGE_LOOP('',(#10128));
#10128 = ORIENTED_EDGE('',*,*,#10129,.F.);
#10129 = EDGE_CURVE('',#10130,#10130,#10132,.T.);
#10130 = VERTEX_POINT('',#10131);
#10131 = CARTESIAN_POINT('',(-65.,-23.57,46.17));
#10132 = CIRCLE('',#10133,2.6);
#10133 = AXIS2_PLACEMENT_3D('',#10134,#10135,#10136);
#10134 = CARTESIAN_POINT('',(-65.,-23.57,43.57));
#10135 = DIRECTION('',(1.,0.,-0.));
#10136 = DIRECTION('',(0.,0.,1.));
#10137 = PLANE('',#10138);
#10138 = AXIS2_PLACEMENT_3D('',#10139,#10140,#10141);
#10139 = CARTESIAN_POINT('',(-65.,-28.5,-8.5));
#10140 = DIRECTION('',(1.,0.,0.));
#10141 = DIRECTION('',(0.,0.,1.));
#10142 = ADVANCED_FACE('',(#10143,#10168),#10202,.F.);
#10143 = FACE_BOUND('',#10144,.F.);
#10144 = EDGE_LOOP('',(#10145,#10153,#10154,#10162));
#10145 = ORIENTED_EDGE('',*,*,#10146,.F.);
#10146 = EDGE_CURVE('',#10052,#10147,#10149,.T.);
#10147 = VERTEX_POINT('',#10148);
#10148 = CARTESIAN_POINT('',(-20.,-28.5,-8.5));
#10149 = LINE('',#10150,#10151);
#10150 = CARTESIAN_POINT('',(-65.,-28.5,-8.5));
#10151 = VECTOR('',#10152,1.);
#10152 = DIRECTION('',(1.,0.,0.));
#10153 = ORIENTED_EDGE('',*,*,#10051,.T.);
#10154 = ORIENTED_EDGE('',*,*,#10155,.T.);
#10155 = EDGE_CURVE('',#10054,#10156,#10158,.T.);
#10156 = VERTEX_POINT('',#10157);
#10157 = CARTESIAN_POINT('',(-20.,-28.5,48.5));
#10158 = LINE('',#10159,#10160);
#10159 = CARTESIAN_POINT('',(-65.,-28.5,48.5));
#10160 = VECTOR('',#10161,1.);
#10161 = DIRECTION('',(1.,0.,0.));
#10162 = ORIENTED_EDGE('',*,*,#10163,.F.);
#10163 = EDGE_CURVE('',#10147,#10156,#10164,.T.);
#10164 = LINE('',#10165,#10166);
#10165 = CARTESIAN_POINT('',(-20.,-28.5,-8.5));
#10166 = VECTOR('',#10167,1.);
#10167 = DIRECTION('',(0.,0.,1.));
#10168 = FACE_BOUND('',#10169,.F.);
#10169 = EDGE_LOOP('',(#10170,#10180,#10188,#10196));
#10170 = ORIENTED_EDGE('',*,*,#10171,.F.);
#10171 = EDGE_CURVE('',#10172,#10174,#10176,.T.);
#10172 = VERTEX_POINT('',#10173);
#10173 = CARTESIAN_POINT('',(-55.,-28.5,32.));
#10174 = VERTEX_POINT('',#10175);
#10175 = CARTESIAN_POINT('',(-31.,-28.5,32.));
#10176 = LINE('',#10177,#10178);
#10177 = CARTESIAN_POINT('',(-60.,-28.5,32.));
#10178 = VECTOR('',#10179,1.);
#10179 = DIRECTION('',(1.,0.,0.));
#10180 = ORIENTED_EDGE('',*,*,#10181,.T.);
#10181 = EDGE_CURVE('',#10172,#10182,#10184,.T.);
#10182 = VERTEX_POINT('',#10183);
#10183 = CARTESIAN_POINT('',(-55.,-28.5,8.));
#10184 = LINE('',#10185,#10186);
#10185 = CARTESIAN_POINT('',(-55.,-28.5,-0.25));
#10186 = VECTOR('',#10187,1.);
#10187 = DIRECTION('',(0.,0.,-1.));
#10188 = ORIENTED_EDGE('',*,*,#10189,.T.);
#10189 = EDGE_CURVE('',#10182,#10190,#10192,.T.);
#10190 = VERTEX_POINT('',#10191);
#10191 = CARTESIAN_POINT('',(-31.,-28.5,8.));
#10192 = LINE('',#10193,#10194);
#10193 = CARTESIAN_POINT('',(-60.,-28.5,8.));
#10194 = VECTOR('',#10195,1.);
#10195 = DIRECTION('',(1.,0.,0.));
#10196 = ORIENTED_EDGE('',*,*,#10197,.F.);
#10197 = EDGE_CURVE('',#10174,#10190,#10198,.T.);
#10198 = LINE('',#10199,#10200);
#10199 = CARTESIAN_POINT('',(-31.,-28.5,-0.25));
#10200 = VECTOR('',#10201,1.);
#10201 = DIRECTION('',(0.,0.,-1.));
#10202 = PLANE('',#10203);
#10203 = AXIS2_PLACEMENT_3D('',#10204,#10205,#10206);
#10204 = CARTESIAN_POINT('',(-65.,-28.5,-8.5));
#10205 = DIRECTION('',(0.,1.,0.));
#10206 = DIRECTION('',(0.,0.,1.));
#10207 = ADVANCED_FACE('',(#10208),#10226,.T.);
#10208 = FACE_BOUND('',#10209,.T.);
#10209 = EDGE_LOOP('',(#10210,#10211,#10212,#10220));
#10210 = ORIENTED_EDGE('',*,*,#10077,.F.);
#10211 = ORIENTED_EDGE('',*,*,#10155,.T.);
#10212 = ORIENTED_EDGE('',*,*,#10213,.T.);
#10213 = EDGE_CURVE('',#10156,#10214,#10216,.T.);
#10214 = VERTEX_POINT('',#10215);
#10215 = CARTESIAN_POINT('',(-20.,28.5,48.5));
#10216 = LINE('',#10217,#10218);
#10217 = CARTESIAN_POINT('',(-20.,-28.5,48.5));
#10218 = VECTOR('',#10219,1.);
#10219 = DIRECTION('',(0.,1.,0.));
#10220 = ORIENTED_EDGE('',*,*,#10221,.F.);
#10221 = EDGE_CURVE('',#10070,#10214,#10222,.T.);
#10222 = LINE('',#10223,#10224);
#10223 = CARTESIAN_POINT('',(-65.,28.5,48.5));
#10224 = VECTOR('',#10225,1.);
#10225 = DIRECTION('',(1.,0.,0.));
#10226 = PLANE('',#10227);
#10227 = AXIS2_PLACEMENT_3D('',#10228,#10229,#10230);
#10228 = CARTESIAN_POINT('',(-65.,-28.5,48.5));
#10229 = DIRECTION('',(0.,0.,1.));
#10230 = DIRECTION('',(1.,0.,0.));
#10231 = ADVANCED_FACE('',(#10232),#10250,.F.);
#10232 = FACE_BOUND('',#10233,.F.);
#10233 = EDGE_LOOP('',(#10234,#10235,#10236,#10244));
#10234 = ORIENTED_EDGE('',*,*,#10061,.F.);
#10235 = ORIENTED_EDGE('',*,*,#10146,.T.);
#10236 = ORIENTED_EDGE('',*,*,#10237,.T.);
#10237 = EDGE_CURVE('',#10147,#10238,#10240,.T.);
#10238 = VERTEX_POINT('',#10239);
#10239 = CARTESIAN_POINT('',(-20.,28.5,-8.5));
#10240 = LINE('',#10241,#10242);
#10241 = CARTESIAN_POINT('',(-20.,-28.5,-8.5));
#10242 = VECTOR('',#10243,1.);
#10243 = DIRECTION('',(0.,1.,0.));
#10244 = ORIENTED_EDGE('',*,*,#10245,.F.);
#10245 = EDGE_CURVE('',#10062,#10238,#10246,.T.);
#10246 = LINE('',#10247,#10248);
#10247 = CARTESIAN_POINT('',(-65.,28.5,-8.5));
#10248 = VECTOR('',#10249,1.);
#10249 = DIRECTION('',(1.,0.,0.));
#10250 = PLANE('',#10251);
#10251 = AXIS2_PLACEMENT_3D('',#10252,#10253,#10254);
#10252 = CARTESIAN_POINT('',(-65.,-28.5,-8.5));
#10253 = DIRECTION('',(0.,0.,1.));
#10254 = DIRECTION('',(1.,0.,0.));
#10255 = ADVANCED_FACE('',(#10256,#10267),#10301,.T.);
#10256 = FACE_BOUND('',#10257,.T.);
#10257 = EDGE_LOOP('',(#10258,#10259,#10260,#10261));
#10258 = ORIENTED_EDGE('',*,*,#10245,.F.);
#10259 = ORIENTED_EDGE('',*,*,#10069,.T.);
#10260 = ORIENTED_EDGE('',*,*,#10221,.T.);
#10261 = ORIENTED_EDGE('',*,*,#10262,.F.);
#10262 = EDGE_CURVE('',#10238,#10214,#10263,.T.);
#10263 = LINE('',#10264,#10265);
#10264 = CARTESIAN_POINT('',(-20.,28.5,-8.5));
#10265 = VECTOR('',#10266,1.);
#10266 = DIRECTION('',(0.,0.,1.));
#10267 = FACE_BOUND('',#10268,.T.);
#10268 = EDGE_LOOP('',(#10269,#10279,#10287,#10295));
#10269 = ORIENTED_EDGE('',*,*,#10270,.F.);
#10270 = EDGE_CURVE('',#10271,#10273,#10275,.T.);
#10271 = VERTEX_POINT('',#10272);
#10272 = CARTESIAN_POINT('',(-55.,28.5,32.));
#10273 = VERTEX_POINT('',#10274);
#10274 = CARTESIAN_POINT('',(-31.,28.5,32.));
#10275 = LINE('',#10276,#10277);
#10276 = CARTESIAN_POINT('',(-60.,28.5,32.));
#10277 = VECTOR('',#10278,1.);
#10278 = DIRECTION('',(1.,0.,0.));
#10279 = ORIENTED_EDGE('',*,*,#10280,.T.);
#10280 = EDGE_CURVE('',#10271,#10281,#10283,.T.);
#10281 = VERTEX_POINT('',#10282);
#10282 = CARTESIAN_POINT('',(-55.,28.5,8.));
#10283 = LINE('',#10284,#10285);
#10284 = CARTESIAN_POINT('',(-55.,28.5,-0.25));
#10285 = VECTOR('',#10286,1.);
#10286 = DIRECTION('',(0.,0.,-1.));
#10287 = ORIENTED_EDGE('',*,*,#10288,.T.);
#10288 = EDGE_CURVE('',#10281,#10289,#10291,.T.);
#10289 = VERTEX_POINT('',#10290);
#10290 = CARTESIAN_POINT('',(-31.,28.5,8.));
#10291 = LINE('',#10292,#10293);
#10292 = CARTESIAN_POINT('',(-60.,28.5,8.));
#10293 = VECTOR('',#10294,1.);
#10294 = DIRECTION('',(1.,0.,0.));
#10295 = ORIENTED_EDGE('',*,*,#10296,.F.);
#10296 = EDGE_CURVE('',#10273,#10289,#10297,.T.);
#10297 = LINE('',#10298,#10299);
#10298 = CARTESIAN_POINT('',(-31.,28.5,-0.25));
#10299 = VECTOR('',#10300,1.);
#10300 = DIRECTION('',(0.,0.,-1.));
#10301 = PLANE('',#10302);
#10302 = AXIS2_PLACEMENT_3D('',#10303,#10304,#10305);
#10303 = CARTESIAN_POINT('',(-65.,28.5,-8.5));
#10304 = DIRECTION('',(0.,1.,0.));
#10305 = DIRECTION('',(0.,0.,1.));
#10306 = ADVANCED_FACE('',(#10307),#10326,.F.);
#10307 = FACE_BOUND('',#10308,.F.);
#10308 = EDGE_LOOP('',(#10309,#10318,#10324,#10325));
#10309 = ORIENTED_EDGE('',*,*,#10310,.F.);
#10310 = EDGE_CURVE('',#10311,#10311,#10313,.T.);
#10311 = VERTEX_POINT('',#10312);
#10312 = CARTESIAN_POINT('',(-20.,23.57,-0.97));
#10313 = CIRCLE('',#10314,2.6);
#10314 = AXIS2_PLACEMENT_3D('',#10315,#10316,#10317);
#10315 = CARTESIAN_POINT('',(-20.,23.57,-3.57));
#10316 = DIRECTION('',(1.,0.,-0.));
#10317 = DIRECTION('',(0.,0.,1.));
#10318 = ORIENTED_EDGE('',*,*,#10319,.F.);
#10319 = EDGE_CURVE('',#10086,#10311,#10320,.T.);
#10320 = LINE('',#10321,#10322);
#10321 = CARTESIAN_POINT('',(-66.,23.57,-0.97));
#10322 = VECTOR('',#10323,1.);
#10323 = DIRECTION('',(1.,0.,0.));
#10324 = ORIENTED_EDGE('',*,*,#10085,.T.);
#10325 = ORIENTED_EDGE('',*,*,#10319,.T.);
#10326 = CYLINDRICAL_SURFACE('',#10327,2.6);
#10327 = AXIS2_PLACEMENT_3D('',#10328,#10329,#10330);
#10328 = CARTESIAN_POINT('',(-66.,23.57,-3.57));
#10329 = DIRECTION('',(1.,0.,0.));
#10330 = DIRECTION('',(0.,0.,1.));
#10331 = ADVANCED_FACE('',(#10332),#10351,.F.);
#10332 = FACE_BOUND('',#10333,.F.);
#10333 = EDGE_LOOP('',(#10334,#10342,#10349,#10350));
#10334 = ORIENTED_EDGE('',*,*,#10335,.T.);
#10335 = EDGE_CURVE('',#10097,#10336,#10338,.T.);
#10336 = VERTEX_POINT('',#10337);
#10337 = CARTESIAN_POINT('',(-59.5,4.665904304751E-15,39.05));
#10338 = LINE('',#10339,#10340);
#10339 = CARTESIAN_POINT('',(-65.5,4.665904304751E-15,39.05));
#10340 = VECTOR('',#10341,1.);
#10341 = DIRECTION('',(1.,0.,0.));
#10342 = ORIENTED_EDGE('',*,*,#10343,.F.);
#10343 = EDGE_CURVE('',#10336,#10336,#10344,.T.);
#10344 = CIRCLE('',#10345,19.05);
#10345 = AXIS2_PLACEMENT_3D('',#10346,#10347,#10348);
#10346 = CARTESIAN_POINT('',(-59.5,0.,20.));
#10347 = DIRECTION('',(1.,0.,-0.));
#10348 = DIRECTION('',(0.,0.,1.));
#10349 = ORIENTED_EDGE('',*,*,#10335,.F.);
#10350 = ORIENTED_EDGE('',*,*,#10096,.T.);
#10351 = CYLINDRICAL_SURFACE('',#10352,19.05);
#10352 = AXIS2_PLACEMENT_3D('',#10353,#10354,#10355);
#10353 = CARTESIAN_POINT('',(-65.5,0.,20.));
#10354 = DIRECTION('',(1.,0.,0.));
#10355 = DIRECTION('',(0.,0.,1.));
#10356 = ADVANCED_FACE('',(#10357),#10376,.F.);
#10357 = FACE_BOUND('',#10358,.F.);
#10358 = EDGE_LOOP('',(#10359,#10368,#10374,#10375));
#10359 = ORIENTED_EDGE('',*,*,#10360,.F.);
#10360 = EDGE_CURVE('',#10361,#10361,#10363,.T.);
#10361 = VERTEX_POINT('',#10362);
#10362 = CARTESIAN_POINT('',(-20.,23.57,46.17));
#10363 = CIRCLE('',#10364,2.6);
#10364 = AXIS2_PLACEMENT_3D('',#10365,#10366,#10367);
#10365 = CARTESIAN_POINT('',(-20.,23.57,43.57));
#10366 = DIRECTION('',(1.,0.,-0.));
#10367 = DIRECTION('',(0.,0.,1.));
#10368 = ORIENTED_EDGE('',*,*,#10369,.F.);
#10369 = EDGE_CURVE('',#10108,#10361,#10370,.T.);
#10370 = LINE('',#10371,#10372);
#10371 = CARTESIAN_POINT('',(-66.,23.57,46.17));
#10372 = VECTOR('',#10373,1.);
#10373 = DIRECTION('',(1.,0.,0.));
#10374 = ORIENTED_EDGE('',*,*,#10107,.T.);
#10375 = ORIENTED_EDGE('',*,*,#10369,.T.);
#10376 = CYLINDRICAL_SURFACE('',#10377,2.6);
#10377 = AXIS2_PLACEMENT_3D('',#10378,#10379,#10380);
#10378 = CARTESIAN_POINT('',(-66.,23.57,43.57));
#10379 = DIRECTION('',(1.,0.,0.));
#10380 = DIRECTION('',(0.,0.,1.));
#10381 = ADVANCED_FACE('',(#10382),#10401,.F.);
#10382 = FACE_BOUND('',#10383,.F.);
#10383 = EDGE_LOOP('',(#10384,#10393,#10399,#10400));
#10384 = ORIENTED_EDGE('',*,*,#10385,.F.);
#10385 = EDGE_CURVE('',#10386,#10386,#10388,.T.);
#10386 = VERTEX_POINT('',#10387);
#10387 = CARTESIAN_POINT('',(-20.,-23.57,-0.97));
#10388 = CIRCLE('',#10389,2.6);
#10389 = AXIS2_PLACEMENT_3D('',#10390,#10391,#10392);
#10390 = CARTESIAN_POINT('',(-20.,-23.57,-3.57));
#10391 = DIRECTION('',(1.,0.,-0.));
#10392 = DIRECTION('',(0.,0.,1.));
#10393 = ORIENTED_EDGE('',*,*,#10394,.F.);
#10394 = EDGE_CURVE('',#10119,#10386,#10395,.T.);
#10395 = LINE('',#10396,#10397);
#10396 = CARTESIAN_POINT('',(-66.,-23.57,-0.97));
#10397 = VECTOR('',#10398,1.);
#10398 = DIRECTION('',(1.,0.,0.));
#10399 = ORIENTED_EDGE('',*,*,#10118,.T.);
#10400 = ORIENTED_EDGE('',*,*,#10394,.T.);
#10401 = CYLINDRICAL_SURFACE('',#10402,2.6);
#10402 = AXIS2_PLACEMENT_3D('',#10403,#10404,#10405);
#10403 = CARTESIAN_POINT('',(-66.,-23.57,-3.57));
#10404 = DIRECTION('',(1.,0.,0.));
#10405 = DIRECTION('',(0.,0.,1.));
#10406 = ADVANCED_FACE('',(#10407),#10426,.F.);
#10407 = FACE_BOUND('',#10408,.F.);
#10408 = EDGE_LOOP('',(#10409,#10418,#10424,#10425));
#10409 = ORIENTED_EDGE('',*,*,#10410,.F.);
#10410 = EDGE_CURVE('',#10411,#10411,#10413,.T.);
#10411 = VERTEX_POINT('',#10412);
#10412 = CARTESIAN_POINT('',(-20.,-23.57,46.17));
#10413 = CIRCLE('',#10414,2.6);
#10414 = AXIS2_PLACEMENT_3D('',#10415,#10416,#10417);
#10415 = CARTESIAN_POINT('',(-20.,-23.57,43.57));
#10416 = DIRECTION('',(1.,0.,-0.));
#10417 = DIRECTION('',(0.,0.,1.));
#10418 = ORIENTED_EDGE('',*,*,#10419,.F.);
#10419 = EDGE_CURVE('',#10130,#10411,#10420,.T.);
#10420 = LINE('',#10421,#10422);
#10421 = CARTESIAN_POINT('',(-66.,-23.57,46.17));
#10422 = VECTOR('',#10423,1.);
#10423 = DIRECTION('',(1.,0.,0.));
#10424 = ORIENTED_EDGE('',*,*,#10129,.T.);
#10425 = ORIENTED_EDGE('',*,*,#10419,.T.);
#10426 = CYLINDRICAL_SURFACE('',#10427,2.6);
#10427 = AXIS2_PLACEMENT_3D('',#10428,#10429,#10430);
#10428 = CARTESIAN_POINT('',(-66.,-23.57,43.57));
#10429 = DIRECTION('',(1.,0.,0.));
#10430 = DIRECTION('',(0.,0.,1.));
#10431 = ADVANCED_FACE('',(#10432,#10438,#10441,#10452,#10455,#10458),
  #10461,.T.);
#10432 = FACE_BOUND('',#10433,.T.);
#10433 = EDGE_LOOP('',(#10434,#10435,#10436,#10437));
#10434 = ORIENTED_EDGE('',*,*,#10163,.F.);
#10435 = ORIENTED_EDGE('',*,*,#10237,.T.);
#10436 = ORIENTED_EDGE('',*,*,#10262,.T.);
#10437 = ORIENTED_EDGE('',*,*,#10213,.F.);
#10438 = FACE_BOUND('',#10439,.T.);
#10439 = EDGE_LOOP('',(#10440));
#10440 = ORIENTED_EDGE('',*,*,#10310,.F.);
#10441 = FACE_BOUND('',#10442,.T.);
#10442 = EDGE_LOOP('',(#10443));
#10443 = ORIENTED_EDGE('',*,*,#10444,.F.);
#10444 = EDGE_CURVE('',#10445,#10445,#10447,.T.);
#10445 = VERTEX_POINT('',#10446);
#10446 = CARTESIAN_POINT('',(-20.,4.40872847693E-15,38.));
#10447 = CIRCLE('',#10448,18.);
#10448 = AXIS2_PLACEMENT_3D('',#10449,#10450,#10451);
#10449 = CARTESIAN_POINT('',(-20.,0.,20.));
#10450 = DIRECTION('',(1.,0.,-0.));
#10451 = DIRECTION('',(0.,0.,1.));
#10452 = FACE_BOUND('',#10453,.T.);
#10453 = EDGE_LOOP('',(#10454));
#10454 = ORIENTED_EDGE('',*,*,#10360,.F.);
#10455 = FACE_BOUND('',#10456,.T.);
#10456 = EDGE_LOOP('',(#10457));
#10457 = ORIENTED_EDGE('',*,*,#10385,.F.);
#10458 = FACE_BOUND('',#10459,.T.);
#10459 = EDGE_LOOP('',(#10460));
#10460 = ORIENTED_EDGE('',*,*,#10410,.F.);
#10461 = PLANE('',#10462);
#10462 = AXIS2_PLACEMENT_3D('',#10463,#10464,#10465);
#10463 = CARTESIAN_POINT('',(-20.,-28.5,-8.5));
#10464 = DIRECTION('',(1.,0.,0.));
#10465 = DIRECTION('',(0.,0.,1.));
#10466 = ADVANCED_FACE('',(#10467),#10492,.F.);
#10467 = FACE_BOUND('',#10468,.F.);
#10468 = EDGE_LOOP('',(#10469,#10477,#10478,#10486));
#10469 = ORIENTED_EDGE('',*,*,#10470,.F.);
#10470 = EDGE_CURVE('',#10172,#10471,#10473,.T.);
#10471 = VERTEX_POINT('',#10472);
#10472 = CARTESIAN_POINT('',(-55.,-22.5,32.));
#10473 = LINE('',#10474,#10475);
#10474 = CARTESIAN_POINT('',(-55.,-34.5,32.));
#10475 = VECTOR('',#10476,1.);
#10476 = DIRECTION('',(0.,1.,0.));
#10477 = ORIENTED_EDGE('',*,*,#10171,.T.);
#10478 = ORIENTED_EDGE('',*,*,#10479,.T.);
#10479 = EDGE_CURVE('',#10174,#10480,#10482,.T.);
#10480 = VERTEX_POINT('',#10481);
#10481 = CARTESIAN_POINT('',(-31.,-22.5,32.));
#10482 = LINE('',#10483,#10484);
#10483 = CARTESIAN_POINT('',(-31.,-34.5,32.));
#10484 = VECTOR('',#10485,1.);
#10485 = DIRECTION('',(0.,1.,0.));
#10486 = ORIENTED_EDGE('',*,*,#10487,.F.);
#10487 = EDGE_CURVE('',#10471,#10480,#10488,.T.);
#10488 = LINE('',#10489,#10490);
#10489 = CARTESIAN_POINT('',(-55.,-22.5,32.));
#10490 = VECTOR('',#10491,1.);
#10491 = DIRECTION('',(1.,0.,0.));
#10492 = PLANE('',#10493);
#10493 = AXIS2_PLACEMENT_3D('',#10494,#10495,#10496);
#10494 = CARTESIAN_POINT('',(-55.,-34.5,32.));
#10495 = DIRECTION('',(0.,0.,1.));
#10496 = DIRECTION('',(1.,0.,0.));
#10497 = ADVANCED_FACE('',(#10498),#10516,.F.);
#10498 = FACE_BOUND('',#10499,.F.);
#10499 = EDGE_LOOP('',(#10500,#10501,#10502,#10510));
#10500 = ORIENTED_EDGE('',*,*,#10479,.F.);
#10501 = ORIENTED_EDGE('',*,*,#10197,.T.);
#10502 = ORIENTED_EDGE('',*,*,#10503,.T.);
#10503 = EDGE_CURVE('',#10190,#10504,#10506,.T.);
#10504 = VERTEX_POINT('',#10505);
#10505 = CARTESIAN_POINT('',(-31.,-22.5,8.));
#10506 = LINE('',#10507,#10508);
#10507 = CARTESIAN_POINT('',(-31.,-34.5,8.));
#10508 = VECTOR('',#10509,1.);
#10509 = DIRECTION('',(0.,1.,0.));
#10510 = ORIENTED_EDGE('',*,*,#10511,.T.);
#10511 = EDGE_CURVE('',#10504,#10480,#10512,.T.);
#10512 = LINE('',#10513,#10514);
#10513 = CARTESIAN_POINT('',(-31.,-22.5,8.));
#10514 = VECTOR('',#10515,1.);
#10515 = DIRECTION('',(0.,0.,1.));
#10516 = PLANE('',#10517);
#10517 = AXIS2_PLACEMENT_3D('',#10518,#10519,#10520);
#10518 = CARTESIAN_POINT('',(-31.,-34.5,8.));
#10519 = DIRECTION('',(1.,0.,0.));
#10520 = DIRECTION('',(0.,0.,1.));
#10521 = ADVANCED_FACE('',(#10522),#10540,.T.);
#10522 = FACE_BOUND('',#10523,.T.);
#10523 = EDGE_LOOP('',(#10524,#10532,#10533,#10534));
#10524 = ORIENTED_EDGE('',*,*,#10525,.F.);
#10525 = EDGE_CURVE('',#10182,#10526,#10528,.T.);
#10526 = VERTEX_POINT('',#10527);
#10527 = CARTESIAN_POINT('',(-55.,-22.5,8.));
#10528 = LINE('',#10529,#10530);
#10529 = CARTESIAN_POINT('',(-55.,-34.5,8.));
#10530 = VECTOR('',#10531,1.);
#10531 = DIRECTION('',(0.,1.,0.));
#10532 = ORIENTED_EDGE('',*,*,#10189,.T.);
#10533 = ORIENTED_EDGE('',*,*,#10503,.T.);
#10534 = ORIENTED_EDGE('',*,*,#10535,.F.);
#10535 = EDGE_CURVE('',#10526,#10504,#10536,.T.);
#10536 = LINE('',#10537,#10538);
#10537 = CARTESIAN_POINT('',(-55.,-22.5,8.));
#10538 = VECTOR('',#10539,1.);
#10539 = DIRECTION('',(1.,0.,0.));
#10540 = PLANE('',#10541);
#10541 = AXIS2_PLACEMENT_3D('',#10542,#10543,#10544);
#10542 = CARTESIAN_POINT('',(-55.,-34.5,8.));
#10543 = DIRECTION('',(0.,0.,1.));
#10544 = DIRECTION('',(1.,0.,0.));
#10545 = ADVANCED_FACE('',(#10546),#10557,.T.);
#10546 = FACE_BOUND('',#10547,.T.);
#10547 = EDGE_LOOP('',(#10548,#10549,#10550,#10551));
#10548 = ORIENTED_EDGE('',*,*,#10470,.F.);
#10549 = ORIENTED_EDGE('',*,*,#10181,.T.);
#10550 = ORIENTED_EDGE('',*,*,#10525,.T.);
#10551 = ORIENTED_EDGE('',*,*,#10552,.T.);
#10552 = EDGE_CURVE('',#10526,#10471,#10553,.T.);
#10553 = LINE('',#10554,#10555);
#10554 = CARTESIAN_POINT('',(-55.,-22.5,8.));
#10555 = VECTOR('',#10556,1.);
#10556 = DIRECTION('',(0.,0.,1.));
#10557 = PLANE('',#10558);
#10558 = AXIS2_PLACEMENT_3D('',#10559,#10560,#10561);
#10559 = CARTESIAN_POINT('',(-55.,-34.5,8.));
#10560 = DIRECTION('',(1.,0.,0.));
#10561 = DIRECTION('',(0.,0.,1.));
#10562 = ADVANCED_FACE('',(#10563),#10588,.F.);
#10563 = FACE_BOUND('',#10564,.F.);
#10564 = EDGE_LOOP('',(#10565,#10573,#10581,#10587));
#10565 = ORIENTED_EDGE('',*,*,#10566,.F.);
#10566 = EDGE_CURVE('',#10567,#10271,#10569,.T.);
#10567 = VERTEX_POINT('',#10568);
#10568 = CARTESIAN_POINT('',(-55.,22.5,32.));
#10569 = LINE('',#10570,#10571);
#10570 = CARTESIAN_POINT('',(-55.,22.5,32.));
#10571 = VECTOR('',#10572,1.);
#10572 = DIRECTION('',(0.,1.,0.));
#10573 = ORIENTED_EDGE('',*,*,#10574,.T.);
#10574 = EDGE_CURVE('',#10567,#10575,#10577,.T.);
#10575 = VERTEX_POINT('',#10576);
#10576 = CARTESIAN_POINT('',(-31.,22.5,32.));
#10577 = LINE('',#10578,#10579);
#10578 = CARTESIAN_POINT('',(-55.,22.5,32.));
#10579 = VECTOR('',#10580,1.);
#10580 = DIRECTION('',(1.,0.,0.));
#10581 = ORIENTED_EDGE('',*,*,#10582,.T.);
#10582 = EDGE_CURVE('',#10575,#10273,#10583,.T.);
#10583 = LINE('',#10584,#10585);
#10584 = CARTESIAN_POINT('',(-31.,22.5,32.));
#10585 = VECTOR('',#10586,1.);
#10586 = DIRECTION('',(0.,1.,0.));
#10587 = ORIENTED_EDGE('',*,*,#10270,.F.);
#10588 = PLANE('',#10589);
#10589 = AXIS2_PLACEMENT_3D('',#10590,#10591,#10592);
#10590 = CARTESIAN_POINT('',(-55.,22.5,32.));
#10591 = DIRECTION('',(0.,0.,1.));
#10592 = DIRECTION('',(1.,0.,0.));
#10593 = ADVANCED_FACE('',(#10594),#10612,.F.);
#10594 = FACE_BOUND('',#10595,.F.);
#10595 = EDGE_LOOP('',(#10596,#10597,#10605,#10611));
#10596 = ORIENTED_EDGE('',*,*,#10582,.F.);
#10597 = ORIENTED_EDGE('',*,*,#10598,.F.);
#10598 = EDGE_CURVE('',#10599,#10575,#10601,.T.);
#10599 = VERTEX_POINT('',#10600);
#10600 = CARTESIAN_POINT('',(-31.,22.5,8.));
#10601 = LINE('',#10602,#10603);
#10602 = CARTESIAN_POINT('',(-31.,22.5,8.));
#10603 = VECTOR('',#10604,1.);
#10604 = DIRECTION('',(0.,0.,1.));
#10605 = ORIENTED_EDGE('',*,*,#10606,.T.);
#10606 = EDGE_CURVE('',#10599,#10289,#10607,.T.);
#10607 = LINE('',#10608,#10609);
#10608 = CARTESIAN_POINT('',(-31.,22.5,8.));
#10609 = VECTOR('',#10610,1.);
#10610 = DIRECTION('',(0.,1.,0.));
#10611 = ORIENTED_EDGE('',*,*,#10296,.F.);
#10612 = PLANE('',#10613);
#10613 = AXIS2_PLACEMENT_3D('',#10614,#10615,#10616);
#10614 = CARTESIAN_POINT('',(-31.,22.5,8.));
#10615 = DIRECTION('',(1.,0.,0.));
#10616 = DIRECTION('',(0.,0.,1.));
#10617 = ADVANCED_FACE('',(#10618),#10636,.T.);
#10618 = FACE_BOUND('',#10619,.T.);
#10619 = EDGE_LOOP('',(#10620,#10628,#10634,#10635));
#10620 = ORIENTED_EDGE('',*,*,#10621,.F.);
#10621 = EDGE_CURVE('',#10622,#10281,#10624,.T.);
#10622 = VERTEX_POINT('',#10623);
#10623 = CARTESIAN_POINT('',(-55.,22.5,8.));
#10624 = LINE('',#10625,#10626);
#10625 = CARTESIAN_POINT('',(-55.,22.5,8.));
#10626 = VECTOR('',#10627,1.);
#10627 = DIRECTION('',(0.,1.,0.));
#10628 = ORIENTED_EDGE('',*,*,#10629,.T.);
#10629 = EDGE_CURVE('',#10622,#10599,#10630,.T.);
#10630 = LINE('',#10631,#10632);
#10631 = CARTESIAN_POINT('',(-55.,22.5,8.));
#10632 = VECTOR('',#10633,1.);
#10633 = DIRECTION('',(1.,0.,0.));
#10634 = ORIENTED_EDGE('',*,*,#10606,.T.);
#10635 = ORIENTED_EDGE('',*,*,#10288,.F.);
#10636 = PLANE('',#10637);
#10637 = AXIS2_PLACEMENT_3D('',#10638,#10639,#10640);
#10638 = CARTESIAN_POINT('',(-55.,22.5,8.));
#10639 = DIRECTION('',(0.,0.,1.));
#10640 = DIRECTION('',(1.,0.,0.));
#10641 = ADVANCED_FACE('',(#10642),#10653,.T.);
#10642 = FACE_BOUND('',#10643,.T.);
#10643 = EDGE_LOOP('',(#10644,#10645,#10651,#10652));
#10644 = ORIENTED_EDGE('',*,*,#10566,.F.);
#10645 = ORIENTED_EDGE('',*,*,#10646,.F.);
#10646 = EDGE_CURVE('',#10622,#10567,#10647,.T.);
#10647 = LINE('',#10648,#10649);
#10648 = CARTESIAN_POINT('',(-55.,22.5,8.));
#10649 = VECTOR('',#10650,1.);
#10650 = DIRECTION('',(0.,0.,1.));
#10651 = ORIENTED_EDGE('',*,*,#10621,.T.);
#10652 = ORIENTED_EDGE('',*,*,#10280,.F.);
#10653 = PLANE('',#10654);
#10654 = AXIS2_PLACEMENT_3D('',#10655,#10656,#10657);
#10655 = CARTESIAN_POINT('',(-55.,22.5,8.));
#10656 = DIRECTION('',(1.,0.,0.));
#10657 = DIRECTION('',(0.,0.,1.));
#10658 = ADVANCED_FACE('',(#10659,#10662),#10673,.F.);
#10659 = FACE_BOUND('',#10660,.F.);
#10660 = EDGE_LOOP('',(#10661));
#10661 = ORIENTED_EDGE('',*,*,#10343,.T.);
#10662 = FACE_BOUND('',#10663,.F.);
#10663 = EDGE_LOOP('',(#10664));
#10664 = ORIENTED_EDGE('',*,*,#10665,.F.);
#10665 = EDGE_CURVE('',#10666,#10666,#10668,.T.);
#10666 = VERTEX_POINT('',#10667);
#10667 = CARTESIAN_POINT('',(-59.5,4.40872847693E-15,38.));
#10668 = CIRCLE('',#10669,18.);
#10669 = AXIS2_PLACEMENT_3D('',#10670,#10671,#10672);
#10670 = CARTESIAN_POINT('',(-59.5,0.,20.));
#10671 = DIRECTION('',(1.,0.,-0.));
#10672 = DIRECTION('',(0.,0.,1.));
#10673 = PLANE('',#10674);
#10674 = AXIS2_PLACEMENT_3D('',#10675,#10676,#10677);
#10675 = CARTESIAN_POINT('',(-59.5,0.,20.));
#10676 = DIRECTION('',(1.,0.,0.));
#10677 = DIRECTION('',(0.,0.,1.));
#10678 = ADVANCED_FACE('',(#10679),#10690,.F.);
#10679 = FACE_BOUND('',#10680,.F.);
#10680 = EDGE_LOOP('',(#10681,#10687,#10688,#10689));
#10681 = ORIENTED_EDGE('',*,*,#10682,.T.);
#10682 = EDGE_CURVE('',#10666,#10445,#10683,.T.);
#10683 = LINE('',#10684,#10685);
#10684 = CARTESIAN_POINT('',(-65.5,4.40872847693E-15,38.));
#10685 = VECTOR('',#10686,1.);
#10686 = DIRECTION('',(1.,0.,0.));
#10687 = ORIENTED_EDGE('',*,*,#10444,.F.);
#10688 = ORIENTED_EDGE('',*,*,#10682,.F.);
#10689 = ORIENTED_EDGE('',*,*,#10665,.T.);
#10690 = CYLINDRICAL_SURFACE('',#10691,18.);
#10691 = AXIS2_PLACEMENT_3D('',#10692,#10693,#10694);
#10692 = CARTESIAN_POINT('',(-65.5,0.,20.));
#10693 = DIRECTION('',(1.,0.,0.));
#10694 = DIRECTION('',(0.,0.,1.));
#10695 = ADVANCED_FACE('',(#10696),#10702,.F.);
#10696 = FACE_BOUND('',#10697,.F.);
#10697 = EDGE_LOOP('',(#10698,#10699,#10700,#10701));
#10698 = ORIENTED_EDGE('',*,*,#10535,.F.);
#10699 = ORIENTED_EDGE('',*,*,#10552,.T.);
#10700 = ORIENTED_EDGE('',*,*,#10487,.T.);
#10701 = ORIENTED_EDGE('',*,*,#10511,.F.);
#10702 = PLANE('',#10703);
#10703 = AXIS2_PLACEMENT_3D('',#10704,#10705,#10706);
#10704 = CARTESIAN_POINT('',(-55.,-22.5,8.));
#10705 = DIRECTION('',(0.,1.,0.));
#10706 = DIRECTION('',(0.,0.,1.));
#10707 = ADVANCED_FACE('',(#10708),#10714,.T.);
#10708 = FACE_BOUND('',#10709,.T.);
#10709 = EDGE_LOOP('',(#10710,#10711,#10712,#10713));
#10710 = ORIENTED_EDGE('',*,*,#10629,.F.);
#10711 = ORIENTED_EDGE('',*,*,#10646,.T.);
#10712 = ORIENTED_EDGE('',*,*,#10574,.T.);
#10713 = ORIENTED_EDGE('',*,*,#10598,.F.);
#10714 = PLANE('',#10715);
#10715 = AXIS2_PLACEMENT_3D('',#10716,#10717,#10718);
#10716 = CARTESIAN_POINT('',(-55.,22.5,8.));
#10717 = DIRECTION('',(0.,1.,0.));
#10718 = DIRECTION('',(0.,0.,1.));
#10719 = MANIFOLD_SOLID_BREP('',#10720);
#10720 = CLOSED_SHELL('',(#10721,#10754,#10774,#10794,#10819,#10844,
    #10864,#10873,#10898,#10918,#10943));
#10721 = ADVANCED_FACE('',(#10722),#10749,.T.);
#10722 = FACE_BOUND('',#10723,.T.);
#10723 = EDGE_LOOP('',(#10724,#10733,#10741,#10748));
#10724 = ORIENTED_EDGE('',*,*,#10725,.F.);
#10725 = EDGE_CURVE('',#10726,#10726,#10728,.T.);
#10726 = VERTEX_POINT('',#10727);
#10727 = CARTESIAN_POINT('',(-40.,3.061616997868E-15,32.5));
#10728 = CIRCLE('',#10729,12.5);
#10729 = AXIS2_PLACEMENT_3D('',#10730,#10731,#10732);
#10730 = CARTESIAN_POINT('',(-40.,0.,20.));
#10731 = DIRECTION('',(1.,0.,-0.));
#10732 = DIRECTION('',(0.,0.,1.));
#10733 = ORIENTED_EDGE('',*,*,#10734,.F.);
#10734 = EDGE_CURVE('',#10735,#10726,#10737,.T.);
#10735 = VERTEX_POINT('',#10736);
#10736 = CARTESIAN_POINT('',(-52.,3.061616997868E-15,32.5));
#10737 = LINE('',#10738,#10739);
#10738 = CARTESIAN_POINT('',(-52.,3.061616997868E-15,32.5));
#10739 = VECTOR('',#10740,1.);
#10740 = DIRECTION('',(1.,0.,0.));
#10741 = ORIENTED_EDGE('',*,*,#10742,.T.);
#10742 = EDGE_CURVE('',#10735,#10735,#10743,.T.);
#10743 = CIRCLE('',#10744,12.5);
#10744 = AXIS2_PLACEMENT_3D('',#10745,#10746,#10747);
#10745 = CARTESIAN_POINT('',(-52.,0.,20.));
#10746 = DIRECTION('',(1.,0.,-0.));
#10747 = DIRECTION('',(0.,0.,1.));
#10748 = ORIENTED_EDGE('',*,*,#10734,.T.);
#10749 = CYLINDRICAL_SURFACE('',#10750,12.5);
#10750 = AXIS2_PLACEMENT_3D('',#10751,#10752,#10753);
#10751 = CARTESIAN_POINT('',(-52.,0.,20.));
#10752 = DIRECTION('',(1.,0.,0.));
#10753 = DIRECTION('',(0.,0.,1.));
#10754 = ADVANCED_FACE('',(#10755,#10758),#10769,.T.);
#10755 = FACE_BOUND('',#10756,.T.);
#10756 = EDGE_LOOP('',(#10757));
#10757 = ORIENTED_EDGE('',*,*,#10725,.T.);
#10758 = FACE_BOUND('',#10759,.T.);
#10759 = EDGE_LOOP('',(#10760));
#10760 = ORIENTED_EDGE('',*,*,#10761,.F.);
#10761 = EDGE_CURVE('',#10762,#10762,#10764,.T.);
#10762 = VERTEX_POINT('',#10763);
#10763 = CARTESIAN_POINT('',(-40.,2.939152317954E-15,32.));
#10764 = CIRCLE('',#10765,12.);
#10765 = AXIS2_PLACEMENT_3D('',#10766,#10767,#10768);
#10766 = CARTESIAN_POINT('',(-40.,0.,20.));
#10767 = DIRECTION('',(1.,0.,-0.));
#10768 = DIRECTION('',(0.,0.,1.));
#10769 = PLANE('',#10770);
#10770 = AXIS2_PLACEMENT_3D('',#10771,#10772,#10773);
#10771 = CARTESIAN_POINT('',(-40.,0.,20.));
#10772 = DIRECTION('',(1.,0.,0.));
#10773 = DIRECTION('',(0.,0.,1.));
#10774 = ADVANCED_FACE('',(#10775,#10778),#10789,.F.);
#10775 = FACE_BOUND('',#10776,.F.);
#10776 = EDGE_LOOP('',(#10777));
#10777 = ORIENTED_EDGE('',*,*,#10742,.T.);
#10778 = FACE_BOUND('',#10779,.F.);
#10779 = EDGE_LOOP('',(#10780));
#10780 = ORIENTED_EDGE('',*,*,#10781,.F.);
#10781 = EDGE_CURVE('',#10782,#10782,#10784,.T.);
#10782 = VERTEX_POINT('',#10783);
#10783 = CARTESIAN_POINT('',(-52.,7.776507174586E-16,23.175));
#10784 = CIRCLE('',#10785,3.175);
#10785 = AXIS2_PLACEMENT_3D('',#10786,#10787,#10788);
#10786 = CARTESIAN_POINT('',(-52.,0.,20.));
#10787 = DIRECTION('',(1.,0.,-0.));
#10788 = DIRECTION('',(0.,0.,1.));
#10789 = PLANE('',#10790);
#10790 = AXIS2_PLACEMENT_3D('',#10791,#10792,#10793);
#10791 = CARTESIAN_POINT('',(-52.,0.,20.));
#10792 = DIRECTION('',(1.,0.,0.));
#10793 = DIRECTION('',(0.,0.,1.));
#10794 = ADVANCED_FACE('',(#10795),#10814,.T.);
#10795 = FACE_BOUND('',#10796,.T.);
#10796 = EDGE_LOOP('',(#10797,#10806,#10812,#10813));
#10797 = ORIENTED_EDGE('',*,*,#10798,.F.);
#10798 = EDGE_CURVE('',#10799,#10799,#10801,.T.);
#10799 = VERTEX_POINT('',#10800);
#10800 = CARTESIAN_POINT('',(-34.,2.939152317954E-15,32.));
#10801 = CIRCLE('',#10802,12.);
#10802 = AXIS2_PLACEMENT_3D('',#10803,#10804,#10805);
#10803 = CARTESIAN_POINT('',(-34.,0.,20.));
#10804 = DIRECTION('',(1.,0.,-0.));
#10805 = DIRECTION('',(0.,0.,1.));
#10806 = ORIENTED_EDGE('',*,*,#10807,.F.);
#10807 = EDGE_CURVE('',#10762,#10799,#10808,.T.);
#10808 = LINE('',#10809,#10810);
#10809 = CARTESIAN_POINT('',(-40.,2.939152317954E-15,32.));
#10810 = VECTOR('',#10811,1.);
#10811 = DIRECTION('',(1.,0.,0.));
#10812 = ORIENTED_EDGE('',*,*,#10761,.T.);
#10813 = ORIENTED_EDGE('',*,*,#10807,.T.);
#10814 = CYLINDRICAL_SURFACE('',#10815,12.);
#10815 = AXIS2_PLACEMENT_3D('',#10816,#10817,#10818);
#10816 = CARTESIAN_POINT('',(-40.,0.,20.));
#10817 = DIRECTION('',(1.,0.,0.));
#10818 = DIRECTION('',(0.,0.,1.));
#10819 = ADVANCED_FACE('',(#10820),#10839,.F.);
#10820 = FACE_BOUND('',#10821,.F.);
#10821 = EDGE_LOOP('',(#10822,#10830,#10837,#10838));
#10822 = ORIENTED_EDGE('',*,*,#10823,.T.);
#10823 = EDGE_CURVE('',#10782,#10824,#10826,.T.);
#10824 = VERTEX_POINT('',#10825);
#10825 = CARTESIAN_POINT('',(-38.,7.776507174586E-16,23.175));
#10826 = LINE('',#10827,#10828);
#10827 = CARTESIAN_POINT('',(-53.,7.776507174586E-16,23.175));
#10828 = VECTOR('',#10829,1.);
#10829 = DIRECTION('',(1.,0.,0.));
#10830 = ORIENTED_EDGE('',*,*,#10831,.F.);
#10831 = EDGE_CURVE('',#10824,#10824,#10832,.T.);
#10832 = CIRCLE('',#10833,3.175);
#10833 = AXIS2_PLACEMENT_3D('',#10834,#10835,#10836);
#10834 = CARTESIAN_POINT('',(-38.,0.,20.));
#10835 = DIRECTION('',(1.,0.,-0.));
#10836 = DIRECTION('',(0.,0.,1.));
#10837 = ORIENTED_EDGE('',*,*,#10823,.F.);
#10838 = ORIENTED_EDGE('',*,*,#10781,.T.);
#10839 = CYLINDRICAL_SURFACE('',#10840,3.175);
#10840 = AXIS2_PLACEMENT_3D('',#10841,#10842,#10843);
#10841 = CARTESIAN_POINT('',(-53.,0.,20.));
#10842 = DIRECTION('',(1.,0.,0.));
#10843 = DIRECTION('',(0.,0.,1.));
#10844 = ADVANCED_FACE('',(#10845,#10856),#10859,.F.);
#10845 = FACE_BOUND('',#10846,.F.);
#10846 = EDGE_LOOP('',(#10847));
#10847 = ORIENTED_EDGE('',*,*,#10848,.T.);
#10848 = EDGE_CURVE('',#10849,#10849,#10851,.T.);
#10849 = VERTEX_POINT('',#10850);
#10850 = CARTESIAN_POINT('',(-34.,3.061616997868E-15,32.5));
#10851 = CIRCLE('',#10852,12.5);
#10852 = AXIS2_PLACEMENT_3D('',#10853,#10854,#10855);
#10853 = CARTESIAN_POINT('',(-34.,0.,20.));
#10854 = DIRECTION('',(1.,0.,-0.));
#10855 = DIRECTION('',(0.,0.,1.));
#10856 = FACE_BOUND('',#10857,.F.);
#10857 = EDGE_LOOP('',(#10858));
#10858 = ORIENTED_EDGE('',*,*,#10798,.F.);
#10859 = PLANE('',#10860);
#10860 = AXIS2_PLACEMENT_3D('',#10861,#10862,#10863);
#10861 = CARTESIAN_POINT('',(-34.,0.,20.));
#10862 = DIRECTION('',(1.,0.,0.));
#10863 = DIRECTION('',(0.,0.,1.));
#10864 = ADVANCED_FACE('',(#10865),#10868,.F.);
#10865 = FACE_BOUND('',#10866,.F.);
#10866 = EDGE_LOOP('',(#10867));
#10867 = ORIENTED_EDGE('',*,*,#10831,.T.);
#10868 = PLANE('',#10869);
#10869 = AXIS2_PLACEMENT_3D('',#10870,#10871,#10872);
#10870 = CARTESIAN_POINT('',(-38.,0.,20.));
#10871 = DIRECTION('',(1.,0.,0.));
#10872 = DIRECTION('',(0.,0.,1.));
#10873 = ADVANCED_FACE('',(#10874),#10893,.T.);
#10874 = FACE_BOUND('',#10875,.T.);
#10875 = EDGE_LOOP('',(#10876,#10885,#10891,#10892));
#10876 = ORIENTED_EDGE('',*,*,#10877,.F.);
#10877 = EDGE_CURVE('',#10878,#10878,#10880,.T.);
#10878 = VERTEX_POINT('',#10879);
#10879 = CARTESIAN_POINT('',(-22.,3.061616997868E-15,32.5));
#10880 = CIRCLE('',#10881,12.5);
#10881 = AXIS2_PLACEMENT_3D('',#10882,#10883,#10884);
#10882 = CARTESIAN_POINT('',(-22.,0.,20.));
#10883 = DIRECTION('',(1.,0.,-0.));
#10884 = DIRECTION('',(0.,0.,1.));
#10885 = ORIENTED_EDGE('',*,*,#10886,.F.);
#10886 = EDGE_CURVE('',#10849,#10878,#10887,.T.);
#10887 = LINE('',#10888,#10889);
#10888 = CARTESIAN_POINT('',(-34.,3.061616997868E-15,32.5));
#10889 = VECTOR('',#10890,1.);
#10890 = DIRECTION('',(1.,0.,0.));
#10891 = ORIENTED_EDGE('',*,*,#10848,.T.);
#10892 = ORIENTED_EDGE('',*,*,#10886,.T.);
#10893 = CYLINDRICAL_SURFACE('',#10894,12.5);
#10894 = AXIS2_PLACEMENT_3D('',#10895,#10896,#10897);
#10895 = CARTESIAN_POINT('',(-34.,0.,20.));
#10896 = DIRECTION('',(1.,0.,0.));
#10897 = DIRECTION('',(0.,0.,1.));
#10898 = ADVANCED_FACE('',(#10899,#10902),#10913,.T.);
#10899 = FACE_BOUND('',#10900,.T.);
#10900 = EDGE_LOOP('',(#10901));
#10901 = ORIENTED_EDGE('',*,*,#10877,.T.);
#10902 = FACE_BOUND('',#10903,.T.);
#10903 = EDGE_LOOP('',(#10904));
#10904 = ORIENTED_EDGE('',*,*,#10905,.F.);
#10905 = EDGE_CURVE('',#10906,#10906,#10908,.T.);
#10906 = VERTEX_POINT('',#10907);
#10907 = CARTESIAN_POINT('',(-22.,9.797174393179E-16,24.));
#10908 = CIRCLE('',#10909,4.);
#10909 = AXIS2_PLACEMENT_3D('',#10910,#10911,#10912);
#10910 = CARTESIAN_POINT('',(-22.,0.,20.));
#10911 = DIRECTION('',(1.,0.,-0.));
#10912 = DIRECTION('',(0.,0.,1.));
#10913 = PLANE('',#10914);
#10914 = AXIS2_PLACEMENT_3D('',#10915,#10916,#10917);
#10915 = CARTESIAN_POINT('',(-22.,0.,20.));
#10916 = DIRECTION('',(1.,0.,0.));
#10917 = DIRECTION('',(0.,0.,1.));
#10918 = ADVANCED_FACE('',(#10919),#10938,.F.);
#10919 = FACE_BOUND('',#10920,.F.);
#10920 = EDGE_LOOP('',(#10921,#10922,#10930,#10937));
#10921 = ORIENTED_EDGE('',*,*,#10905,.F.);
#10922 = ORIENTED_EDGE('',*,*,#10923,.F.);
#10923 = EDGE_CURVE('',#10924,#10906,#10926,.T.);
#10924 = VERTEX_POINT('',#10925);
#10925 = CARTESIAN_POINT('',(-36.,9.797174393179E-16,24.));
#10926 = LINE('',#10927,#10928);
#10927 = CARTESIAN_POINT('',(-36.,9.797174393179E-16,24.));
#10928 = VECTOR('',#10929,1.);
#10929 = DIRECTION('',(1.,0.,0.));
#10930 = ORIENTED_EDGE('',*,*,#10931,.T.);
#10931 = EDGE_CURVE('',#10924,#10924,#10932,.T.);
#10932 = CIRCLE('',#10933,4.);
#10933 = AXIS2_PLACEMENT_3D('',#10934,#10935,#10936);
#10934 = CARTESIAN_POINT('',(-36.,0.,20.));
#10935 = DIRECTION('',(1.,0.,-0.));
#10936 = DIRECTION('',(0.,0.,1.));
#10937 = ORIENTED_EDGE('',*,*,#10923,.T.);
#10938 = CYLINDRICAL_SURFACE('',#10939,4.);
#10939 = AXIS2_PLACEMENT_3D('',#10940,#10941,#10942);
#10940 = CARTESIAN_POINT('',(-36.,0.,20.));
#10941 = DIRECTION('',(1.,0.,0.));
#10942 = DIRECTION('',(0.,0.,1.));
#10943 = ADVANCED_FACE('',(#10944),#10947,.T.);
#10944 = FACE_BOUND('',#10945,.F.);
#10945 = EDGE_LOOP('',(#10946));
#10946 = ORIENTED_EDGE('',*,*,#10931,.F.);
#10947 = PLANE('',#10948);
#10948 = AXIS2_PLACEMENT_3D('',#10949,#10950,#10951);
#10949 = CARTESIAN_POINT('',(-36.,0.,20.));
#10950 = DIRECTION('',(1.,0.,0.));
#10951 = DIRECTION('',(0.,0.,1.));
#10952 = MANIFOLD_SOLID_BREP('',#10953);
#10953 = CLOSED_SHELL('',(#10954,#10994,#11025,#11078,#11140,#11162,
    #11179,#11196,#11215,#11232));
#10954 = ADVANCED_FACE('',(#10955),#10989,.T.);
#10955 = FACE_BOUND('',#10956,.T.);
#10956 = EDGE_LOOP('',(#10957,#10967,#10975,#10983));
#10957 = ORIENTED_EDGE('',*,*,#10958,.F.);
#10958 = EDGE_CURVE('',#10959,#10961,#10963,.T.);
#10959 = VERTEX_POINT('',#10960);
#10960 = CARTESIAN_POINT('',(50.,41.5,12.));
#10961 = VERTEX_POINT('',#10962);
#10962 = CARTESIAN_POINT('',(100.,41.5,12.));
#10963 = LINE('',#10964,#10965);
#10964 = CARTESIAN_POINT('',(50.,41.5,12.));
#10965 = VECTOR('',#10966,1.);
#10966 = DIRECTION('',(1.,0.,0.));
#10967 = ORIENTED_EDGE('',*,*,#10968,.T.);
#10968 = EDGE_CURVE('',#10959,#10969,#10971,.T.);
#10969 = VERTEX_POINT('',#10970);
#10970 = CARTESIAN_POINT('',(50.,41.5,32.));
#10971 = LINE('',#10972,#10973);
#10972 = CARTESIAN_POINT('',(50.,41.5,12.));
#10973 = VECTOR('',#10974,1.);
#10974 = DIRECTION('',(0.,0.,1.));
#10975 = ORIENTED_EDGE('',*,*,#10976,.T.);
#10976 = EDGE_CURVE('',#10969,#10977,#10979,.T.);
#10977 = VERTEX_POINT('',#10978);
#10978 = CARTESIAN_POINT('',(100.,41.5,32.));
#10979 = LINE('',#10980,#10981);
#10980 = CARTESIAN_POINT('',(50.,41.5,32.));
#10981 = VECTOR('',#10982,1.);
#10982 = DIRECTION('',(1.,0.,0.));
#10983 = ORIENTED_EDGE('',*,*,#10984,.F.);
#10984 = EDGE_CURVE('',#10961,#10977,#10985,.T.);
#10985 = LINE('',#10986,#10987);
#10986 = CARTESIAN_POINT('',(100.,41.5,12.));
#10987 = VECTOR('',#10988,1.);
#10988 = DIRECTION('',(0.,0.,1.));
#10989 = PLANE('',#10990);
#10990 = AXIS2_PLACEMENT_3D('',#10991,#10992,#10993);
#10991 = CARTESIAN_POINT('',(50.,41.5,12.));
#10992 = DIRECTION('',(0.,1.,0.));
#10993 = DIRECTION('',(0.,0.,1.));
#10994 = ADVANCED_FACE('',(#10995),#11020,.F.);
#10995 = FACE_BOUND('',#10996,.F.);
#10996 = EDGE_LOOP('',(#10997,#11005,#11013,#11019));
#10997 = ORIENTED_EDGE('',*,*,#10998,.F.);
#10998 = EDGE_CURVE('',#10999,#10959,#11001,.T.);
#10999 = VERTEX_POINT('',#11000);
#11000 = CARTESIAN_POINT('',(50.,40.,12.));
#11001 = LINE('',#11002,#11003);
#11002 = CARTESIAN_POINT('',(50.,40.,12.));
#11003 = VECTOR('',#11004,1.);
#11004 = DIRECTION('',(0.,1.,0.));
#11005 = ORIENTED_EDGE('',*,*,#11006,.T.);
#11006 = EDGE_CURVE('',#10999,#11007,#11009,.T.);
#11007 = VERTEX_POINT('',#11008);
#11008 = CARTESIAN_POINT('',(100.,40.,12.));
#11009 = LINE('',#11010,#11011);
#11010 = CARTESIAN_POINT('',(50.,40.,12.));
#11011 = VECTOR('',#11012,1.);
#11012 = DIRECTION('',(1.,0.,0.));
#11013 = ORIENTED_EDGE('',*,*,#11014,.T.);
#11014 = EDGE_CURVE('',#11007,#10961,#11015,.T.);
#11015 = LINE('',#11016,#11017);
#11016 = CARTESIAN_POINT('',(100.,40.,12.));
#11017 = VECTOR('',#11018,1.);
#11018 = DIRECTION('',(0.,1.,0.));
#11019 = ORIENTED_EDGE('',*,*,#10958,.F.);
#11020 = PLANE('',#11021);
#11021 = AXIS2_PLACEMENT_3D('',#11022,#11023,#11024);
#11022 = CARTESIAN_POINT('',(50.,40.,12.));
#11023 = DIRECTION('',(0.,0.,1.));
#11024 = DIRECTION('',(1.,0.,0.));
#11025 = ADVANCED_FACE('',(#11026,#11051,#11062),#11073,.F.);
#11026 = FACE_BOUND('',#11027,.F.);
#11027 = EDGE_LOOP('',(#11028,#11036,#11037,#11045));
#11028 = ORIENTED_EDGE('',*,*,#11029,.F.);
#11029 = EDGE_CURVE('',#10969,#11030,#11032,.T.);
#11030 = VERTEX_POINT('',#11031);
#11031 = CARTESIAN_POINT('',(50.,58.,32.));
#11032 = LINE('',#11033,#11034);
#11033 = CARTESIAN_POINT('',(50.,40.,32.));
#11034 = VECTOR('',#11035,1.);
#11035 = DIRECTION('',(0.,1.,0.));
#11036 = ORIENTED_EDGE('',*,*,#10976,.T.);
#11037 = ORIENTED_EDGE('',*,*,#11038,.T.);
#11038 = EDGE_CURVE('',#10977,#11039,#11041,.T.);
#11039 = VERTEX_POINT('',#11040);
#11040 = CARTESIAN_POINT('',(100.,58.,32.));
#11041 = LINE('',#11042,#11043);
#11042 = CARTESIAN_POINT('',(100.,40.,32.));
#11043 = VECTOR('',#11044,1.);
#11044 = DIRECTION('',(0.,1.,0.));
#11045 = ORIENTED_EDGE('',*,*,#11046,.F.);
#11046 = EDGE_CURVE('',#11030,#11039,#11047,.T.);
#11047 = LINE('',#11048,#11049);
#11048 = CARTESIAN_POINT('',(50.,58.,32.));
#11049 = VECTOR('',#11050,1.);
#11050 = DIRECTION('',(1.,0.,0.));
#11051 = FACE_BOUND('',#11052,.F.);
#11052 = EDGE_LOOP('',(#11053));
#11053 = ORIENTED_EDGE('',*,*,#11054,.F.);
#11054 = EDGE_CURVE('',#11055,#11055,#11057,.T.);
#11055 = VERTEX_POINT('',#11056);
#11056 = CARTESIAN_POINT('',(69.2,49.5,32.));
#11057 = CIRCLE('',#11058,4.2);
#11058 = AXIS2_PLACEMENT_3D('',#11059,#11060,#11061);
#11059 = CARTESIAN_POINT('',(65.,49.5,32.));
#11060 = DIRECTION('',(0.,0.,1.));
#11061 = DIRECTION('',(1.,0.,0.));
#11062 = FACE_BOUND('',#11063,.F.);
#11063 = EDGE_LOOP('',(#11064));
#11064 = ORIENTED_EDGE('',*,*,#11065,.F.);
#11065 = EDGE_CURVE('',#11066,#11066,#11068,.T.);
#11066 = VERTEX_POINT('',#11067);
#11067 = CARTESIAN_POINT('',(89.2,49.5,32.));
#11068 = CIRCLE('',#11069,4.2);
#11069 = AXIS2_PLACEMENT_3D('',#11070,#11071,#11072);
#11070 = CARTESIAN_POINT('',(85.,49.5,32.));
#11071 = DIRECTION('',(0.,0.,1.));
#11072 = DIRECTION('',(1.,0.,0.));
#11073 = PLANE('',#11074);
#11074 = AXIS2_PLACEMENT_3D('',#11075,#11076,#11077);
#11075 = CARTESIAN_POINT('',(50.,40.,32.));
#11076 = DIRECTION('',(0.,0.,1.));
#11077 = DIRECTION('',(1.,0.,0.));
#11078 = ADVANCED_FACE('',(#11079,#11113,#11124),#11135,.T.);
#11079 = FACE_BOUND('',#11080,.T.);
#11080 = EDGE_LOOP('',(#11081,#11091,#11099,#11107));
#11081 = ORIENTED_EDGE('',*,*,#11082,.F.);
#11082 = EDGE_CURVE('',#11083,#11085,#11087,.T.);
#11083 = VERTEX_POINT('',#11084);
#11084 = CARTESIAN_POINT('',(50.,40.,33.5));
#11085 = VERTEX_POINT('',#11086);
#11086 = CARTESIAN_POINT('',(50.,58.,33.5));
#11087 = LINE('',#11088,#11089);
#11088 = CARTESIAN_POINT('',(50.,40.,33.5));
#11089 = VECTOR('',#11090,1.);
#11090 = DIRECTION('',(0.,1.,0.));
#11091 = ORIENTED_EDGE('',*,*,#11092,.T.);
#11092 = EDGE_CURVE('',#11083,#11093,#11095,.T.);
#11093 = VERTEX_POINT('',#11094);
#11094 = CARTESIAN_POINT('',(100.,40.,33.5));
#11095 = LINE('',#11096,#11097);
#11096 = CARTESIAN_POINT('',(50.,40.,33.5));
#11097 = VECTOR('',#11098,1.);
#11098 = DIRECTION('',(1.,0.,0.));
#11099 = ORIENTED_EDGE('',*,*,#11100,.T.);
#11100 = EDGE_CURVE('',#11093,#11101,#11103,.T.);
#11101 = VERTEX_POINT('',#11102);
#11102 = CARTESIAN_POINT('',(100.,58.,33.5));
#11103 = LINE('',#11104,#11105);
#11104 = CARTESIAN_POINT('',(100.,40.,33.5));
#11105 = VECTOR('',#11106,1.);
#11106 = DIRECTION('',(0.,1.,0.));
#11107 = ORIENTED_EDGE('',*,*,#11108,.F.);
#11108 = EDGE_CURVE('',#11085,#11101,#11109,.T.);
#11109 = LINE('',#11110,#11111);
#11110 = CARTESIAN_POINT('',(50.,58.,33.5));
#11111 = VECTOR('',#11112,1.);
#11112 = DIRECTION('',(1.,0.,0.));
#11113 = FACE_BOUND('',#11114,.T.);
#11114 = EDGE_LOOP('',(#11115));
#11115 = ORIENTED_EDGE('',*,*,#11116,.F.);
#11116 = EDGE_CURVE('',#11117,#11117,#11119,.T.);
#11117 = VERTEX_POINT('',#11118);
#11118 = CARTESIAN_POINT('',(69.2,49.5,33.5));
#11119 = CIRCLE('',#11120,4.2);
#11120 = AXIS2_PLACEMENT_3D('',#11121,#11122,#11123);
#11121 = CARTESIAN_POINT('',(65.,49.5,33.5));
#11122 = DIRECTION('',(0.,0.,1.));
#11123 = DIRECTION('',(1.,0.,0.));
#11124 = FACE_BOUND('',#11125,.T.);
#11125 = EDGE_LOOP('',(#11126));
#11126 = ORIENTED_EDGE('',*,*,#11127,.F.);
#11127 = EDGE_CURVE('',#11128,#11128,#11130,.T.);
#11128 = VERTEX_POINT('',#11129);
#11129 = CARTESIAN_POINT('',(89.2,49.5,33.5));
#11130 = CIRCLE('',#11131,4.2);
#11131 = AXIS2_PLACEMENT_3D('',#11132,#11133,#11134);
#11132 = CARTESIAN_POINT('',(85.,49.5,33.5));
#11133 = DIRECTION('',(0.,0.,1.));
#11134 = DIRECTION('',(1.,0.,0.));
#11135 = PLANE('',#11136);
#11136 = AXIS2_PLACEMENT_3D('',#11137,#11138,#11139);
#11137 = CARTESIAN_POINT('',(50.,40.,33.5));
#11138 = DIRECTION('',(0.,0.,1.));
#11139 = DIRECTION('',(1.,0.,0.));
#11140 = ADVANCED_FACE('',(#11141),#11157,.T.);
#11141 = FACE_BOUND('',#11142,.T.);
#11142 = EDGE_LOOP('',(#11143,#11144,#11150,#11151));
#11143 = ORIENTED_EDGE('',*,*,#11046,.F.);
#11144 = ORIENTED_EDGE('',*,*,#11145,.T.);
#11145 = EDGE_CURVE('',#11030,#11085,#11146,.T.);
#11146 = LINE('',#11147,#11148);
#11147 = CARTESIAN_POINT('',(50.,58.,32.));
#11148 = VECTOR('',#11149,1.);
#11149 = DIRECTION('',(0.,0.,1.));
#11150 = ORIENTED_EDGE('',*,*,#11108,.T.);
#11151 = ORIENTED_EDGE('',*,*,#11152,.F.);
#11152 = EDGE_CURVE('',#11039,#11101,#11153,.T.);
#11153 = LINE('',#11154,#11155);
#11154 = CARTESIAN_POINT('',(100.,58.,32.));
#11155 = VECTOR('',#11156,1.);
#11156 = DIRECTION('',(0.,0.,1.));
#11157 = PLANE('',#11158);
#11158 = AXIS2_PLACEMENT_3D('',#11159,#11160,#11161);
#11159 = CARTESIAN_POINT('',(50.,58.,32.));
#11160 = DIRECTION('',(0.,1.,0.));
#11161 = DIRECTION('',(0.,0.,1.));
#11162 = ADVANCED_FACE('',(#11163),#11174,.F.);
#11163 = FACE_BOUND('',#11164,.F.);
#11164 = EDGE_LOOP('',(#11165,#11166,#11172,#11173));
#11165 = ORIENTED_EDGE('',*,*,#11116,.F.);
#11166 = ORIENTED_EDGE('',*,*,#11167,.F.);
#11167 = EDGE_CURVE('',#11055,#11117,#11168,.T.);
#11168 = LINE('',#11169,#11170);
#11169 = CARTESIAN_POINT('',(69.2,49.5,30.));
#11170 = VECTOR('',#11171,1.);
#11171 = DIRECTION('',(0.,0.,1.));
#11172 = ORIENTED_EDGE('',*,*,#11054,.T.);
#11173 = ORIENTED_EDGE('',*,*,#11167,.T.);
#11174 = CYLINDRICAL_SURFACE('',#11175,4.2);
#11175 = AXIS2_PLACEMENT_3D('',#11176,#11177,#11178);
#11176 = CARTESIAN_POINT('',(65.,49.5,30.));
#11177 = DIRECTION('',(0.,0.,1.));
#11178 = DIRECTION('',(1.,0.,0.));
#11179 = ADVANCED_FACE('',(#11180),#11191,.F.);
#11180 = FACE_BOUND('',#11181,.F.);
#11181 = EDGE_LOOP('',(#11182,#11183,#11189,#11190));
#11182 = ORIENTED_EDGE('',*,*,#11127,.F.);
#11183 = ORIENTED_EDGE('',*,*,#11184,.F.);
#11184 = EDGE_CURVE('',#11066,#11128,#11185,.T.);
#11185 = LINE('',#11186,#11187);
#11186 = CARTESIAN_POINT('',(89.2,49.5,30.));
#11187 = VECTOR('',#11188,1.);
#11188 = DIRECTION('',(0.,0.,1.));
#11189 = ORIENTED_EDGE('',*,*,#11065,.T.);
#11190 = ORIENTED_EDGE('',*,*,#11184,.T.);
#11191 = CYLINDRICAL_SURFACE('',#11192,4.2);
#11192 = AXIS2_PLACEMENT_3D('',#11193,#11194,#11195);
#11193 = CARTESIAN_POINT('',(85.,49.5,30.));
#11194 = DIRECTION('',(0.,0.,1.));
#11195 = DIRECTION('',(1.,0.,0.));
#11196 = ADVANCED_FACE('',(#11197),#11210,.T.);
#11197 = FACE_BOUND('',#11198,.T.);
#11198 = EDGE_LOOP('',(#11199,#11205,#11206,#11207,#11208,#11209));
#11199 = ORIENTED_EDGE('',*,*,#11200,.T.);
#11200 = EDGE_CURVE('',#10999,#11083,#11201,.T.);
#11201 = LINE('',#11202,#11203);
#11202 = CARTESIAN_POINT('',(50.,40.,12.));
#11203 = VECTOR('',#11204,1.);
#11204 = DIRECTION('',(0.,0.,1.));
#11205 = ORIENTED_EDGE('',*,*,#11082,.T.);
#11206 = ORIENTED_EDGE('',*,*,#11145,.F.);
#11207 = ORIENTED_EDGE('',*,*,#11029,.F.);
#11208 = ORIENTED_EDGE('',*,*,#10968,.F.);
#11209 = ORIENTED_EDGE('',*,*,#10998,.F.);
#11210 = PLANE('',#11211);
#11211 = AXIS2_PLACEMENT_3D('',#11212,#11213,#11214);
#11212 = CARTESIAN_POINT('',(50.,44.822784810127,26.927215189873));
#11213 = DIRECTION('',(-1.,-0.,-0.));
#11214 = DIRECTION('',(0.,0.,-1.));
#11215 = ADVANCED_FACE('',(#11216),#11227,.T.);
#11216 = FACE_BOUND('',#11217,.T.);
#11217 = EDGE_LOOP('',(#11218,#11219,#11225,#11226));
#11218 = ORIENTED_EDGE('',*,*,#11006,.T.);
#11219 = ORIENTED_EDGE('',*,*,#11220,.T.);
#11220 = EDGE_CURVE('',#11007,#11093,#11221,.T.);
#11221 = LINE('',#11222,#11223);
#11222 = CARTESIAN_POINT('',(100.,40.,12.));
#11223 = VECTOR('',#11224,1.);
#11224 = DIRECTION('',(0.,0.,1.));
#11225 = ORIENTED_EDGE('',*,*,#11092,.F.);
#11226 = ORIENTED_EDGE('',*,*,#11200,.F.);
#11227 = PLANE('',#11228);
#11228 = AXIS2_PLACEMENT_3D('',#11229,#11230,#11231);
#11229 = CARTESIAN_POINT('',(75.,40.,22.75));
#11230 = DIRECTION('',(-0.,-1.,-0.));
#11231 = DIRECTION('',(0.,0.,-1.));
#11232 = ADVANCED_FACE('',(#11233),#11241,.T.);
#11233 = FACE_BOUND('',#11234,.T.);
#11234 = EDGE_LOOP('',(#11235,#11236,#11237,#11238,#11239,#11240));
#11235 = ORIENTED_EDGE('',*,*,#11220,.F.);
#11236 = ORIENTED_EDGE('',*,*,#11014,.T.);
#11237 = ORIENTED_EDGE('',*,*,#10984,.T.);
#11238 = ORIENTED_EDGE('',*,*,#11038,.T.);
#11239 = ORIENTED_EDGE('',*,*,#11152,.T.);
#11240 = ORIENTED_EDGE('',*,*,#11100,.F.);
#11241 = PLANE('',#11242);
#11242 = AXIS2_PLACEMENT_3D('',#11243,#11244,#11245);
#11243 = CARTESIAN_POINT('',(100.,44.822784810127,26.927215189873));
#11244 = DIRECTION('',(1.,0.,0.));
#11245 = DIRECTION('',(0.,0.,1.));
#11246 = MANIFOLD_SOLID_BREP('',#11247);
#11247 = CLOSED_SHELL('',(#11248,#11288,#11328,#11350,#11372,#11384));
#11248 = ADVANCED_FACE('',(#11249),#11283,.F.);
#11249 = FACE_BOUND('',#11250,.F.);
#11250 = EDGE_LOOP('',(#11251,#11261,#11269,#11277));
#11251 = ORIENTED_EDGE('',*,*,#11252,.F.);
#11252 = EDGE_CURVE('',#11253,#11255,#11257,.T.);
#11253 = VERTEX_POINT('',#11254);
#11254 = CARTESIAN_POINT('',(65.,43.,40.5));
#11255 = VERTEX_POINT('',#11256);
#11256 = CARTESIAN_POINT('',(65.,43.,42.));
#11257 = LINE('',#11258,#11259);
#11258 = CARTESIAN_POINT('',(65.,43.,40.5));
#11259 = VECTOR('',#11260,1.);
#11260 = DIRECTION('',(0.,0.,1.));
#11261 = ORIENTED_EDGE('',*,*,#11262,.T.);
#11262 = EDGE_CURVE('',#11253,#11263,#11265,.T.);
#11263 = VERTEX_POINT('',#11264);
#11264 = CARTESIAN_POINT('',(65.,49.,40.5));
#11265 = LINE('',#11266,#11267);
#11266 = CARTESIAN_POINT('',(65.,43.,40.5));
#11267 = VECTOR('',#11268,1.);
#11268 = DIRECTION('',(0.,1.,0.));
#11269 = ORIENTED_EDGE('',*,*,#11270,.T.);
#11270 = EDGE_CURVE('',#11263,#11271,#11273,.T.);
#11271 = VERTEX_POINT('',#11272);
#11272 = CARTESIAN_POINT('',(65.,49.,42.));
#11273 = LINE('',#11274,#11275);
#11274 = CARTESIAN_POINT('',(65.,49.,40.5));
#11275 = VECTOR('',#11276,1.);
#11276 = DIRECTION('',(0.,0.,1.));
#11277 = ORIENTED_EDGE('',*,*,#11278,.F.);
#11278 = EDGE_CURVE('',#11255,#11271,#11279,.T.);
#11279 = LINE('',#11280,#11281);
#11280 = CARTESIAN_POINT('',(65.,43.,42.));
#11281 = VECTOR('',#11282,1.);
#11282 = DIRECTION('',(0.,1.,0.));
#11283 = PLANE('',#11284);
#11284 = AXIS2_PLACEMENT_3D('',#11285,#11286,#11287);
#11285 = CARTESIAN_POINT('',(65.,43.,40.5));
#11286 = DIRECTION('',(1.,0.,0.));
#11287 = DIRECTION('',(0.,0.,1.));
#11288 = ADVANCED_FACE('',(#11289),#11323,.T.);
#11289 = FACE_BOUND('',#11290,.T.);
#11290 = EDGE_LOOP('',(#11291,#11301,#11309,#11317));
#11291 = ORIENTED_EDGE('',*,*,#11292,.F.);
#11292 = EDGE_CURVE('',#11293,#11295,#11297,.T.);
#11293 = VERTEX_POINT('',#11294);
#11294 = CARTESIAN_POINT('',(85.,43.,40.5));
#11295 = VERTEX_POINT('',#11296);
#11296 = CARTESIAN_POINT('',(85.,43.,42.));
#11297 = LINE('',#11298,#11299);
#11298 = CARTESIAN_POINT('',(85.,43.,40.5));
#11299 = VECTOR('',#11300,1.);
#11300 = DIRECTION('',(0.,0.,1.));
#11301 = ORIENTED_EDGE('',*,*,#11302,.T.);
#11302 = EDGE_CURVE('',#11293,#11303,#11305,.T.);
#11303 = VERTEX_POINT('',#11304);
#11304 = CARTESIAN_POINT('',(85.,49.,40.5));
#11305 = LINE('',#11306,#11307);
#11306 = CARTESIAN_POINT('',(85.,43.,40.5));
#11307 = VECTOR('',#11308,1.);
#11308 = DIRECTION('',(0.,1.,0.));
#11309 = ORIENTED_EDGE('',*,*,#11310,.T.);
#11310 = EDGE_CURVE('',#11303,#11311,#11313,.T.);
#11311 = VERTEX_POINT('',#11312);
#11312 = CARTESIAN_POINT('',(85.,49.,42.));
#11313 = LINE('',#11314,#11315);
#11314 = CARTESIAN_POINT('',(85.,49.,40.5));
#11315 = VECTOR('',#11316,1.);
#11316 = DIRECTION('',(0.,0.,1.));
#11317 = ORIENTED_EDGE('',*,*,#11318,.F.);
#11318 = EDGE_CURVE('',#11295,#11311,#11319,.T.);
#11319 = LINE('',#11320,#11321);
#11320 = CARTESIAN_POINT('',(85.,43.,42.));
#11321 = VECTOR('',#11322,1.);
#11322 = DIRECTION('',(0.,1.,0.));
#11323 = PLANE('',#11324);
#11324 = AXIS2_PLACEMENT_3D('',#11325,#11326,#11327);
#11325 = CARTESIAN_POINT('',(85.,43.,40.5));
#11326 = DIRECTION('',(1.,0.,0.));
#11327 = DIRECTION('',(0.,0.,1.));
#11328 = ADVANCED_FACE('',(#11329),#11345,.F.);
#11329 = FACE_BOUND('',#11330,.F.);
#11330 = EDGE_LOOP('',(#11331,#11337,#11338,#11344));
#11331 = ORIENTED_EDGE('',*,*,#11332,.F.);
#11332 = EDGE_CURVE('',#11253,#11293,#11333,.T.);
#11333 = LINE('',#11334,#11335);
#11334 = CARTESIAN_POINT('',(65.,43.,40.5));
#11335 = VECTOR('',#11336,1.);
#11336 = DIRECTION('',(1.,0.,0.));
#11337 = ORIENTED_EDGE('',*,*,#11252,.T.);
#11338 = ORIENTED_EDGE('',*,*,#11339,.T.);
#11339 = EDGE_CURVE('',#11255,#11295,#11340,.T.);
#11340 = LINE('',#11341,#11342);
#11341 = CARTESIAN_POINT('',(65.,43.,42.));
#11342 = VECTOR('',#11343,1.);
#11343 = DIRECTION('',(1.,0.,0.));
#11344 = ORIENTED_EDGE('',*,*,#11292,.F.);
#11345 = PLANE('',#11346);
#11346 = AXIS2_PLACEMENT_3D('',#11347,#11348,#11349);
#11347 = CARTESIAN_POINT('',(65.,43.,40.5));
#11348 = DIRECTION('',(0.,1.,0.));
#11349 = DIRECTION('',(0.,0.,1.));
#11350 = ADVANCED_FACE('',(#11351),#11367,.T.);
#11351 = FACE_BOUND('',#11352,.T.);
#11352 = EDGE_LOOP('',(#11353,#11359,#11360,#11366));
#11353 = ORIENTED_EDGE('',*,*,#11354,.F.);
#11354 = EDGE_CURVE('',#11263,#11303,#11355,.T.);
#11355 = LINE('',#11356,#11357);
#11356 = CARTESIAN_POINT('',(65.,49.,40.5));
#11357 = VECTOR('',#11358,1.);
#11358 = DIRECTION('',(1.,0.,0.));
#11359 = ORIENTED_EDGE('',*,*,#11270,.T.);
#11360 = ORIENTED_EDGE('',*,*,#11361,.T.);
#11361 = EDGE_CURVE('',#11271,#11311,#11362,.T.);
#11362 = LINE('',#11363,#11364);
#11363 = CARTESIAN_POINT('',(65.,49.,42.));
#11364 = VECTOR('',#11365,1.);
#11365 = DIRECTION('',(1.,0.,0.));
#11366 = ORIENTED_EDGE('',*,*,#11310,.F.);
#11367 = PLANE('',#11368);
#11368 = AXIS2_PLACEMENT_3D('',#11369,#11370,#11371);
#11369 = CARTESIAN_POINT('',(65.,49.,40.5));
#11370 = DIRECTION('',(0.,1.,0.));
#11371 = DIRECTION('',(0.,0.,1.));
#11372 = ADVANCED_FACE('',(#11373),#11379,.F.);
#11373 = FACE_BOUND('',#11374,.F.);
#11374 = EDGE_LOOP('',(#11375,#11376,#11377,#11378));
#11375 = ORIENTED_EDGE('',*,*,#11262,.F.);
#11376 = ORIENTED_EDGE('',*,*,#11332,.T.);
#11377 = ORIENTED_EDGE('',*,*,#11302,.T.);
#11378 = ORIENTED_EDGE('',*,*,#11354,.F.);
#11379 = PLANE('',#11380);
#11380 = AXIS2_PLACEMENT_3D('',#11381,#11382,#11383);
#11381 = CARTESIAN_POINT('',(65.,43.,40.5));
#11382 = DIRECTION('',(0.,0.,1.));
#11383 = DIRECTION('',(1.,0.,0.));
#11384 = ADVANCED_FACE('',(#11385),#11391,.T.);
#11385 = FACE_BOUND('',#11386,.T.);
#11386 = EDGE_LOOP('',(#11387,#11388,#11389,#11390));
#11387 = ORIENTED_EDGE('',*,*,#11278,.F.);
#11388 = ORIENTED_EDGE('',*,*,#11339,.T.);
#11389 = ORIENTED_EDGE('',*,*,#11318,.T.);
#11390 = ORIENTED_EDGE('',*,*,#11361,.F.);
#11391 = PLANE('',#11392);
#11392 = AXIS2_PLACEMENT_3D('',#11393,#11394,#11395);
#11393 = CARTESIAN_POINT('',(65.,43.,42.));
#11394 = DIRECTION('',(0.,0.,1.));
#11395 = DIRECTION('',(1.,0.,0.));
#11396 = ( GEOMETRIC_REPRESENTATION_CONTEXT(3) 
GLOBAL_UNCERTAINTY_ASSIGNED_CONTEXT((#11400)) 
GLOBAL_UNIT_ASSIGNED_CONTEXT((#11397,#11398,#11399)) 
REPRESENTATION_CONTEXT('Context #1',
  '3D Context with UNIT and UNCERTAINTY') );
#11397 = ( LENGTH_UNIT() NAMED_UNIT(*) SI_UNIT(.MILLI.,.METRE.) );
#11398 = ( NAMED_UNIT(*) PLANE_ANGLE_UNIT() SI_UNIT($,.RADIAN.) );
#11399 = ( NAMED_UNIT(*) SI_UNIT($,.STERADIAN.) SOLID_ANGLE_UNIT() );
#11400 = UNCERTAINTY_MEASURE_WITH_UNIT(LENGTH_MEASURE(1.E-07),#11397,
  'distance_accuracy_value','confusion accuracy');
#11401 = PRODUCT_RELATED_PRODUCT_CATEGORY('part',$,(#7));
ENDSEC;
END-ISO-10303-21;
